stage,textbook_index,exam_tags,level,CEFR,主題,english_word,KK音標,中譯,例句,翻譯,例句2,翻譯2,例句3,翻譯3,例句4,翻譯4,例句5,翻譯5,Year_1,Part_1,Source_1,詞性,詞形變化,搭配詞,同義字,反義字,易混淆字,字首,字尾,字根,意思,例子,videoUrl
高中,三民-B2-U1,,L4,B1,,transportation,[ˏtrænspɚ`teʃən],交通運輸(系統),"Common forms of public transportation in Taiwan include buses, trains, and the HSR. They allow people to travel from place to place conveniently.",臺灣常見的大眾交通運輸包含公車、火車和高鐵。它們讓人們可以便利地來往各地。,,,,,,,,,,,,(n.),,,"transfer, transport, transit",,,,,,,,
高中,三民-B2-U1,,L3,B1,,transport,[ˏtræns`port],運輸，運送,"Shortly after the serious car accident, the old woman with a broken leg was transported to the nearest hospital.",這場嚴重的車禍發生不久，這位腳骨折的老婦人就被運送至最近的醫院。,,,,,,,,,,,,(v.),,,"delight, channel, carry, transfer",,,"trans- (across, beyond (跨越))",,port (to carry (攜帶)),,,
高中,三民-B2-U1,,L2,A2,,project,[`prɑdʒɛkt],專案，計畫,The scientists hired by the government are working on a project to reduce pollution in the river.,這些受政府雇用的科學家正致力於一項降低河川汙染的計畫。,,,,,,,,,,,,(n.),v.過去式：projected；過去分詞：projected；現在分詞：projecting | n.複數：projects,work on/carry out/set up a project,"cast, fancy, see, figure",,,,,,,,
高中,三民-B2-U1,,,,,subway,[`sʌbˏwe],地鐵,"To avoid getting stuck in traffic, Lillian took the subway instead of driving.",為避免被困在車陣中，Lillian搭乘了地鐵而非開車。,,,,,,,,,,,,(n.),,take/ride the subway,,,,,,,,,
高中,三民-B2-U1,,L2,B1,,system,[`sɪstəm],系統,"The central air conditioning system is broken, and the whole building is extremely hot.",現在中央空調系統故障，整棟大樓都非常地熱。,,,,,,,,,,,,(n.),n.複數：systems,,"organization, unit",,,,,,,,
高中,三民-B2-U1,,L2,B1,,system,[`sɪstəm],方式，制度,The country just introduced a new healthcare system that aims to help poor people receive better medical treatment.,該國家剛引進一套新的醫療保健制度，目的在幫助窮人獲得更好的醫療照護。,,,,,,,,,,,,(n.),n.複數：systems,introduce/create/develop a system,"organization, unit",,,,,,,,
高中,三民-B2-U1,,L5,,,explore,[ɪk`splor],探索，勘探,The sailors explored the island carefully for the buried treasure marked on the map.,水手們小心翼翼地探索這座島嶼，為的就是標示在地圖上埋藏的寶藏。,,,,,,,,,,,,(v.),v.過去式：explored；過去分詞：explored；現在分詞：exploring,explore something (for something),,,,,,,,,
高中,三民-B2-U1,,L5,,,explore,[ɪk`splor],探究，探討,The owner began to explore the possibility of opening another restaurant since his first one was very successful.,這位業者開始探究開設另一間餐廳的可能性，因為第一間餐廳十分成功。,,,,,,,,,,,,,,,,,,,,,,,
高中,三民-B2-U1,,,,,exploration,[ˏɛksplə`reʃən],探索，探究,It is impossible to make a full exploration of the universe.,想要探索全宇宙是不可能的。,,,,,,,,,,,,(n.),,an exploration of something,,,,,,,,,
高中,三民-B2-U1,,L2,A2,,century,[`sɛntʃərɪ],世紀,The Wright brothers made history when they invented the first aircraft in the early 20th century.,萊特兄弟在二十世紀初發明了第一架飛機，締造了歷史。,,,,,,,,,,,,(n.),n.複數：centuries,the early/mid/late . . . century,hundred,,,,,cent (hundred (百)),,,
高中,三民-B2-U1,,L3,B2,,trace,[tres],追溯，追查起因,The origin of life on Earth can be traced back to the ocean more than three billion years ago.,地球上生命的起源可追溯至三十億多年前的海洋。,,,,,,,,,,,,(v.),,trace something (back) to something,"draw, line, touch, outline",,,,,,,,
高中,三民-B2-U1,,L3,B2,,trace,[tres],找到，查出,"Although Mr. Gray’s son had been missing for more than two years, he never gave up hope of tracing his location.",縱使Gray先生的兒子已失蹤兩年多了，他仍不放棄找出兒子下落的希望。,,,,,,,,,,,,(v.),,,"draw, line, touch, outline",,,,,,,,
高中,三民-B2-U1,,L3,B2,,trace,[tres],蹤跡，痕跡,The smart fox broke loose from the trap and escaped without leaving a trace. It would be hard to catch it again in the big forest.,這隻聰明的狐狸從陷阱中掙脫沒留下一絲蹤跡。想要再從這一大片森林裡抓到牠可不容易。,,,,,,,,,,,,(n.),,,"draw, line, touch, outline",,,,,,,,
高中,三民-B2-U1,,L3,B2,,unique,[ju`nik],獨特的，與眾不同的,"Each person has his or her own unique fingerprints, and therefore
they can be used to identify criminals.",每個人都有其獨特的指紋，因此它們可以被用來辨識罪犯。,,,,,,,,,,,,(adj.),,,"singular, alone",,,,,,,,
高中,三民-B2-U1,,L3,B1,,attitude,[`ætətjud],態度，看法,Kyle needs to take a more serious attitude toward studying if he wishes to improve his grades.,這位前總統參與國慶日慶典，以展現他對國家的熱愛。,,,,,,,,,,,,(n.),n.複數：attitudes,an attitude toward/to . . .,"position, posture",,,,,,,,
高中,三民-B2-U1,,L2,A2,,guide,[gaɪd],導遊，嚮導,"The lake is located deep in the mountains, and travelers may get lost without a guide.",這座湖位處深山，若沒有導遊相伴，旅客可能會迷路。,,,,,,,,,,,,(n.),,,"conduct, lead, direct, head",,,,,,,,
高中,三民-B2-U1,,L2,A2,,guide,[gaɪd],給…領路，指引,The staff used a flashlight to guide the audience to their seats in the dark theater.,工作人員用手電筒指引觀眾在黑暗的戲院裡入座。,,,,,,,,,,,,(v.),,guide someone to/through something,"conduct, lead, direct, head",,,,,,,,
高中,三民-B2-U1,,L2,A2,,jam,[dʒæm],使擠滿，使動彈不得,The fancy all-you-can-eat restaurant is always jammed with diners on weekends.,這間豪華的吃到飽餐廳在週末總是擠滿了用餐人潮。,,,,,,,,,,,,(v.),,be jammed (up) with . . .,"crush, block, hole, press",free,,,,,,,
高中,三民-B2-U1,,L2,A2,,jam,[dʒæm],堵塞，擁擠,A serious car accident late at night caused a long traffic jam on the highway.,深夜一場嚴重的車禍造成了路上交通堵塞。,,,,,,,,,,,,(n.),,,"crush, block, hole, press",free,,,,,,,
高中,三民-B2-U1,,L3,B1,,tunnel,[`tʌnḷ],隧道，地道,"Thanks to the Hsuehshan Tunnel, traveling between Taipei and Yilan has become much easier and faster.",幸虧有雪山隧道，往返臺北和宜蘭已變得容易和快速許多。,,,,,,,,,,,,(n.),,,,,,,,,,,
高中,三民-B2-U1,,L3,,,drip,[drɪp],滴下，滴落,The tap needs to be repaired. It keeps dripping.,這水龍頭需要修理。它一直在滴水。,,,,,,,,,,,,(v.),,,,,,,,,,,
高中,三民-B2-U1,,L3,,,drip,[drɪp],水滴，滴液,William collected the drips of the strange liquid in the test tube to find out what it really was.,從試管中收集了幾滴奇怪的液體來查明它到底是什麼。,,,,,,,,,,,,(n.),,,,,,,,,,,
高中,三民-B2-U1,,L2,B2,,propose,[prə`poz],提議，建議,Some student groups proposed lowering the voting age from twenty to eighteen to allow more young people to vote.,有些學生團體提議將投票年齡從二十歲降低至十八歲來讓更多年輕人投票。,,,,,,,,,,,,(v.),v.過去式：proposed；過去分詞：proposed；現在分詞：proposing,propose doing something,"project, purpose, advise, suggest",,,,,,,,
高中,三民-B2-U1,,L4,B2,,proposal,[prə`pozḷ],提案，計畫,"The government accepted a proposal to build a sports center, so the villagers could have a place to exercise.",政府接受了一項興建運動中心的提案，來讓村民們有地方可以運動。,,,,,,,,,,,,(n.),n.複數：proposals,accept/reject a proposal,,,,,-al² (noun) (act/result; process (行為／結果；過程)),,,,
高中,三民-B2-U1,,L2,B1,,mile,[maɪl],英里,"We’re running out of fuel, but the nearest gas station is twenty miles away.",我們的燃料快用盡了，但最近的加油站還有20英里遠。,,,,,,,,,,,,(n.),n.複數：miles,,knot,,,,,,,,
高中,三民-B2-U1,,,,,construction,[kən`strʌkʃən],建設，建造,"The new department store is under construction, and it is scheduled to be completed by next September.",這家新的百貨公司正在建造中，預計於明年九月完工。,,,,,,,,,,,,(n.),,under construction,,,,,,,,,
高中,三民-B2-U1,,L4,B2,,construct,[kən`strʌkt],建造，構築,"Since Northern Europe is rich in wood resources, many buildings there are constructed of wood rather than bricks.",由於北歐富含木材資源，在那裡許多建築物都是由木頭建造而非磚瓦。,,,,,,,,,,,,(v.),v.過去式：constructed；過去分詞：constructed；現在分詞：constructing | n.複數：constructs,construct something of/from/in something,"expression, twist, structure, building",,,,,struct (to build (建造)),,,
高中,三民-B2-U1,,L2,B1,,accept,[ək`sɛpt],接受,"I accepted Cynthia’s offer to pay for my movie ticket, and I treated her to a tub of popcorn in return.",我接受了Cynthia替我付電影票錢的提議，並請她一桶爆米花作為回報。,,,,,,,,,,,,(v.),v.過去式：accepted；過去分詞：accepted；現在分詞：accepting,accept an offer/invitation,"have, take, admit, consent","decline, reject, refuse",except,,,"cap/cept (take, hold (拿、持有))",,,
高中,三民-B2-U1,,L3,B1,,acceptable,[ək`sɛptəbḷ],可以接受的,It is acceptable for students in this school to wear makeup and choose their hairstyles.,在這所學校，學生化妝和自由選擇髮型是可被接受的。,,,,,,,,,,,,(adj.),adj.比較級：more acceptable；最高級：most acceptable,be acceptable (for someone) to do something,"good, standard, fit, satisfactory",,,,,,,,
高中,三民-B2-U1,,L3,B2,,horn,[hɔrn],(車輛的) 喇叭,"As soon as the traffic light turned green, the impatient driver sounded his horn to get the car ahead to move.",當紅綠燈一變成綠燈，那位不耐煩的駕駛便按喇叭叫前方的車子移動。,,,,,,,,,,,,(n.),n.複數：horns,sound/blow/honk one’s horn,trumpet,,,,,,,,
高中,三民-B2-U1,,L2,B1,,track,[træk],鐵軌，軌道,The workers are replacing the tracks of the railroad which were badly damaged during the earthquake.,工人們正在更換在地震期間鐵路上嚴重受損的軌道。,,,,,,,,,,,,(n.),,,"lead, cover, cross, course",,,,,,,,
高中,三民-B2-U1,,L2,B1,,track,[træk],小徑，小道,The hunter followed the deer through a track in the forest and waited for a chance to shoot it down.,這名獵人跟隨著鹿越過一條森林小徑，並等待機會射殺牠。,,,,,,,,,,,,(n.),,,"lead, cover, cross, course",,,,,,,,
高中,三民-B2-U1,,L2,B1,,track,[træk],追蹤，跟蹤,An escaped prisoner who had been on the run for two months was finally tracked down by the police.,一名已潛逃兩個月的犯人終於受警方追緝到案。,,,,,,,,,,,,(v.),,,"lead, cover, cross, course",,,,,,,,
高中,三民-B2-U1,,L6,C2,,revive,[rɪ`vaɪv],使復甦，使復原,The city council hopes to revive the old market by adding new shops and events.,市議會希望透過增加新商店和活動來振興舊市場。,,,,,,,,,,,,(v.),v.過去式：revived；過去分詞：revived；現在分詞：reviving,,animate,,,,,,,,
高中,三民-B2-U1,,,,,New York City,[`nju ˏjɔrk `sɪtɪ],紐約市,Many tourists dream of visiting New York City to see Times Square and the Statue of Liberty.,許多遊客夢想造訪紐約市，去看看時代廣場和自由女神像。,,,,,,,,,,,,(n.),,,,,,,,,,,
高中,三民-B2-U1,,,,,Cincinnati,[ˏsɪnsə`nætɪ],辛辛那提市,"Cincinnati is a major city in Ohio, known for its beautiful riverfront and historic architecture.",辛辛那提是俄亥俄州的一個主要城市，以其美麗的河濱和歷史建築而聞名。,,,,,,,,,,,,(n.),,,,,,,,,,,
高中,三民-B2-U1,,,,,Cincinnatian,[ˏsɪnsə`nætɪən],辛辛那提人,"As a proud Cincinnatian, she enjoys cheering for the local baseball team every season.",作為一個驕傲的辛辛那提人，她每個賽季都喜歡為當地棒球隊加油。,,,,,,,,,,,,(n.),,,,,,,,,,,
高中,三民-B2-U1,,L4,B1,,option,[`ɑpʃən],選擇,Students have the option to choose between several elective courses next semester.,學生下學期有幾門選修課可以選擇。,,,,,,,,,,,,(n.),n.複數：options,,"alternative, choice",,,,,,,,
高中,三民-B2-U1,,,,,rush hour,[`rʌʃ ˏaᴜr],交通尖峰時間,It's best to avoid driving through the city center during rush hour to save time.,為了節省時間，最好避開在交通尖峰時間開車經過市中心。,,,,,,,,,,,,(n.),,,,,,,,,,,
高中,三民-B2-U1,,L5,,,commuter,[kə`mjutɚ],通勤者,Many commuters prefer taking the train instead of driving to work to avoid traffic jams.,許多通勤者喜歡搭火車而不是開車上班，以避免塞車。,,,,,,,,,,,,(n.),n.複數：commuters,,,,,,,,,,
高中,三民-B2-U1,,L5,C1,,commute,[kə`mjut],通勤,He has to commute for over an hour every day to get to his office in the city.,他每天必須通勤一個多小時才能到達市區的辦公室。,,,,,,,,,,,,(v.),v.過去式：commuted；過去分詞：commuted；現在分詞：commuting | n.複數：commutes,,"convert, change, exchange",,,,,,,,
高中,三民-B2-U1,,,,,streetcar,[`stritkɑr],路面電車,The new streetcar line makes it much easier for people to travel around the downtown area.,新的路面電車線讓大家在市區周圍旅行更加方便。,,,,,,,,,,,,(n.),,,,,,,,,,,
高中,三民-B2-U1,,L5,A1,,tick,[tɪk],(鐘錶的) 滴答聲,"In the quiet room, the only sound she could hear was the soft tick of the old grandfather clock.",在安靜的房間裡，她唯一能聽到的聲音是那座老爺鐘輕柔的滴答聲。,,,,,,,,,,,,(n.),,,"beat, click",,,,,,,,
高中,三民-B2-U1,,,,,graffiti,[grə`fiti],(尤指在公共場所的牆上等處的) 塗鴉，圖畫,"Some people consider graffiti a form of art, while others see it as vandalism on public property.",有些人認為塗鴉是一種藝術形式，而另一些人則將其視為對公共財產的破壞。,,,,,,,,,,,,(n.),,,,,,,,,,,
高中,三民-B2-U1,,L4,B2,,inflation,[ɪn`fleʃən],通貨膨脹,"Due to inflation, the price of everyday goods has increased significantly over the past year.",由於通貨膨脹，日常用品的價格在過去一年中顯著上漲。,,,,,,,,,,,,(n.),,,,,,,,,,,
高中,三民-B2-U1,,L5,C1,,mode,[mod],方式,"Choosing the right mode of transportation, like a bike or bus, can save you time and money.",選擇正確的交通方式，例如自行車或公車，可以為你節省時間和金錢。,,,,,,,,,,,,(n.),n.複數：modes,,"style, mood, way, fashion",,,,,,,,
高中,三民-B2-U1,,,,,white elephant,[ˏhwaɪt `ɛləfənt],華而不實的物品,"The new stadium turned out to be a white elephant, as it was rarely used after its grand opening.",新體育場結果變成了一個華而不實的物品，因為它在盛大開幕後很少被使用。,,,,,,,,,,,,(n.),,,,,,,,,,,
高中,三民-B2-U1,,,,,frozen in time,,凝藏於時光中,Emma’ childhood bedroom seems frozen in time; her parents have kept it the same since she went to college twenty years ago.,Emma的房間似乎凝藏於時光中；她的父母自她二十年前去讀大學後就一直將它保持原樣。,,,,,,,,,,,,(phr.),,,,,,,,,,,
高中,三民-B2-U1,,,,,ups and downs,,盛衰，起落,"Life is a journey filled with ups and downs, but every challenge makes us stronger.",生命是趟充滿起落的旅程，但每個挑戰都讓我們更為堅強。,,,,,,,,,,,,(phr.),,,,,,,,,,,
高中,三民-B2-U1,,,,,boiling hot,,炙熱的，炎熱的,"Because the power was out all night, we couldn’t fall asleep during the boiling hot summer night.",因為整晚停電，我們在這炎熱的夏天晚上根本無法入睡。,,,,,,,,,,,,(phr.),,,,,,,,,,,
高中,三民-B2-U1,,,,,turn . . . into . .,,使…變得，使…成為,Rumor has it that the unused subway station will be turned into a museum.,有傳言稱這閒置的地鐵站將要改建成博物館。,,,,,,,,,,,,(phr.),,,,,,,,,,,
高中,三民-B2-U1,,,,,look for . . .,,努力尋找…,Mr. and Mrs. Wu have been looking for a bigger apartment since their third child was born.,自從吳先生和吳太太的第三個孩子出生，他們就一直努力在尋找一間更大的公寓。,,,,,,,,,,,,(phr.),,,,,,,,,,,
高中,三民-B2-U1,,,,,follow in one’s footsteps,,效法某人,"Doctor Wang expects her son to follow in her footsteps. However, he is determined to be a singer.",王醫生期盼她的兒子能效法她也成為一位醫生。然而，他下定決心成為一名歌手。,,,,,,,,,,,,(phr.),,,,,,,,,,,
高中,三民-B2-U1,,,,,pull the plug,,終止，制止 (某事),My father’s company pulled the plug on providing free coffee and snacks for its employees because of budget cuts.,我父親的公司終止提供員工免費的咖啡和點心，因為要節省預算。,,,,,,,,,,,,(phr.),,,,,,,,,,,
高中,三民-B2-U1,,,,,come to an end,,結束,"In the last two minutes before the game came to an end, Alex scored the winning goal, and our school team won the championship.",在比賽結束前的最後兩分鐘，Alex贏得致勝的一分，我們的校隊也贏得了冠軍。,,,,,,,,,,,,(phr.),,,,,,,,,,,
高中,三民-B2-U2,,L2,B2,,conflict,[`kɑnflɪkt],衝突，爭執,The students are in conflict with the teachers because they have different opinions on the new school rule.,這群學生和老師們發生衝突，因為他們對新校規意見相左。,,,,,,,,,,,,(n.),,in conflict (with someone),"dispute, struggle, battle, fight",,,,,,,,
高中,三民-B2-U2,,L2,B2,,conflict,[`kɑnflɪkt],分歧,The company is facing a labor conflict with its employees over wages and benefits.,該公司正面臨與員工之間關於薪資和福利的勞資分歧。,,,,,,,,,,,,(n.),,,"dispute, struggle, battle, fight",,,,,,,,
高中,三民-B2-U2,,L2,B2,,conflict,[kən`flɪkt],衝突，抵觸,"Ryan’s report about the killer conflicted with mine. His report said the killer was a grown man, but mine said the killer was a teenager.",Ryan關於這位兇手的報告與我的相抵觸。他的報告說到這位兇手是一位成年人，但我的報告談到他是一名青少年。,,,,,,,,,,,,(v.),,conflict with something,"dispute, struggle, battle, fight",,,,,,,,
高中,三民-B2-U2,,,,,argument,[`ɑrgjəmənt],爭吵，爭執,I can never win an argument with Alice about art because she knows more about it than I do.,我永遠無法在關於藝術的爭論中贏過Alice，因為她對藝術的了解比我多。,,,,,,,,,,,,(n.),,win/lose an argument,,,,,,,,,
高中,三民-B2-U2,,,,,argue,[`ɑrgjᴜ],爭吵，爭論,"Linda and her husband never argue about money, so they have a happy marriage.",Linda和她的丈夫從不為錢爭吵，所以他們婚姻幸福美滿。,,,,,,,,,,,,(v.),v.過去式：argued；過去分詞：argued；現在分詞：arguing,argue about/over something,,,,,,,,,
高中,三民-B2-U2,,L2,B1,,decision,[dɪ`sɪʒən],決定，判斷,"After Peter asked his parents for their opinions, he made the decision to move out.",在Peter徵求父母的意見後，他決定要搬出去。,,,,,,,,,,,,(n.),n.複數：decisions,make/reach a decision,"determination, conclusion",,,,-sion (state or action (狀態或行動)),,,,
高中,三民-B2-U2,,L2,B2,,debate,[dɪ`bet],辯論，討論,There is a heated debate about the best age to start learning a second language.,關於開始學習第二語言的最佳年齡存在激烈的辯論。,,,,,,,,,,,,(n.),,a heated/fierce debate,"deliberate, contend, consider, fence",,,,,,,,
高中,三民-B2-U2,,L2,B2,,debate,[dɪ`bet],(尤指正式地) 辯論，討論,The teachers have been debating whether students should wear uniforms to school.,老師們不斷地在討論學生是否應該穿著制服上學。,,,,,,,,,,,,(v.),,debate whether/what/how . . .,"deliberate, contend, consider, fence",,,,,,,,
高中,三民-B2-U2,,L2,B1,,handle,[`hændḷ],應付，處理,I believe that Darren can handle the problem very well. Just let him take care of it.,我相信Darren能夠好好地處理這個問題。就讓他來處理吧。,,,,,,,,,,,,(v.),,,"address, work, hold, cover",,,,,,,,
高中,三民-B2-U2,,L2,B1,,handle,[`hændḷ],把手，柄,"Sabrina turned the handle and entered her brother’s room without knocking first, so he got mad at her.",Sabrina沒有先敲門就轉動門把進入她哥哥的房間，所以他對她很生氣。,,,,,,,,,,,,(n.),,turn/pull/push a handle,"address, work, hold, cover",,,,,,,,
高中,三民-B2-U2,,,,,disagreement,[ˏdɪsə`grimənt],意見不合,"After two hours of discussion, the students still have disagreements about the topic of their science project.",經過兩個小時的討論，學生們仍然對他們科學專題的主題意見不合。,,,,,,,,,,,,(n.),,have a disagreement,,,,,,,,,
高中,三民-B2-U2,,,,,disagree,[ˏdɪsə`gri],意見不合,"Jackie was always rude to people who disagreed with her, so she made a lot of enemies.",Jackie總是對那些與她意見不合的人很無理，所以她樹立了很多敵人。,,,,,,,,,,,,(v.),v.過去式：disagreed；過去分詞：disagreed；現在分詞：disagreeing,disagree with someone,,,,,,,,,
高中,三民-B2-U2,,L2,B2,,sensitive,[`sɛnsətɪv],敏感的，需審慎處理的,Politics is a sensitive issue that should be avoided when you talk to someone for the first time.,政治是一個敏感的話題，第一次與人交談時應避免。,,,,,,,,,,,,(adj.),,,"tender, delicate, sensible, sore",,,,-ive (having the quality of; tending to (具有…特質的；傾向於…)),,,,
高中,三民-B2-U2,,L2,B2,,sensitive,[`sɛnsətɪv],體貼的，善解人意的,Wendy is sensitive to other people’s feelings and often helps them with their problems.,Wendy對他人的感受很敏感，並常常幫助他們解決問題。,,,,,,,,,,,,(adj.),,be sensitive to something,"tender, delicate, sensible, sore",,,,-ive (having the quality of; tending to (具有…特質的；傾向於…)),,,,
高中,三民-B2-U2,,L3,B1,,remain,[rɪ`men],保持不變，依然是,Jeff remained in the car while his girlfriend went to get some food at the convenience store.,Jeff留在車裡，而他的女朋友到便利商店添購一些食物。,,,,,,,,,,,,(v.),v.過去式：remained；過去分詞：remained；現在分詞：remaining,remain in/as/with . . .,"persist, rest, stay, continue",change,,,,,,,
高中,三民-B2-U2,,L2,B1,,couple,[`kʌpḷ],夫妻，情侶,The young couple held hands as they walked along the beach.,這對年輕夫妻手牽手沿著海灘散步。,,,,,,,,,,,,(n.),,a young/married/childless couple,"span, mate, brace, match",,,,,,,,
高中,三民-B2-U2,,L2,B1,,couple,[`kʌpḷ],兩個，幾個,"When I was walking on the street, a reporter asked me a couple of questions about recent social events.",我走在街上時，一位記者問了我一些關於近期社會事件的問題。,,,,,,,,,,,,(n.),,a couple of . . .,"span, mate, brace, match",,,,,,,,
高中,三民-B2-U2,,L2,B1,,attempt,[ə`tɛmpt],試圖，嘗試,Charlie attempted to work out the answer to this difficult math problem all by himself.,Charlie試圖獨自找出這道數學難題的解答。,,,,,,,,,,,,(v.),,attempt to do something,"endeavor, effort, undertake, seek",,,,,,,,
高中,三民-B2-U2,,L2,B1,,attempt,[ə`tɛmpt],試圖，嘗試,Calvin made several attempts to make friends at school but never succeeded.,Calvin曾多次嘗試在學校交新朋友，但從未成功。,,,,,,,,,,,,(n.),,make an attempt,"endeavor, effort, undertake, seek",,,,,,,,
高中,三民-B2-U2,,L4,B1,,convince,[kən`vɪns],說服，使相信,The salesperson tried to convince the customers of the safety of his company’s products.,這位銷售人員試圖說服顧客他所屬公司產品的安全性。,,,,,,,,,,,,(v.),v.過去式：convinced；過去分詞：convinced；現在分詞：convincing,convince someone of something,"convert, turn",,,,,,,,
高中,三民-B2-U2,,L4,B1,,defend,[dɪ`fɛnd],捍衛，保護,The lioness defended her cubs against a pack of wild dogs.,母獅捍衛她的幼崽免於一群野狗的攻擊。,,,,,,,,,,,,(v.),v.過去式：defended；過去分詞：defended；現在分詞：defending,defend . . . against/from . . .,"support, champion, hold, represent","attack, prosecute",,,,,,,
高中,三民-B2-U2,,L2,B1,,position,[pə`zɪʃən],立場，態度,The new mayor had a different position on the healthcare system in the city and decided to make some changes to it.,新市長對該市的醫療保健制度持不同的立場，並決定對其進行一些改變。,,,,,,,,,,,,(n.),,a position on something,"set, perspective, view, pose",,,,,,,,
高中,三民-B2-U2,,L2,B1,,position,[pə`zɪʃən],姿勢，位置,The dog jumped onto the sofa and lay down in a comfortable position.,狗狗跳到沙發上並以舒適的姿勢趴下。,,,,,,,,,,,,(n.),,in a . . . position,"set, perspective, view, pose",,,,,,,,
高中,三民-B2-U2,,L3,C1,,spin,[spɪn],導向性的詮釋或描述,"The politician tried to put a positive spin on his policy, yet few people actually believed in him.",這位政治人物試圖以正面的方向詮釋他的政策，但很少人真的買單。,,,,,,,,,,,,(n.),,put a positive/negative spin on something,"twist, tell, recite, narrate",,,,,,,,
高中,三民-B2-U2,,L3,C1,,spin,[spɪn],旋轉,The car went into a spin after it was hit by a truck.,這輛車被卡車擦撞後開始打轉。,,,,,,,,,,,,(n.),,go into a spin,"twist, tell, recite, narrate",,,,,,,,
高中,三民-B2-U2,,L3,C1,,spin,[spɪn],旋轉,The dancer spun around beautifully on the stage.,舞者在舞臺上優美地旋轉。,,,,,,,,,,,,(v.),,spin around,"twist, tell, recite, narrate",,,,,,,,
高中,三民-B2-U2,,L3,B2,,heal,[hil],使癒合，使好轉,"After the civil war, the president worked hard to heal the country.",內戰結束後，該總統努力讓這國家好轉起來。,,,,,,,,,,,,(v.),v.過去式：healed；過去分詞：healed；現在分詞：healing,,"mend, cure",,,,,,,,
高中,三民-B2-U2,,L3,B2,,heal,[hil],(使) 癒合，(使) 痊癒,"Certain foods, such as vegetables, fruit, and milk, are helpful in healing cuts and wounds.",某些食物，如蔬菜、水果和牛奶，有助於治癒割傷和傷口。,,,,,,,,,,,,(v.),v.過去式：healed；過去分詞：healed；現在分詞：healing,,"mend, cure",,,,,,,,
高中,三民-B2-U2,,L2,B2,,division,[də`vɪʒən],分歧，不合,"There was a growing division within the office. Jane believed the project should be conducted one way, while her co-worker thought it should be done another way.",辦公室內的分歧不斷增長。Jane相信這項計畫應該以一種方式執行，而她同事認為應該以另一種方式執行。,,,,,,,,,,,,(n.),n.複數：divisions,division within/between/among something,"part, class, section",,,,,,,,
高中,三民-B2-U2,,L2,B1,,divide,[də`vaɪd],分歧，隔閡,Experts worry that a war will break out between the two countries because of their growing political divide.,專家擔憂兩國可能會因他們日益擴大的政治分歧將來爆發戰爭。,,,,,,,,,,,,(n.),,a political/cultural/racial divide,"part, separate, split, fraction","unite, unify, multiply",,,,,,,
高中,三民-B2-U2,,L2,B1,,divide,[də`vaɪd],使分開,The researchers divided the participants into different age groups.,研究人員將參與者以不同年齡層劃分。,,,,,,,,,,,,(v.),,divide . . . into . . .,"part, separate, split, fraction","unite, unify, multiply",,,,,,,
高中,三民-B2-U2,,L2,A2,,describe,[dɪ`skraɪb],描述，描寫,The main character in the story is described as being tall and handsome.,這則故事的主角被描寫得高挑又英俊。,,,,,,,,,,,,(v.),v.過去式：described；過去分詞：described；現在分詞：describing,describe . . . as (being/having) something,"depict, trace, draw, line",,,,,,,,
高中,三民-B2-U2,,L2,B1,,description,[dɪ`skrɪpʃən],描述，描寫,Julie gave the police a detailed description of the robber so that they could find him more easily.,Julie向警方提供了搶匪的詳細描述，以便他們更容易地找到他。,,,,,,,,,,,,(n.),n.複數：descriptions,a detailed/general/long/short description,,,,,,,,,
高中,三民-B2-U2,,L2,A2,,delay,[dɪ`le],耽擱，延誤,"Because of the typhoon, the ball game is delayed until next week.",由於颱風的關係，球賽延後到下週舉行。,,,,,,,,,,,,(v.),,delay something until something,"hold, stay, detain, detention","rush, hurry",,,,,,,
高中,三民-B2-U2,,L2,A2,,delay,[dɪ`le],耽擱，延誤,Someone has been hurt in the car crash. We have to call an ambulance without delay!,有人在車禍中受傷了。我們必須立刻叫救護車！,,,,,,,,,,,,(n.),,without delay,"hold, stay, detain, detention","rush, hurry",,,,,,,
高中,三民-B2-U2,,,,,judgment,[`dʒʌdʒmənt],評價，判斷,Don’t make any judgments before you find more information about this matter.,在找到更多關於此事的資訊前，不要做出任何評價。,,,,,,,,,,,,(n.),,make/form/express a judgment,,,,,,,,,
高中,三民-B2-U2,,L2,B1,,judge,[dʒʌdʒ],判斷，判定,Sometimes the quality of a book cannot be judged from its sales.,有時一本書的品質不能從它的銷量來判斷。,,,,,,,,,,,,(v.),,judge something from/by something,"gauge, label, pronounce, justice",,,,,,,,
高中,三民-B2-U2,,,,,uncertainty,[ʌn`sɝtṇtɪ],不確定性,There is still a lot of uncertainty about the exact date of the final exam next month.,下個月期末考的確切日期仍然存在很多不確定性。,,,,,,,,,,,,(n.),,,,,,,,,,,
高中,三民-B2-U2,,,,,the European Union,[ðə ˏjᴜrə`piən `junjən],歐洲聯盟,The European Union promotes economic cooperation and peace among its member countries.,歐洲聯盟促進其成員國之間的經濟合作與和平。,,,,,,,,,,,,(n.),,,,,,,,,,,
高中,三民-B2-U2,,L3,B1,,union,[`junjən],聯盟，同盟,The workers decided to form a union to protect their rights and improve working conditions.,工人們決定組成一個工會來保護他們的權利並改善工作條件。,,,,,,,,,,,,(n.),n.複數：unions,,"unification, brotherhood, join, federal",separation,,uni- (one (單一)),,,,,
高中,三民-B2-U2,,,,,Brexit,[`brɛksɪt],英國脫歐,Brexit was a significant event that led to the United Kingdom leaving the European Union in 2020.,英國脫歐是一個重大事件，導致英國於2020年脫離歐洲聯盟。,,,,,,,,,,,,(n.),,,,,,,,,,,
高中,三民-B2-U2,,,,,British,[`brɪtɪʃ],英國 (人) 的,Many people enjoy watching British TV shows and movies because of their unique humor and storytelling.,許多人喜歡看英國電視節目和電影，因為它們獨特的幽默感和敘事方式。,,,,,,,,,,,,(adj.),,,,,,,,,,,
高中,三民-B2-U2,,L6,B2,,breakdown,[`brekˏdaᴜn],破裂，中斷,A breakdown in communication between the two teams caused a delay in completing the project.,兩個團隊之間的溝通中斷導致專案完成延遲。,,,,,,,,,,,,(n.),,,,,,,,,,,
高中,三民-B2-U2,,,,,mindfulness,[`maɪndfəlnɪs],正念認知,Practicing mindfulness can help students reduce stress and improve focus during exams.,練習正念認知可以幫助學生在考試期間減輕壓力並提高專注力。,,,,,,,,,,,,(n.),,,,,,,,,,,
高中,三民-B2-U2,,L4,C1,,resolve,[rɪ`zɑlv],解決 (問題或困難),The two friends decided to sit down and resolve their misunderstanding peacefully.,這兩位朋友決定坐下來，和平地解決他們的誤會。,,,,,,,,,,,,(v.),,,"resolution, purpose, answer, conclude",,,,,,,,
高中,三民-B2-U2,,L4,C1,,mutual,[`mjutʃᴜəl],相互的，彼此的,A strong friendship is often built on mutual trust and understanding between people.,一段堅固的友誼通常建立在人與人之間的相互信任和理解之上。,,,,,,,,,,,,(adj.),,,common,,,,,,,,
高中,三民-B2-U2,,L5,C1,,thrive,[θraɪv],成長，茁壯,Students often thrive in a supportive learning environment where they feel comfortable asking questions.,學生們通常在一個支持性的學習環境中茁壯成長，在那裡他們可以自在地提問。,,,,,,,,,,,,(v.),v.過去式：thrived；過去分詞：thriven；現在分詞：thriving,,"flourish, expand, boom, prosper",,,,,,,,
高中,三民-B2-U2,,L4,B2,,tension,[`tɛnʃən],緊張關係，緊張局勢,There was a lot of tension in the classroom before the final exam results were announced.,在期末考成績公布之前，教室裡瀰漫著一股緊張氣氛。,,,,,,,,,,,,(n.),v.過去式：tensioned；過去分詞：tensioned；現在分詞：tensioning | n.複數：tensions,,stress,,,,-sion (state or action (狀態或行動)),"ten/tend (stretch, hold (伸展、持有))",,,
高中,三民-B2-U2,,,,,tear . . . apart,,拆散…，使…分崩離析,"Growing economic inequality is tearing the country apart, yet the government still hasn’t come up with an effective solution to it.",日益嚴重的經濟不平等正在撕裂這個國家，然而政府仍未提出有效的解決方案。,,,,,,,,,,,,(phr.),,,,,,,,,,,
高中,三民-B2-U2,,,,,shed light on something,,使…較容易理解，闡明,The YouTuber’s videos shed some light on life as a foreigner working and living in Taiwan.,這名YouTuber的影片闡明了外國人在臺灣的工作與生活。,,,,,,,,,,,,(phr.),,,,,,,,,,,
高中,三民-B2-U2,,,,,lose one’s cool,,某人失去冷靜,Karen lost her cool when she found that her boyfriend had been cheating on her.,Karen在發現男友劈腿時，她失去冷靜。,,,,,,,,,,,,(phr.),,,,,,,,,,,
高中,三民-B2-U2,,,,,be like talking to a brick wall,,無法溝通,Sharing my feelings with my father is like talking to a brick wall. He never tries to understand my point of view.,與我父親分享自己的感受時他簡直不可理喻。他從不試圖理解我的觀點。,,,,,,,,,,,,(phr.),,,,,,,,,,,
高中,三民-B2-U2,,,,,as if,,好像，彷彿,Mike acted as if he hadn’t known there would be a birthday party for him just to make us happy.,Mike表現得好像不知道會有為他舉辦的生日派對，好讓我們開心。,,,,,,,,,,,,(phr.),,,,,,,,,,,
高中,三民-B2-U2,,,,,agree to disagree,,同意各自保留不同意見，承認並接受分歧,Ryan and his girlfriend supported different political parties and avoided fights with each other by simply agreeing to disagree.,Ryan和他女朋友支持不同政黨並儘量藉由同意各自保留不同意見來避免之間的紛爭。,,,,,,,,,,,,(phr.),,,,,,,,,,,
高中,三民-B2-U3,,L2,B1,,design,[dɪ`zaɪn],設計,The engineers designed a new online pre-order application to allow customers to order meals before they arrive at the restaurant.,工程師設計了一個新的線上預訂應用程式，讓顧客能在到達餐廳前先點餐。,,,,,,,,,,,,(v.),,design something to do something,"project, conception, purpose, figure",,,,,,,,
高中,三民-B2-U3,,L2,B1,,design,[dɪ`zaɪn],設計,"The design of the jeans was once very fashionable, but nobody wears that kind of clothing anymore.",這款牛仔褲的設計曾經非常新潮，但現在已經沒有人穿這種服裝了。,,,,,,,,,,,,(n.),,,"project, conception, purpose, figure",,,,,,,,
高中,三民-B2-U3,,L5,C1,,perspective,[pɚ`spɛktɪv],觀點，想法,Watching the international news gives us a broader perspective on the political situation in the world.,觀看國際新聞讓我們對全世界的政治局勢有更廣闊的觀點。,,,,,,,,,,,,(n.),,a perspective on something,"position, view",,,,,,,,
高中,三民-B2-U3,,L4,B2,,reflect,[rɪ`flɛkt],深思,Sometimes a failure can be a good chance for a person to reflect on how to improve in the future.,有時失敗可能是讓一個人深思未來如何改進的好機會。,,,,,,,,,,,,(v.),v.過去式：reflected；過去分詞：reflected；現在分詞：reflecting,reflect on/upon something,"contemplate, speculate, shine, meditate",,,,,,,,
高中,三民-B2-U3,,L4,B2,,reflect,[rɪ`flɛkt],反射,The trees and the clouds were clearly reflected in the clear water of the lake.,樹木和雲彩清晰地倒映在清澈的湖水中。,,,,,,,,,,,,(v.),v.過去式：reflected；過去分詞：reflected；現在分詞：reflecting,,"contemplate, speculate, shine, meditate",,,,,,,,
高中,三民-B2-U3,,L4,B2,,artistic,[ɑr`tɪstɪk],藝術的,"The National Palace Museum has a great variety of artistic works, including paintings, calligraphy, and pottery.",故宮博物院有豐富多樣的藝術作品，包括畫作、書法和陶器。,,,,,,,,,,,,(adj.),adj.比較級：more artistic；最高級：most artistic,,aesthetic,,,,-ic (relating to (與…相關的)),,,,
高中,三民-B2-U3,,L2,A2,,artist,[`ɑrtɪst],藝術家,"Vincent van Gogh was not famous during his lifetime, but he became one of the most important artists in art history after his death.",文森．梵谷在生前並不出名，但他在死後成為藝術史上最重要的藝術家之一。,,,,,,,,,,,,(n.),n.複數：artists,,,,,,-ist (person who practices (從事某事者)),,,,
高中,三民-B2-U3,,L4,B1,,sculpture,[`skʌlptʃɚ],雕塑品，雕刻,The statue of David is a world-famous marble sculpture created by Michelangelo in the 16th century.,大衛像是由米開朗基羅於十六世紀創作的舉世聞名的大理石雕像。,,,,,,,,,,,,(n.),,a marble/stone sculpture,grave,,,,,,,,
高中,三民-B2-U3,,L3,,,colorful,[`kʌlɚfəl],色彩繽紛的,"Since male peacocks use their appearance to attract mates, their feathers are more colorful than those of peahens.",由於雄性孔雀用牠們的外表吸引配偶，牠們的羽毛會比雌性孔雀的更加色彩繽紛。,,,,,,,,,,,,(adj.),,,"bright, blue, vivid, black",,,,-ful (full of (充滿…的)),,,,
高中,三民-B2-U3,,L2,B1,,wonder,[`wʌndɚ],疑惑，猜想,"As kids grow older, they start to wonder whether Santa Claus really exists.",隨著孩子年齡增長，他們會開始猜想聖誕老人是否真的存在。,,,,,,,,,,,,(v.),,,"inquire, marvel, curiosity, admiration",,wander,,,,,,
高中,三民-B2-U3,,L2,B1,,wonder,[`wʌndɚ],驚嘆,"At the Taiwan International Balloon Festival, tourists looked in wonder at the hundreds of rising hot air balloons.",在臺灣國際熱氣球節，遊客驚嘆地看著數百個熱氣球升空。,,,,,,,,,,,,(n.),,in wonder,"inquire, marvel, curiosity, admiration",,wander,,,,,,
高中,三民-B2-U3,,L3,B2,,structure,[`strʌktʃɚ],大型建築物,"Beitou Library, a wooden structure, is the first green library building in Taiwan.",北投圖書館為木質結構，是臺灣第一座綠色圖書館建築。,,,,,,,,,,,,(n.),v.過去式：structured；過去分詞：structured；現在分詞：structuring | n.複數：structures,a wooden/stone/brick structure,"architecture, construction",,,,,struct (to build (建造)),,,
高中,三民-B2-U3,,L3,B2,,structure,[`strʌktʃɚ],結構，構造,"To write a well-organized essay, you need to focus on the structure.",要寫出一篇井井有條的文章，你需要專注於文章架構。,,,,,,,,,,,,(n.),v.過去式：structured；過去分詞：structured；現在分詞：structuring | n.複數：structures,,"architecture, construction",,,,,struct (to build (建造)),,,
高中,三民-B2-U3,,L5,C1,,worthy,[`wɝðɪ],值得的,"When it comes to natural disasters that affect Taiwan the most, earthquakes and typhoons are worthy of mention.",談到對臺灣影響最大的天災，地震和颱風是值得一提的。,,,,,,,,,,,,(adj.),n.複數：worthies | adj.比較級：worthier；最高級：worthiest,be worthy of . . .,"good, sacred, noble, valuable",,,,,,,,
高中,三民-B2-U3,,L2,B1,,worth,[wɝθ],值錢的,"Monica is seriously in debt, so she plans to sell her favorite handbag which is worth about NT$45,000.","Monica負債累累，所以她計畫要賣掉自己最喜歡的手提包，價值約新臺幣45,000 元。",,,,,,,,,,,,(adj.),,,,,,,,,,,
高中,三民-B2-U3,,L3,B1,,connect,[kə`nɛkt],聯繫，聯想,"Because the politician is connected to the crime, he will never be able to run for office again.",由於該政治人物與犯罪案件有關，他永遠無法再次參選公職。,,,,,,,,,,,,(v.),v.過去式：connected；過去分詞：connected；現在分詞：connecting,connect . . . to/with . . .,"link, relate, unite, tie",disconnect,,,,,,,
高中,三民-B2-U3,,L3,B1,,connect,[`prɛfərəns],連接，連結,Taoyuan Airport MRT connects Taipei City with the airport. Passengers can take the MRT and quickly travel between Taipei and Taoyuan.,桃園機場捷運連接臺北市與該機場。旅客可搭乘捷運快速往返臺北與桃園。,,,,,,,,,,,,(v.),v.過去式：connected；過去分詞：connected；現在分詞：connecting,,"link, relate, unite, tie",disconnect,,,,,,,
高中,三民-B2-U3,,,,,connection,[kə`nɛkʃən],關聯,Mr. Wang tried to make a connection between school subjects and students’ experiences to get his students more involved in class.,王老師試著將學校科目和學生經驗作關聯，讓學生更融入課程。,,,,,,,,,,,,(n.),,make a connection,,,,,,,,,
高中,三民-B2-U3,,,,,recently,[`risṇtlɪ],近來，最近,Sally Rooney’s latest book was recently published. You can find it among the new arrivals.,Sally Rooney的最新著作近期剛出版。你可以在新到商品中找到它。,,,,,,,,,,,,(adv.),,,,,,,,,,,
高中,三民-B2-U3,,L2,B1,,recent,[`risṇt],最近的,All students have studied hard in recent weeks because there will be a big test next month.,所有的學生最近幾週都努力唸書，因為下個月將有一場大考。,,,,,,,,,,,,(adj.),,in recent weeks/months/years,"new, modern, past, late",,,,,,,,
高中,三民-B2-U3,,L2,B1,,cultural,[`kʌltʃərəl],文化的,"Because of cultural differences, many students who study abroad may find it difficult to fit in.",由於文化差異，許多出國留學的學生可能會感到難以融入。,,,,,,,,,,,,(adj.),,a cultural difference/value/identity,"social, ethnic",,,,,,,,
高中,三民-B2-U3,,L2,B1,,culture,[`kʌltʃɚ],文化,"In European culture, people usually greet their friends with hugs or kisses.",在歐洲文化中，人們通常用擁抱或親吻來問候朋友。,,,,,,,,,,,,(n.),n.複數：cultures,,,,,,,,,,
高中,三民-B2-U3,,L3,B2,,urban,[`ɝbən],城市的,Jack decided to move to an apartment in an urban area because he likes the convenience of the city.,Jack決定搬到市區的一間公寓，因為他喜歡城市的便利性。,,,,,,,,,,,,(adj.),,an urban area,,rural,,,,,,,
高中,三民-B2-U3,,,,,regularly,[`regjələrlɪ],經常地,The government set up traffic lights on the street where accidents happen regularly.,政府在經常發生事故的街道上設置了紅綠燈。,,,,,,,,,,,,(adv.),,,,,,,,,,,
高中,三民-B2-U3,,,,,regularly,[`regjələrlɪ],規律地,"It is good for our health to exercise regularly, so I go jogging five times a week.",規律地運動對我們的健康有益，所以我每週慢跑五次。,,,,,,,,,,,,(adv.),,,,,,,,,,,
高中,三民-B2-U3,,L2,A2,,regular,[`rɛgjəlɚ],規律的，定期的,Our boss holds regular meetings with us to make sure that we are right on target.,我們的老闆與我們舉行定期會議，以確保我們進展順利。,,,,,,,,,,,,(adj.),,,"standard, weak, stock, steady",,,,,,,,
高中,三民-B2-U3,,L3,B1,,relax,[rɪ`læks],放鬆,Many people relax by taking a hot bath after work.,許多人下班後會洗熱水澡來放鬆。,,,,,,,,,,,,(v.),v.過去式：relaxed；過去分詞：relaxed；現在分詞：relaxing,,"loose, loosen","strain, tense",,,,,,,
高中,三民-B2-U3,,L3,B2,,similarity,[ˏsɪmə`lærətɪ],相似處,"The twins have many similarities with each other. They both have fair skin, big eyes, and red hair.",這對雙胞胎有很多相似之處。他們都有白皙的皮膚、大眼睛和紅髮。,,,,,,,,,,,,(n.),n.複數：similarities,a similarity with/to . . .,,,,,,,,,
高中,三民-B2-U3,,L2,B1,,similar,[`sɪməlɚ],相似的,I share clothes and shoes with my sister because we are similar in size.,我和我的姐姐會互穿衣服和鞋子，因為我們的尺寸相似。,,,,,,,,,,,,(adj.),,,"like, alike, correspondent, twin",different,,,,,,,
高中,三民-B2-U3,,L2,B1,,peaceful,[`pisfəl],寧靜的,"Sarah didn’t have to work today, so she spent a peaceful afternoon reading a novel in a quiet café.",Sarah 今天不用上班，所以她在安靜的咖啡館裡看了本小說，度過了一個平靜的下午。,,,,,,,,,,,,(adj.),adj.比較級：more peaceful；最高級：most peaceful,,"calm, orderly, passive, serene",,,,,,,,
高中,三民-B2-U3,,L2,B1,,peaceful,[`pisfəl],和平的,The government is working toward a peaceful solution to the street protests.,政府正尋求一個解決街頭抗議的和平辦法。,,,,,,,,,,,,(adj.),adj.比較級：more peaceful；最高級：most peaceful,,"calm, orderly, passive, serene",,,,,,,,
高中,三民-B2-U3,,L2,B1,,peace,[pis],和平,The purpose of the United Nations is to maintain world peace and develop friendly relations among countries.,聯合國的宗旨是維護世界和平並發展各國間友好的關係。,,,,,,,,,,,,(n.),,,,war,,,,,,,
高中,三民-B2-U3,,,,,escape,[ə`skep],逃避,Many people like to watch soap operas because they are an escape from their daily lives.,許多人喜歡看肥皂劇，因為它們是日常生活的解脫。,,,,,,,,,,,,(n.),,an escape from something,,,,,,,,,
高中,三民-B2-U3,,,,,escape,[ə`skep],逃離,"A rock fell right in front of Oscar while he was hiking. Luckily, he made a narrow escape and wasn’t hurt.",一塊岩石在Oscar健行時掉落到他正前方。幸運的是，他僥倖脫逃沒有受傷。,,,,,,,,,,,,(n.),,,,,,,,,,,
高中,三民-B2-U3,,,,,escape,[ə`skep],逃離,"Last week, a few prisoners escaped from jail, but they were quickly caught by the police.",上週，數名囚犯越獄，但很快就遭警方逮捕。,,,,,,,,,,,,(v.),,escape from . . .,,,,,,,,,
高中,三民-B2-U3,,L2,B1,,cycle,[`saɪkḷ],循環,Farmers plant their crops following the cycle of the four seasons.,農民依照四季的循環種植農作物。,,,,,,,,,,,,(n.),,a cycle of something,"round, rhythm, pedal, wheel",,,,,,,,
高中,三民-B2-U3,,L4,B1,,grave,[grev],墳墓,"Every year, the family visits their grandfather's grave to remember him on his birthday.",每年，這個家庭都會在爺爺生日那天去他的墳墓緬懷他。,,,,,,,,,,,,(n.),,,"solemn, critical, important, heavy",,,,,,,,
高中,三民-B2-U3,,,,,graveyard,[`grevˏjɑrd],墳場,"The ancient church stood silently next to a quiet graveyard filled with old, weathered headstones.",這座古老的教堂靜靜地矗立在一個安靜的墳場旁，裡面滿是飽經風霜的舊墓碑。,,,,,,,,,,,,(n.),,,,,,,,,,,
高中,三民-B2-U3,,L5,B2,,cemetery,[`sɛməˏtɛrɪ],公墓，墓地,The city's oldest cemetery is a peaceful place with many beautiful old trees and statues.,這座城市最古老的公墓是一個寧靜的地方，有許多美麗的老樹和雕像。,,,,,,,,,,,,(n.),n.複數：cemeteries,,,,,,,,,,
高中,三民-B2-U3,,,,,Assistens Cemetery,[ə`sɪstəns `sɛməˏtɛrɪ],安徒生墓園,"Many famous Danish figures, including Hans Christian Andersen, are buried in Assistens Cemetery in Copenhagen.",許多著名的丹麥人物，包括安徒生，都安葬在哥本哈根的安徒生墓園。,,,,,,,,,,,,(n.),,,,,,,,,,,
高中,三民-B2-U3,,,,,Denmark,[`dɛnmɑrk],丹麥,"Denmark is a Scandinavian country famous for its beautiful design, cycling culture, and delicious pastries.",丹麥是一個斯堪地那維亞國家，以其美麗的設計、自行車文化和美味的糕點而聞名。,,,,,,,,,,,,(n.),,,,,,,,,,,
高中,三民-B2-U3,,,,,Dane,[den],丹麥人,"As a proud Dane, she enjoys sharing stories about her country's rich history and traditions.",身為一個驕傲的丹麥人，她喜歡分享關於她國家豐富歷史和傳統的故事。,,,,,,,,,,,,(n.),,,,,,,,,,,
高中,三民-B2-U3,,,,,Danish,[`denɪʃ],丹麥的,"During our trip to Copenhagen, we enjoyed trying many different kinds of delicious Danish pastries.",在我們哥本哈根之旅中，我們很享受嘗試許多不同種類的美味丹麥糕點。,,,,,,,,,,,,(adj.),,,,,,,,,,,
高中,三民-B2-U3,,,,,Cherry Orchard Cemetery,[`tʃɛrɪ `ɔrtʃɚd `sɛməˏtɛrɪ],櫻花陵園,Cherry Orchard Cemetery is known for its beautiful cherry blossoms that bloom wonderfully every spring.,櫻花陵園以其每年春天盛開的美麗櫻花而聞名。,,,,,,,,,,,,(n.),,,,,,,,,,,
高中,三民-B2-U3,,,,,headstone,[`hɛdˏston],墓碑,The old headstone in the cemetery was so weathered that it was difficult to read the name on it.,公墓裡那塊舊墓碑風化得很嚴重，以至於很難看清上面的名字。,,,,,,,,,,,,(n.),,,,,,,,,,,
高中,三民-B2-U3,,,,,fairy tale,[`fɛrɪ tel],童話故事,My little sister loves to read classic fairy tales about princesses and magical kingdoms before bed.,我的小妹妹喜歡在睡前閱讀關於公主和魔法王國的經典童話故事。,,,,,,,,,,,,(n.),,,,,,,,,,,
高中,三民-B2-U3,,L3,,,fairy,[`fɛrɪ],小精靈，小仙子,"In many old stories, a tiny fairy with sparkling wings often grants wishes to kind-hearted people.",在許多古老的故事中，一個有著閃亮翅膀的小精靈常常會實現善良人們的願望。,,,,,,,,,,,,(n.),,,queer,,,,,,,,
高中,三民-B2-U3,,L2,B2,,tale,[tel],故事,The grandmother often told her grandchildren a magical tale about a brave knight and a dragon.,奶奶經常給她的孫子們講一個關於勇敢騎士和龍的魔幻故事。,,,,,,,,,,,,(n.),n.複數：tales,,"narrative, story",,,,,,,,
高中,三民-B2-U3,,,,,Hans Christian Andersen,[hæns `krɪstʃən `ændɚsṇ],安徒生 (知名丹麥童話故事作家),"Hans Christian Andersen is a world-renowned author famous for his timeless fairy tales like ""The Little Mermaid.""",安徒生是一位世界聞名的作家，以其《小美人魚》等永恆的童話故事而聞名。,,,,,,,,,,,,(n.),,,,,,,,,,,
高中,三民-B2-U3,,,,,inspirational,[ˏɪnspə`reʃənḷ],鼓舞人心的,Her speech about never giving up on your dreams was truly inspirational to all the young students.,她關於永不放棄夢想的演講對所有年輕學生來說都非常鼓舞人心。,,,,,,,,,,,,(adj.),,,,,,,,,,,
高中,三民-B2-U3,,L5,B2,,whereas,[hwɛr`æz],然而，儘管,"Some people enjoy exercising outdoors in nature, whereas others prefer to work out at a gym.",有些人喜歡在大自然中戶外運動，然而其他人則更喜歡在健身房鍛鍊。,,,,,,,,,,,,(conj.),,,,,,,,,,,
高中,三民-B2-U3,,,,,change one’s mind,,改變某人的主意,"Scott planned to go to a movie this evening, but he changed his mind and decided to just stay at home.",Scott計畫今晚去看電影，但他改變主意並決定待在家。,,,,,,,,,,,,(phr.),,,,,,,,,,,
高中,三民-B2-U3,,,,,pass away,,去世,Queen Elizabeth passed away in 2022 after she ruled the United Kingdom for more than 70 years.,伊莉莎白女王在統治英國70 多年後於2022 年去世。,,,,,,,,,,,,(phr.),,,,,,,,,,,
高中,三民-B2-U3,,,,,hustle and bustle,,繁忙喧鬧,"It is very convenient to live in a city, but one needs to put up with the hustle and bustle.",生活在城市很方便，但需要忍受繁忙喧鬧。,,,,,,,,,,,,(phr.),,,,,,,,,,,
高中,三民-B2-U3,,,,,all at once,,同時,"In an all-you-can-eat buffet, you can enjoy various dishes all at once.",在吃到飽自助餐中，你可以同時享用各種菜餚。,,,,,,,,,,,,(phr.),,,,,,,,,,,
高中,三民-B2-U3,,,,,as well,,除了…之外還，也,Lady Gaga is a gifted singer as well as an actress.,Lady Gaga除了是位才華洋溢的歌手之外，也是位演員。,,,,,,,,,,,,(phr.),,,,,,,,,,,
高中,三民-B2-U4,,,,,stressful,[`strɛsfəl],緊張的,This stressful and tiring job causes Joanna to suffer from many nights of restless sleep and anxiety.,這份緊張又累人的工作讓Joanna許多晚上輾轉難眠又焦慮。,,,,,,,,,,,,(adj.),,,,,,,,,,,
高中,三民-B2-U4,,L2,B1,,stress,[strɛs],壓力,Those who need to prepare for their entrance exams are under a lot of stress.,那些需要準備升學考試的學生們現在備感壓力。,,,,,,,,,,,,(n.),,under stress,"strain, emphasize, focus, accent",,,,,,,,
高中,三民-B2-U4,,L2,A2,,daily,[`delɪ],每天的，日常的,The mayor promised to construct a new highway so as to improve the citizens’ daily lives.,該市長承諾建造一條新的公路來提升市民每天的需求。,,,,,,,,,,,,(adj.),,someone’s daily life,regular,,,,-ly² (noun→adj.) (noun → adjective（名詞變形容詞）),,,,
高中,三民-B2-U4,,L2,A2,,daily,[`delɪ],每天地,"As a player on the school basketball team, Susie practices daily with her teammates.",身為籃球校隊的選手，Susie每天都和她的隊員練習。,,,,,,,,,,,,(adv.),,,regular,,,,-ly² (noun→adj.) (noun → adjective（名詞變形容詞）),,,,
高中,三民-B2-U4,,L2,B2,,maintain,[men`ten],保持,"Alisha hasn’t met her childhood friends in person for ten years, but she maintains contact with them through social media.",Alisha已經十年沒有親眼見到她兒時的朋友了，但她有透過社群媒體和他們保持聯繫。,,,,,,,,,,,,(v.),v.過去式：maintained；過去分詞：maintained；現在分詞：maintaining,,"assert, sustain, observe, hold",,,,,,,,
高中,三民-B2-U4,,,,,state,[stet],狀況，狀態,"Adam rarely spoke after he returned from the war, and it made his family worry about his mental state.",Adam從戰場回來後就鮮少講話，這讓他的家人擔憂他的心理狀態。,,,,,,,,,,,,(n.),,someone’s mental/emotional state,,,,,,,,,
高中,三民-B2-U4,,,,,state,[stet],陳述，聲明,The letter states that the power will be cut off if the house owner doesn’t pay the bill this week.,這封信上聲明，若屋主不在這禮拜繳清帳單，電源就會被切斷。,,,,,,,,,,,,(v.),v.過去式：stated；過去分詞：stated；現在分詞：stating | n.複數：states,,,,,,,,,,
高中,三民-B2-U4,,,,,statement,[`stetmənt],陳述，聲明,The actor was asked to make a statement about his relationship with his female co-star.,那名演員應要求發布一則聲明，解釋他和其同臺女星的關係。,,,,,,,,,,,,(n.),,a statement about/on . . .,,,,,,,,,
高中,三民-B2-U4,,L4,B2,,psychological,[saɪkə`lɑdʒɪkḷ],心理的,"When Aaron lost his job, the psychological support from his family gave him much comfort.",Aaron失去工作時，家人的心理支持讓他備感安慰。,,,,,,,,,,,,(adj.),,,mental,,,,,,,,
高中,三民-B2-U4,,L2,B2,,factor,[`fæktɚ],要素，因素,"Drunk driving, a dangerous and illegal act, is a major factor in traffic accidents.",酒駕，一項危險又違法的行為，是交通事故的主要因素。,,,,,,,,,,,,(n.),n.複數：factors,a major/key/contributing factor,"component, element, agent, ingredient",,,,,,,,
高中,三民-B2-U4,,L2,B1,,northern,[`nɔrðɚn],北部的，在北方的,The northern part of the country generally has a chilly winter while the southern region remains warm all year round.,該國的北部地區冬季普遍寒冷，而南部地區則常年暖和。,,,,,,,,,,,,(adj.),,,"blue, federal, north, union",southern,,,,,,,
高中,三民-B2-U4,,L2,,,bathe,[beð],沉浸於,Thomas hung out his clothes to dry as the city was bathed in sunlight.,因為整座城市沐浴在陽光下，Thomas掛起了他的衣服晾乾。,,,,,,,,,,,,(v.),v.過去式：bathed；過去分詞：bathed；現在分詞：bathing,bathe something (in something),bath,,,,,,,,
高中,三民-B2-U4,,L2,,,bathe,[beð],洗澡,"Every workday, Sara works out at the gym, bathes, and then goes to work.",每個上班日，Sara都會到健身房運動，洗澡，接著去工作。,,,,,,,,,,,,(v.),v.過去式：bathed；過去分詞：bathed；現在分詞：bathing,,bath,,,,,,,,
高中,三民-B2-U4,,L4,B2,,cope,[kop],應付，處理,Janet works in the customer service department and has to cope with complaints from buyers all day long.,Janet在客服部門上班，必須整天處理買家的抱怨。,,,,,,,,,,,,(v.),v.過去式：coped；過去分詞：coped；現在分詞：coping,cope with . . .,"contend, deal",,,,,,,,
高中,三民-B2-U4,,L3,B1,,ski,[ski],滑雪,"Patricia enjoys various outdoor activities. For example, she surfs in summer and skis in winter.",Patricia喜歡各式各樣的戶外活動。舉例來說，她在夏天時會去衝浪，冬天時會去滑雪。,,,,,,,,,,,,(v.),,,,,,,,,,,
高中,三民-B2-U4,,L2,B2,,seek,[sik],尋求，尋找,"Stephen does not know what major he should choose in college, so he is seeking advice from his homeroom teacher.",Stephen不知道大學應該選什麼主修，所以他正在尋求班導的意見。,,,,,,,,,,,,(v.),v.過去式：sought；過去分詞：sought；現在分詞：seeking,seek advice/help/support,"attempt, try, essay, search",,,,,,,,
高中,三民-B2-U4,,L3,B2,,native,[`netɪv],本國人，本地人,"By speaking Spanish with the locals every day, Emma achieved her goal of sounding like a native of Spain.",藉著每天和當地人講西班牙文，Emma達成了聽起來像西班牙本地人的目標。,,,,,,,,,,,,(n.),,a native of something,"pure, natural, domestic, local",foreign,,,,,,,
高中,三民-B2-U4,,L3,B2,,native,[`netɪv],出生地的，家鄉的,"After five years of working abroad, Vanessa can’t wait to return to her native land.",在海外工作五年後，Vanessa等不及回到她的家鄉。,,,,,,,,,,,,(adj.),,a native land/country/city,"pure, natural, domestic, local",foreign,,,,,,,
高中,三民-B2-U4,,,,,stuck,[stʌk],無法擺脫的，陷入困境的,Sean got stuck in traffic for more than one hour and missed the plane.,Sean被困在車陣中一個多小時且錯過了班機。,,,,,,,,,,,,(adj.),,get stuck in something,,,,,,,,,
高中,三民-B2-U4,,,,,stuck,[stʌk],動不了的，卡住的,The fly got stuck in the spider’s web and was unable to move.,那隻蒼蠅被卡在蜘蛛網上，動彈不得。,,,,,,,,,,,,(adj.),,get stuck in something,,,,,,,,,
高中,三民-B2-U4,,L5,B2,,conduct,[kən`dʌkt],執行，實施,The marketing department conducted a survey to find out what customers think of the new product.,行銷部門實施了一項調查以了解消費者對新產品的看法。,,,,,,,,,,,,(v.),,conduct a(n) survey/review/experiment/test,"convey, lead, direct, channel",,,,,duc/duct (lead (引導)),,,
高中,三民-B2-U4,,L3,B2,,inner,[`ɪnɚ],內心的，內在的,"When Roger made the difficult decision to quit, an inner voice told him to be brave and believe in himself.",當Roger做出離職的困難決定時，內心的一個聲音告訴他要勇敢並相信自己。,,,,,,,,,,,,(adj.),n.複數：inners,,"intimate, exclusive, internal, inside",,,,,,,,
高中,三民-B2-U4,,L3,B2,,inner,[`ɪnɚ],裡面的，接近中心的,"When shopping at the mall, Brad keeps his wallet in the inner pocket of his jacket for fear of pickpockets.",在百貨公司逛街時，Brad把皮夾放在夾克內袋以免遭竊。,,,,,,,,,,,,(adj.),n.複數：inners,,"intimate, exclusive, internal, inside",,,,,,,,
高中,三民-B2-U4,,,,,additionally,[ə`dɪʃənḷɪ],此外，另外,"It was generous of Ian to pay for our meals. Additionally, he left a big tip for the waiter.",Ian為我們付餐費真的非常大方。此外，他還給服務生一大筆小費。,,,,,,,,,,,,(adv.),,,,,,,,,,,
高中,三民-B2-U4,,L3,B2,,additional,[ə`dɪʃənḷ],另外的，額外的,"Frank was interested in the Second World War, so he went to the library to look for additional information after his history class.",Frank對二戰很感興趣，所以他在歷史課下課後到圖書館尋找額外的資訊。,,,,,,,,,,,,(adj.),,,"further, extra, other, another",,,,,,,,
高中,三民-B2-U4,,L4,B2,,expand,[ɪk`spænd],擴充，擴展,The success of the new product enabled Charlotte to expand her company across the country.,新產品的成功讓Charlotte在這國家擴展她的公司版圖。,,,,,,,,,,,,(v.),v.過去式：expanded；過去分詞：expanded；現在分詞：expanding,,"flourish, amplify, elaborate, extend",,,,,,,,
高中,三民-B2-U4,,L3,B2,,enable,[ɪn`ebḷ],使能夠,The High Speed Rail enables commuters to travel from Taichung to Taipei in about an hour.,高鐵使通勤者能夠用一個小時左右的時間從臺中搭往臺北。,,,,,,,,,,,,(v.),v.過去式：enabled；過去分詞：enabled；現在分詞：enabling,,,disable,,"em-, en- (to cause to be (使成為))",,,,,
高中,三民-B2-U4,,L2,B1,,continue,[kən`tɪnjᴜ],繼續,The hikers took a break for lunch and then continued to explore the beautiful forest.,健行的人稍作休息吃午餐後，繼續探索這片美麗的森林。,,,,,,,,,,,,(v.),v.過去式：continued；過去分詞：continued；現在分詞：continuing,,"retain, preserve, keep, proceed","cease, stop, quit",,,,,,,
高中,三民-B2-U4,,,,,resilience,,韌性,"The team showed great resilience after losing the first game, eventually winning the championship.",這支隊伍在輸掉第一場比賽後展現了極大的韌性，最終贏得了冠軍。,,,,,,,,,,,,(n.),,,,,,,,,,,
高中,三民-B2-U4,,,,,resilient,,復原力強的,"Even after facing many challenges, she remained resilient and never gave up on her dreams.",即使面對許多挑戰，她仍然保持堅韌不拔，從未放棄自己的夢想。,,,,,,,,,,,,(adj.),,,,,,,,,,,
高中,三民-B2-U4,,L4,B2,,aspect,,方面,We need to consider every aspect of the project before making a final decision.,在做出最終決定之前，我們需要考慮這個專案的每一個方面。,,,,,,,,,,,,(n.),n.複數：aspects,,"prospect, look, expression, view",,,,,,,,
高中,三民-B2-U4,,L4,B1,,incredible,,令人難以置信的,The view from the top of the mountain was absolutely incredible; I couldn't believe my eyes.,山頂的景色真是令人難以置信；我簡直不敢相信自己的眼睛。,,,,,,,,,,,,(adj.),adj.比較級：more incredible；最高級：most incredible,,"marvelous, fabulous",credible,,,,cred (to believe (相信)),,,
高中,三民-B2-U4,,L4,C1,,hardship,,艱難,"Many people in the world face daily hardship, such as a lack of food and clean water.",世界上許多人每天都面臨艱難，例如缺乏食物和乾淨的飲用水。,,,,,,,,,,,,(n.),n.複數：hardships,,,,,,,,,,
高中,三民-B2-U4,,,,,Tromsø,,特隆瑟 (挪威北部第一大城),"Tromsø, a city in northern Norway, is famous for being a great place to see the Northern Lights.",特隆瑟，挪威北部的一座城市，以其是觀賞北極光的絕佳地點而聞名。,,,,,,,,,,,,(n.),,,,,,,,,,,
高中,三民-B2-U4,,,,,Alaskan,,阿拉斯加人,An Alaskan told us that living in such cold weather requires a lot of preparation and special gear.,一位阿拉斯加人告訴我們，生活在如此寒冷的天氣需要大量的準備和特殊裝備。,,,,,,,,,,,,(n.),,,,,,,,,,,
高中,三民-B2-U4,,,,,Alaska,,阿拉斯加,"Alaska is known for its vast wilderness, stunning glaciers, and diverse wildlife, attracting many tourists.",阿拉斯加以其廣闊的荒野、壯麗的冰川和多樣的野生動物而聞名，吸引了許多遊客。,,,,,,,,,,,,(n.),,,,,,,,,,,
高中,三民-B2-U4,,,,,mindset,,心態,Having a positive mindset can help you overcome challenges and achieve your goals more easily.,擁有積極的心態可以幫助你更容易地克服挑戰並實現目標。,,,,,,,,,,,,(n.),,,,,,,,,,,
高中,三民-B2-U4,,,,,Arctic,,北極的,Scientists are studying how climate change is affecting the unique wildlife in the Arctic region.,科學家正在研究氣候變遷如何影響北極地區獨特的野生動物。,,,,,,,,,,,,(adj.),,,,,,,,,,,
高中,三民-B2-U4,,,,,exemplify,,為…的最佳典範,Her dedication to her studies and excellent grades truly exemplify what a good student should be.,她對學業的投入和優異的成績真正體現了什麼才是一個好學生。,,,,,,,,,,,,(v.),,,,,,,,,,,
高中,三民-B2-U4,,,,,winter blues,,冬季憂鬱症,"To avoid the winter blues, some people try to get more sunlight or engage in outdoor activities.",為了避免冬季憂鬱症，有些人會嘗試多曬太陽或參與戶外活動。,,,,,,,,,,,,(n.),,,,,,,,,,,
高中,三民-B2-U4,,,,,Norway,,挪威,"Norway is famous for its beautiful fjords, stunning natural landscapes, and high quality of life.",挪威以其美麗的峽灣、壯麗的自然景觀和高品質的生活而聞名。,,,,,,,,,,,,(n.),,,,,,,,,,,
高中,三民-B2-U4,,,,,polar night,,極夜，永夜,"During polar night in the Arctic, the sun does not rise above the horizon for several weeks or months.",在北極的極夜期間，太陽在數週或數月內不會升到地平線以上。,,,,,,,,,,,,(n.),,,,,,,,,,,
高中,三民-B2-U4,,L4,B2,,endure,,忍耐,The hikers had to endure extreme cold and strong winds to reach the summit of the snowy mountain.,登山者必須忍受極度嚴寒和強風才能到達雪山的頂峰。,,,,,,,,,,,,(v.),v.過去式：endured；過去分詞：endured；現在分詞：enduring,,"abide, run, prevail, persist",,,,,,,,
高中,三民-B2-U4,,,,,halve,,將…對分,"To make the recipe for two people, you need to halve all the ingredients listed in the cookbook.",要製作兩人份的食譜，你需要將食譜中列出的所有食材減半。,,,,,,,,,,,,(v.),,,,,,,,,,,
高中,三民-B2-U4,,L4,C1,,interaction,,互動,Social interaction with friends and family is important for maintaining good mental health.,與朋友和家人的社交互動對於維持良好的心理健康很重要。,,,,,,,,,,,,(n.),n.複數：interactions,,,,,,,,,,
高中,三民-B2-U4,,,,,growth mindset,,成長心態,Developing a growth mindset helps students believe they can improve their abilities through effort and learning.,培養成長心態有助於學生相信他們可以透過努力和學習來提升自己的能力。,,,,,,,,,,,,(n.),,,,,,,,,,,
高中,三民-B2-U4,,L2,B2,,growth,,成長,Regular exercise and a balanced diet are essential for healthy physical growth during teenage years.,規律運動和均衡飲食對於青少年時期的健康身體成長至關重要。,,,,,,,,,,,,(n.),n.複數：growths,,increase,decrease,,,,,,,
高中,三民-B2-U4,,L6,C1,,setback,,挫折，阻礙,Don't let one small setback discourage you; learn from it and keep working towards your goals.,不要讓一個小小的挫折讓你氣餒；從中學習並繼續努力實現你的目標。,,,,,,,,,,,,(n.),,,"reverse, blow",,,,,,,,
高中,三民-B2-U4,,,,,stand tall,,昂首挺胸，充滿自信,"Although Olivia never got an offer from a modeling company, she stood tall and kept following her dreams.",儘管Olivia從未獲得模特兒公司錄用，她仍充滿自信並持續追逐她的夢想。,,,,,,,,,,,,(phr.),,,,,,,,,,,
高中,三民-B2-U4,,,,,give up,,放棄,"Benjamin tried to play in the tennis match with an injured wrist, but the pain forced him to give up.",Benjamin試著帶著手腕的傷出場網球比賽，但疼痛迫使他放棄。,,,,,,,,,,,,(phr.),,,,,,,,,,,
高中,三民-B2-U4,,,,,tune in to,,調整至,"After overcoming difficulty, Hank will tune in to a positive attitude to face another challenge.",在克服困難後，Hank會調整自己抱持積極的態度，以面對下一個挑戰。,,,,,,,,,,,,(phr.),,,,,,,,,,,
高中,三民-B2-U4,,,,,every cloud has a silver lining,,暗中總有一線光明,"Yvonne broke both legs in a car accident and had to stay in hospital. However, every cloud has a silver lining—she discovered her talent for art during her time off school.",Yvonne在一場車禍中弄斷了雙腿，必須待在醫院治療。然而，黑暗中總有一絲光明，她在不上學的這段期間發覺了自己的美術天賦。,,,,,,,,,,,,(phr.),,,,,,,,,,,
高中,三民-B2-U5,,L2,B1,,truth,[truθ],真相，事實,I trust Anna because she always tells the truth.,我信任Anna，因為她總是說實話。,,,,,,,,,,,,(n.),n.複數：truths,tell/speak/know the truth,accuracy,,,,-th (quality or extent (程度／性質；名詞)),,,,
高中,三民-B2-U5,,L3,,,truthful,[`truθfəl],誠實的，真實的,"From the way Henry avoided eye contact, I knew that he was not being completely truthful with me.",從Henry避開眼神接觸的樣子來看，我知道他對我並不完全誠實。,,,,,,,,,,,,(adj.),adj.比較級：more truthful；最高級：most truthful,,"true, honest, so",,,,,,,,
高中,三民-B2-U5,,,,,actually,[`æktʃᴜəlɪ],事實上，實際上,"The cookies look delicious, but they actually taste very strange.",這些餅乾看起來很好吃，但實際上嚐起來很奇怪。,,,,,,,,,,,,(adv.),,,,,,,,,,,
高中,三民-B2-U5,,L2,B2,,actual,[`æktʃᴜəl],實際的，確切的,"Betty wasn’t sure of her father’s actual shoe size, so she couldn’t buy a pair of shoes for him.",Betty不確定她父親確切的鞋子尺碼，所以她沒辦法買鞋子給他。,,,,,,,,,,,,(adj.),,,"true, effective, genuine, real","potential, possible",,,,,,,
高中,三民-B2-U5,,L2,B1,,spot,[spɑt],注意到，看見,Troy spotted a strange man entering his neighbor’s house through the window.,Troy發現一名陌生男子從窗戶進入他鄰居家。,,,,,,,,,,,,(v.),,spot someone doing something,"point, touch, position, bit",,,,,,,,
高中,三民-B2-U5,,L2,B1,,spot,[spɑt],地點，場所,The balcony at Jeff’s house is a great spot for a tea party.,Jeff家的陽臺是一個辦茶會的好地方。,,,,,,,,,,,,(n.),,a spot for something,"point, touch, position, bit",,,,,,,,
高中,三民-B2-U5,,L3,B1,,conclusion,[kən`kluʒən],結論,"During their family meeting, the Wangs came to the conclusion that they would spend their Chinese New Year holiday abroad this year.",在家庭會議中，王家最後決定今年要到國外過中國新年。,,,,,,,,,,,,(n.),n.複數：conclusions,come to/arrive at/reach/draw a conclusion,"close, determination, last, end",,,,,,,,
高中,三民-B2-U5,,L2,C1,,conclude,[kən`klud],做出…結論，斷定,Olivia concluded from her research that most of her classmates were not aware of the problem of fake news.,Olivia從她的研究中得出結論，她的大多數同學都沒有意識到假新聞的問題。,,,,,,,,,,,,(v.),v.過去式：concluded；過去分詞：concluded；現在分詞：concluding,conclude from something that,"resolve, reason",,,,,,,,
高中,三民-B2-U5,,L3,B2,,appeal,[ə`pil],啟發，打動,The speech appealed to people’s sense of justice and encouraged them to stand up against the unfair treatment of black people.,這場演講喚起了人們的正義感，鼓勵他們挺身而出反對黑人所受的不公平待遇。,,,,,,,,,,,,(v.),,appeal to something,"charm, collection, attract, prayer",,,,,,,,
高中,三民-B2-U5,,L3,B2,,appeal,[ə`pil],呼籲，懇求,The villagers appealed to the government for help after their homes had been seriously damaged by the typhoon.,因颱風造成家園嚴重受損，村民懇求政府施以援手。,,,,,,,,,,,,(v.),,appeal to someone for something,"charm, collection, attract, prayer",,,,,,,,
高中,三民-B2-U5,,L3,B2,,appeal,[ə`pil],呼籲，懇求,Mr. and Mrs. Chen made an urgent appeal for more information to help them find their missing daughter.,陳姓夫婦迫切懇求提供更多資訊，以幫助他們找到失蹤的女兒。,,,,,,,,,,,,(n.),,an appeal for . . .,"charm, collection, attract, prayer",,,,,,,,
高中,三民-B2-U5,,L3,B2,,majority,[mə`dʒɔrətɪ],大多數，大部分,"The majority of my classmates are from the same city, while only two of them are from other cities.",我大多數的同學都來自同一個城市，只有兩個同學來自其他城市。,,,,,,,,,,,,(n.),n.複數：majorities,the majority of . . .,bulk,minority,,,,,,,
高中,三民-B2-U5,,L2,B2,,major,[`medʒɚ],主要的，重大的,One of the major social problems we need to face is the gap between the rich and the poor.,其中一個我們需要面對的重大社會問題是貧富差距。,,,,,,,,,,,,(adj.),,,"great, better, outstanding",minor,,,,,,,
高中,三民-B2-U5,,L4,B2,,commit,[kə`mɪt],犯下 (罪或錯誤),The man who had committed many crimes was finally caught by the police.,犯下眾多罪嫌的男子終於遭警方抓獲。,,,,,,,,,,,,(v.),v.過去式：committed；過去分詞：committed；現在分詞：committing,commit a(n) crime/offense,"charge, give, trust, pull",,,,,,,,
高中,三民-B2-U5,,L4,B2,,guarantee,[ˏgærən`ti],保證，擔保,George believed his excellent performance at work would guarantee him a pay raise.,George相信他在工作上出色的表現將保證他能加薪。,,,,,,,,,,,,(v.),,guarantee someone something,"assure, secure, ensure, undertake",,,,,,,,
高中,三民-B2-U5,,L4,B2,,guarantee,[ˏgærən`ti],承諾，保證,Ivy gave her teacher a guarantee that she would never cheat on any exam again.,Ivy向她的老師保證她再也不會在任何考試中作弊。,,,,,,,,,,,,(n.),,a guarantee that,"assure, secure, ensure, undertake",,,,,,,,
高中,三民-B2-U5,,L5,B2,,opponent,[ə`ponənt],對手，敵手,"Our school basketball team will face their strongest opponent ever in the next game, so they are all practicing harder than before.",我們的籃球校隊將在下一場比賽迎戰有史以來最強的對手，所以他們都比以前更加努力地訓練。,,,,,,,,,,,,(n.),n.複數：opponents,face an opponent,"opposition, hostile, opposite, enemy",,,,,,,,
高中,三民-B2-U5,,L5,B2,,version,[`vɝʒən],版本，樣式,Many players are excited to hear that there will be a new version of this popular game.,許多玩家聽到這款熱門遊戲將有新版本時都很興奮。,,,,,,,,,,,,(n.),n.複數：versions,a version of something,"interpretation, adaptation, variation, translation",,,,,,,,
高中,三民-B2-U5,,L4,B2,,reference,[`rɛfərəns],提及，說到,The author made a reference to the woman he deeply loved at the end of the story.,這位作者在故事的結尾提到了他深愛的女人。,,,,,,,,,,,,(n.),v.過去式：referenced；過去分詞：referenced；現在分詞：referencing | n.複數：references,a reference to . . .,"character, source, cite, extension",,,,,,,,
高中,三民-B2-U5,,L4,,,refer,[rɪ`fɝ],提及，說到,The prize winner referred to her family several times in her acceptance speech.,該名得獎者在得獎感言中多次提及她的家人。,,,,,,,,,,,,(v.),v.過去式：referred；過去分詞：referred；現在分詞：referring,refer to . . .,"concern, touch, name, consult",,,,,,,,
高中,三民-B2-U5,,L2,B1,,account,[ə`kaᴜnt],說明，描述,Tracy gave a detailed account of the accident to help the police catch the suspect.,Tracy詳細講述了事故經過，幫助警方抓獲嫌疑犯。,,,,,,,,,,,,(n.),,give/provide/write an account,"score, report, explanation, history",,,,,,,,
高中,三民-B2-U5,,L2,B1,,account,[ə`kaᴜnt],(銀行、郵局等的) 帳戶,Mike opened a bank account in France because he was about to go study there.,因為Mike即將到法國唸書，所以他在那裡開設了一個銀行帳戶。,,,,,,,,,,,,(n.),,open/close an account,"score, report, explanation, history",,,,,,,,
高中,三民-B2-U5,,L4,B2,,shift,[ʃɪft],轉移，改變 (主意、立場等),"Matilda claims that her article focuses on workers’ rights, but it shifts the emphasis toward environmental problems after the first paragraph.",Matilda聲稱她的文章著重於勞工權利，但在第一段之後，這篇文章就將重點轉向了環境問題。,,,,,,,,,,,,(v.),,shift something to/toward something,"pitch, slip, transformation, stir",,,,,,,,
高中,三民-B2-U5,,L4,B2,,shift,[ʃɪft],移動，改變 (姿勢、路徑等),Ryan shifted uncomfortably on the hotel bed because it was too small for him.,Ryan在飯店床上不舒服地變換姿勢，因為床對他來說太小了。,,,,,,,,,,,,(v.),,,"pitch, slip, transformation, stir",,,,,,,,
高中,三民-B2-U5,,L4,B2,,authority,[ə`θɔrətɪ],權威人士，專家,Professor Kingsley has spent over 50 years studying the behavior of foxes and is regarded as an authority on this topic.,Kingsley教授花了超過五十年的時間研究狐狸的行為，且被公認為該領域的權威。,,,,,,,,,,,,(n.),n.複數：authorities,an authority on something,"agency, confidence, assurance, office",,,,,,,,
高中,三民-B2-U5,,L4,B2,,authority,[ə`θɔrətɪ],權力，權勢,"Although the manager has the authority to make decisions herself,
she always asks her team members for their thoughts.",雖然這位經理有權自行決定，但她總會詢問組內成員的想法。,,,,,,,,,,,,(n.),n.複數：authorities,the authority to do something,"agency, confidence, assurance, office",,,,,,,,
高中,三民-B2-U5,,L4,B2,,relevant,[`rɛləvənt],相關的,"The latest economic news was highly relevant to our company, so we spent a lot of time discussing it in today’s meeting.",最新的財經新聞與我們公司是高度相關的，因此我們在今天的會議中花了很多時間討論。,,,,,,,,,,,,(adj.),,be relevant to . . .,"crucial, material, applicable",,,,,,,,
高中,三民-B2-U5,,L4,B2,,illustrate,[`ɪləstret],(用例子或圖片等) 闡述，說明,The teacher gave several examples to illustrate the concept of democracy.,老師舉了幾個例子來說明民主的概念。,,,,,,,,,,,,(v.),v.過去式：illustrated；過去分詞：illustrated；現在分詞：illustrating,illustrate a concept/point/principle,instance,,,,,,,,
高中,三民-B2-U5,,L4,C1,,illustration,[ˏɪləs`treʃən],插圖，圖示,"With its full-color illustrations, this storybook is fun and easy to read.",附有全彩插圖，這本故事書既有趣又易於閱讀。,,,,,,,,,,,,(n.),n.複數：illustrations,,"representative, instance, example",,,,,,,,
高中,三民-B2-U5,,L2,B1,,technology,[tɛk`nɑlədʒɪ],科技，技術,"Thanks to modern technology, we can enjoy a convenient and comfortable life.",歸功於現代科技，我們得以享受方便、舒適的生活。,,,,,,,,,,,,(n.),n.複數：technologies,modern/advanced/the latest technology,engineering,,,,,,,,
高中,三民-B2-U5,,L4,B2,,technological,[ˏtɛknə`lɑdʒɪkḷ],科技的，技術的,The Internet has brought a lot of technological advances to modern society.,網路已為現代社會帶來許多科技進步。,,,,,,,,,,,,(adj.),,technological advances/change/development,"technical, scientific",,,,,,,,
高中,三民-B2-U5,,L2,B1,,expert,[`ɛkspɝt],專家,Perry is an expert in fashion. I always ask for his advice to keep up with the latest styles.,Perry是一位時尚專家。我總是徵求他的建議以跟上最新的潮流。,,,,,,,,,,,,(n.),,an expert on/in something,"good, skilled, professional, skillful",,,,,,,,
高中,三民-B2-U5,,L2,B1,,therefore,[`ðɛrˏfɔr],因此，所以,"A typhoon is coming. Therefore, we have to cancel the outdoor party.",颱風即將來臨。因此，我們必須取消戶外派對。,,,,,,,,,,,,(adv.),,,"thus, hence",,,,,,,,
高中,三民-B2-U5,,L3,B2,,proof,[pruf],證據，證明,"Will thinks that Mrs. Jones is the killer, but he doesn’t have any proof to confirm his suspicion.",Will認為Jones太太是兇手，但他沒有任何證據能證實他的猜疑。,,,,,,,,,,,,(n.),v.過去式：proofed；過去分詞：proofed；現在分詞：proofing | n.複數：proofs,have/need/provide proof,,,,,,,,,
高中,三民-B2-U5,,L2,B1,,prove,[pruv],證明，證實,Henry moved out to prove his ability to live on his own to his parents.,Henry搬出家中以向他的父母證明他有能力獨立生活。,,,,,,,,,,,,(v.),v.過去式：proved；過去分詞：proven；現在分詞：proving,prove something to someone,"demonstrate, examine, show, rise",,,,,,,,
高中,三民-B2-U5,,L2,B2,,occur,[ə`kɝ],發生,"A traffic accident occurred when Jeff was on his way to school, so he was late for class.",Jeff上學的路上發生了交通事故，所以他上課遲到了。,,,,,,,,,,,,(v.),v.過去式：occurred；過去分詞：occurred；現在分詞：occurring,,"pass, anticipate, come, happen",,,,,,,,
高中,三民-B2-U5,,L3,B1,,accurate,[`ækjərət],準確的，正確的,The food critic tried his best to give an accurate description of every dish in the MICHELIN-starred restaurant.,這位美食評論家盡力對該米其林餐廳的每一道菜進行準確的描述。,,,,,,,,,,,,(adj.),,,"close, right, true, precise",,,,,,,,
高中,三民-B2-U5,,L4,B2,,accuracy,[`ækjərəsɪ],精準，精確,Kane has scored many goals thanks to his great kicking accuracy.,Kane憑藉他出色的踢球精準度得到了很多分。,,,,,,,,,,,,(n.),n.複數：accuracies,,truth,,,,,,,,
高中,三民-B2-U5,,L4,C1,,mislead,[mɪs`lid],使誤信，誤導,Don't let advertisements mislead you into buying things you don't really need.,不要讓廣告誤導你購買你並不需要的東西。,,,,,,,,,,,,(v.),v.過去式：misled；過去分詞：misled；現在分詞：misleading,,,,,,,,,,
高中,三民-B2-U5,,,,,logical fallacy,[`lɑdʒɪkḷ `fæləsɪ],邏輯謬誤,"His argument contained a logical fallacy, which made his conclusion unreliable.",他的論點包含一個邏輯謬誤，這使得他的結論不可靠。,,,,,,,,,,,,(n.),,,,,,,,,,,
高中,三民-B2-U5,,,,,invalid,[ɪn`vælɪd],站不住腳的，無效的,The parking ticket was invalid because the time stamp on it was wrong.,這張停車罰單是無效的，因為上面的時間戳記是錯的。,,,,,,,,,,,,(adj.),,,,,,,,,,,
高中,三民-B2-U5,,L5,B2,,valid,[`vælɪd],合理的，有根據的,You need to provide valid reasons for your absence from school.,你需要為你缺席學校提供合理的理由。,,,,,,,,,,,,(adj.),,,"sound, legitimate, logical, legal",,,,,,,,
高中,三民-B2-U5,,,,,validity,[və`lɪdətɪ],正當，符合邏輯,The teacher questioned the validity of the student's excuse for not doing his homework.,老師質疑學生不做功課的藉口的合理性。,,,,,,,,,,,,(n.),,,,,,,,,,,
高中,三民-B2-U5,,,,,bandwagon,[`bændˏwægən],浪潮，時尚,Many people are jumping on the bandwagon of using AI tools for their studies.,許多人正趕搭使用人工智慧工具學習的潮流。,,,,,,,,,,,,(n.),,,,,,,,,,,
高中,三民-B2-U5,,L4,C1,,tendency,[`tɛndənsɪ],傾向,I have a tendency to procrastinate when I have a lot of assignments to finish.,當我有很多作業要完成時，我傾向於拖延。,,,,,,,,,,,,(n.),n.複數：tendencies,,trend,,,,,,,,
高中,三民-B2-U5,,L3,B2,,tend,[tɛnd],傾向，往往會,Students tend to perform better when they get enough sleep before important exams.,學生在重要考試前如果獲得充足睡眠，往往表現會更好。,,,,,,,,,,,,(v.),v.過去式：tended；過去分詞：tended；現在分詞：tending,,"lean, run, incline",,,,,,,,
高中,三民-B2-U5,,,,,straw man,[ˏstrɔ `mæn],(用以駁倒或引起爭論的) 假想論點，假想主張,He created a straw man argument to easily attack his opponent's position in the debate.,他創造了一個稻草人論點，以便在辯論中輕易攻擊對手的立場。,,,,,,,,,,,,(n.),,,,,,,,,,,
高中,三民-B2-U5,,,,,distort,[dɪs`tɔrt],曲解，扭曲,Some news reports can distort the truth to make a story sound more dramatic.,有些新聞報導可能會扭曲事實，讓故事聽起來更戲劇化。,,,,,,,,,,,,(v.),,,,,,,,,,,
高中,三民-B2-U5,,L5,,,expertise,[ˏɛkspɚ`tiz],專業知識，專門技能,The doctor's expertise in treating rare diseases saved many lives in the hospital.,這位醫生治療罕見疾病的專業知識在醫院裡拯救了許多生命。,,,,,,,,,,,,(n.),,,,,,,,,,,
高中,三民-B2-U5,,,,,ever-present,[ˏɛvɚ `prɛzṇt],始終存在的,The internet has become an ever-present part of our daily lives and studies.,網路已成為我們日常生活和學習中始終存在的一部分。,,,,,,,,,,,,(adj.),,,,,,,,,,,
高中,三民-B2-U5,,L5,C1,,assert,[ə`sɝt],堅稱，斷言,"He continued to assert his innocence, even when faced with strong evidence against him.",即使面對強烈證據，他仍堅稱自己無罪。,,,,,,,,,,,,(v.),v.過去式：asserted；過去分詞：asserted；現在分詞：asserting,,"affirm, maintain, insist, swear",,,,,,,,
高中,三民-B2-U5,,,,,instead of,,反而,Cathy takes a bus instead of driving a car to work because it’s difficult to find a parking space near her company,Cathy搭公車而不是開車去上班，因為在她公司附近很難找到停車位。,,,,,,,,,,,,(phr.),,,,,,,,,,,
高中,三民-B2-U5,,,,,carry weight,,有影響力，有分量,"When it comes to making big decisions in our family, my mother’s opinions carry more weight than my father’s.",我們家在做出重大決定時，我母親的意見比我父親的意見更有分量。,,,,,,,,,,,,(phr.),,,,,,,,,,,
高中,三民-B2-U5,,,,,on one’s radar,,某人知道，某人注意到,Thank you for sharing the information about the new restaurant with me. I’ll keep it on my radar for my next visit to the city.,感謝你與我分享新餐廳的資訊。我會在下次造訪這座城市時特別留意。,,,,,,,,,,,,(phr.),,,,,,,,,,,
高中,三民-B2-U5,,,,,keep/steer/stay clear,,避開 (令人不快或危險的人事物),Teresa always warns her students to keep clear of drugs and violence.,Teresa總是告誡她的學生遠離毒品和暴力。,,,,,,,,,,,,(phr.),,,,,,,,,,,
高中,三民-B2-U5,,,,,rather than,,而不是,Young people these days usually send messages rather than make phone calls when they need to contact someone.,現在的年輕人在需要聯繫他人時通常會發送訊息而不是打電話。,,,,,,,,,,,,(phr.),,,,,,,,,,,
高中,三民-B2-U5,,,,,be on (one’s) guard,,某人提防，某人警戒,"When Dave took his little kid outside, he was always on guard against any possible danger.",Dave在帶他的小孩出門時，他總會警惕任何可能的危險。,,,,,,,,,,,,(phr.),,,,,,,,,,,
高中,三民-B2-U6,,L3,B1,,suffer,[`sʌfɚ],受苦,"With terrible headaches and a serious sore back, the old woman has suffered from poor health for years.",因患有嚴重的頭痛和背痛，這位老婦人已經受健康狀況不佳所苦多年。,,,,,,,,,,,,(v.),v.過去式：suffered；過去分詞：suffered；現在分詞：suffering,suffer from something,"sustain, abide, endure, hurt",,,,,,,,
高中,三民-B2-U6,,L2,B1,,bone,[bon],骨頭,"While the police officer was defending herself against the attackers, she fell down stairs and broke several bones.",在這名警察防衛襲擊者時，她從樓梯上摔下來並摔斷了幾根骨頭。,,,,,,,,,,,,(n.),v.過去式：boned；過去分詞：boned；現在分詞：boning | n.複數：bones,,"cram, pearl, drum, ivory",,,,,,,,
高中,三民-B2-U6,,L5,B2,,donation,[do`neʃən],捐贈，捐獻,It can mean a lot even if you make a small donation to help others.,即使你捐一小筆捐獻來幫助他人也可能意義重大。,,,,,,,,,,,,(n.),n.複數：donations,make/give a donation,contribution,,,,,,,,
高中,三民-B2-U6,,L5,B2,,donate,[do`net],捐贈，捐獻,"After the earthquake hit Japan, Taiwanese people donated a lot of money and goods to charity organizations in Japan to help those in need.",在日本發生地震後，臺灣民眾向日本的慈善機構捐贈了大量的款項和物資以幫助有需要的人。,,,,,,,,,,,,(v.),v.過去式：donated；過去分詞：donated；現在分詞：donating,donate something to . . .,,,,,,,,,
高中,三民-B2-U6,,L5,C2,,donor,[`donɚ],捐贈者,The patient is signing up to be a donor because she wants to save lives after she is gone.,這名患者報名成為器官捐贈者，因為她想在離世後拯救生命。,,,,,,,,,,,,(n.),n.複數：donors,,,,,,,,,,
高中,三民-B2-U6,,L4,B2,,guilt,[`gɪlt],內疚，自責,The man had strong feelings of guilt about leaving his family deep in debt.,該男子對於讓家人負債累累感到強烈的罪惡感。,,,,,,,,,,,,(n.),,,,innocence,,,,,,,
高中,三民-B2-U6,,L4,B1,,guilty,[`gɪltɪ],內疚的,"Felix felt guilty about shouting at his sister, so he told her that he was sorry the next morning.",Felix為他對妹妹大吼大叫感到內疚，所以他隔天早上跟她道歉。,,,,,,,,,,,,(adj.),adj.比較級：guiltier；最高級：guiltiest,guilty about (doing) something,criminal,innocent,,,,,,,
高中,三民-B2-U6,,L2,C1,,burden,[`bɝdṇ],煩擾，使負擔,This mature boy never expresses his worries to his parents because he doesn’t want to burden them with any of his problems.,這位成熟的小男孩從不向他的父母表達擔憂，因為他不想讓他的任何問題成為他們的負擔。,,,,,,,,,,,,(v.),,burden someone with something,"essence, charge, core, effect",,,,,,,,
高中,三民-B2-U6,,L2,C1,,burden,[`bɝdṇ],負擔，重擔,"To share the burden of his poor family, Patrick decided to drop out of school and find a job.",為了分擔他貧困家庭的負擔，Patrick決定輟學去找工作。,,,,,,,,,,,,(n.),,,"essence, charge, core, effect",,,,,,,,
高中,三民-B2-U6,,L2,B1,,disease,[dɪ`ziz],疾病,Smoking increases the risk of getting heart and lung diseases.,吸菸會增加心肺疾病的風險。,,,,,,,,,,,,(n.),n.複數：diseases,a heart/lung/liver disease,,,,,,,,,
高中,三民-B2-U6,,L3,C2,,kidney,[`kɪdnɪ],腎臟,Nothing more can be done once a person’s kidneys start failing so quickly.,一旦人的腎臟開始急速衰竭，就無計可施了。,,,,,,,,,,,,(n.),n.複數：kidneys,,,,,,,,,,
高中,三民-B2-U6,,L4,B2,,surgery,[`sɝdʒərɪ],手術,A group of doctors spent hours performing life-saving surgery on the injured man.,一組醫生花了幾個小時的時間對這名受傷男子進行挽救生命的手術。,,,,,,,,,,,,(n.),n.複數：surgeries,perform/carry out surgery,operation,,,,,,,,
高中,三民-B2-U6,,L2,B1,,following,[`fɑləwɪŋ],接下來的，接著的,"Jeremy’s wallet was stolen the other day. Strangely, it appeared on his desk the following morning.",前幾天，Jeremy的錢包被偷了。奇怪的是，它隔天早晨竟出現在他桌上。,,,,,,,,,,,,(adj.),,the following morning/day/week/month/year,"pursuit, chase, next",,,,,,,,
高中,三民-B2-U6,,L3,C2,,follower,[`fɑloɚ],追隨者，擁護者,Thousands of followers of the football team got together to celebrate the team’s victory.,該足球隊數以千計的球迷們齊聚一堂，歡慶球隊的勝利。,,,,,,,,,,,,(n.),n.複數：followers,,,leader,,,,,,,
高中,三民-B2-U6,,L2,B1,,schedule,[`skɛdʒul],排定，為…安排時間,The event is scheduled to be held next Friday. Make sure to dress up and be there on time.,這項活動排定於下週五舉行。請務必盛裝打扮並準時抵達。,,,,,,,,,,,,(v.),,schedule . . . to do something,agenda,,,,,,,,
高中,三民-B2-U6,,L5,B2,,obligation,[ˏɑblə`geʃən],義務，責任,It’s the parents’ obligation to raise their children and keep them safe.,撫養小孩並確保他們安全是父母親的責任。,,,,,,,,,,,,(n.),n.複數：obligations,obligation to do something,"duty, responsibility",,,,,,,,
高中,三民-B2-U6,,L2,C1,,organ,[`ɔrgən],器官,"Through our sense organs, such as eyes, noses, and tongues, we are able to see, smell, and taste.",透過我們的感官，如眼睛、鼻子和舌頭，我們能夠觀看、嗅聞和品嚐。,,,,,,,,,,,,(n.),n.複數：organs,,,,,,,,,,
高中,三民-B2-U6,,L2,B1,,alive,[ə`laɪv],活著的，在世的,"Those street kids are willing to do whatever it takes to just stay alive, even if that means they have to break the law.",那些流浪街頭的孩子願意不惜一切代價活下去，即使那意味他們得違法。,,,,,,,,,,,,(adj.),,stay/remain alive,"active, live, awake, alert",,,,,,,,
高中,三民-B2-U6,,L2,B1,,admit,[əd`mɪt],承認,I have to admit that I disagree with your idea. I said nothing about it before just because I didn’t want to break your heart.,我得承認我不認同你的想法。我之前沒說什麼只是因為不想傷你的心。,,,,,,,,,,,,(v.),v.過去式：admitted；過去分詞：admitted；現在分詞：admitting,,"hold, accommodate, take, allow","reject, refuse, deny, exclude",,,,,,,
高中,三民-B2-U6,,L4,B2,,confess,[kən`fɛs],坦承，坦白,Jessica confessed to her boyfriend that she had not been listening to him complaining about his work.,Jessica向男友坦承，她沒有認真在聽他抱怨工作的事。,,,,,,,,,,,,(v.),v.過去式：confessed；過去分詞：confessed；現在分詞：confessing,,concede,,,,,,,,
高中,三民-B2-U6,,L4,B2,,confess,[kən`fɛs],供認，招認 (錯誤或罪行),Nicholas confessed that he had something to do with the robbery after he was questioned by the police for hours.,Nicholas在受警方拷問數小時後，招認自己與這起搶劫案有關。,,,,,,,,,,,,(v.),v.過去式：confessed；過去分詞：confessed；現在分詞：confessing,,concede,,,,,,,,
高中,三民-B2-U6,,L2,B2,,master,[`mæstɚ],主人，主宰,People who believe that they are the master of their own fate will never give up easily.,相信自己是自身命運主宰者的人永遠不會輕易放棄。,,,,,,,,,,,,(n.),,a master of something,"control, original, lord, overcome",,,,,,,,
高中,三民-B2-U6,,L2,B2,,master,[`mæstɚ],大師，高手,The magician impressed everyone with various wonderful tricks. She really is a master of magic.,這位魔術師用各式精彩的戲法讓大家印象深刻。她真的是一位魔術大師。,,,,,,,,,,,,(n.),,,"control, original, lord, overcome",,,,,,,,
高中,三民-B2-U6,,L2,B2,,master,[`mæstɚ],掌握，精通,The priest managed to master the local language so that he could introduce his religion to the local people.,該牧師設法精通當地語言，以便向當地人介紹他的宗教。,,,,,,,,,,,,(v.),,,"control, original, lord, overcome",,,,,,,,
高中,三民-B2-U6,,L2,A2,,accident,[`æksədənt],意外，事故,A serious traffic accident on the highway took the lives of many passengers on the bus.,公路上發生的一起嚴重交通事故奪走了那臺公車上多名乘客的性命。,,,,,,,,,,,,(n.),n.複數：accidents,a traffic/car/road accident,,,,,,,,,
高中,三民-B2-U6,,L3,B2,,process,[`prɑsɛs],消化，處理 (艱難、悲傷的事情),The politician hasn’t said anything publicly yet since he is still processing the loss of the election.,這位政治人物尚未公開發表任何言論，因為他還在消化選舉的挫敗。,,,,,,,,,,,,(v.),,,"work, procedure, act, operation",,,,,,,,
高中,三民-B2-U6,,L3,B2,,process,[`prɑsɛs],加工,The farmer processed the freshly harvested wheat into flour to sell to local bakeries.,農民將新鮮收穫的小麥加工成麵粉，出售給當地的烘焙坊。,,,,,,,,,,,,(v.),,,"work, procedure, act, operation",,,,,,,,
高中,三民-B2-U6,,L3,B2,,process,[`prɑsɛs],過程,These pictures clearly show the readers the process of making grapes into wine.,這些圖片清楚地向讀者展示了葡萄釀造成葡萄酒的過程。,,,,,,,,,,,,(n.),,,"work, procedure, act, operation",,,,,,,,
高中,三民-B2-U6,,,,,morals,[`mɔrəlz],道德，品行,The fact that Joseph refused to cheat with his classmates shows that he has morals.,Joseph拒絕與同學一同作弊這件事表現出他品行端正。,,,,,,,,,,,,(n.),,,,,,,,,,,
高中,三民-B2-U6,,L3,B2,,moral,[`mɔrəl],道德的,This private school aims to teach students about the highest moral standards.,這所私立學校旨在教導學生最高的道德標準。,,,,,,,,,,,,(adj.),,,"conscientious, right, mental, clean",,morale,,,,,,
高中,三民-B2-U6,,,,,leukemia,[lu`kimɪə],白血病,A friend's younger brother was diagnosed with leukemia last year and is now receiving treatment.,我朋友的弟弟去年被診斷出患有白血病，目前正在接受治療。,,,,,,,,,,,,(n.),,,,,,,,,,,
高中,三民-B2-U6,,,,,marrow,[`mæro],髓，骨髓,Bone marrow transplants are often used to treat certain blood cancers like leukemia.,骨髓移植常被用於治療某些血癌，例如白血病。,,,,,,,,,,,,(n.),,,,,,,,,,,
高中,三民-B2-U6,,,,,supportive,[sə`pɔrtɪv],支持的，鼓勵的,My parents are very supportive of my decision to study abroad next year.,我的父母非常支持我明年出國留學的決定。,,,,,,,,,,,,(adj.),,,,,,,,,,,
高中,三民-B2-U6,,L6,C2,,transplant,[`trænsplænt],器官移植,The patient is waiting for a kidney transplant that could save his life.,這位病人正在等待一次腎臟移植，這可能會挽救他的生命。,,,,,,,,,,,,(n.),,,transfer,,,,,,,,
高中,三民-B2-U6,,L6,C2,,transplant,[træns`plænt]],移植,Doctors successfully managed to transplant the donor's heart into the patient.,醫生們成功地將捐贈者的心臟移植到病人體內。,,,,,,,,,,,,(v.),,,transfer,,,,,,,,
高中,三民-B2-U6,,L6,,,ripple,[`rɪpḷ],漣漪,A small stone thrown into the pond created a ripple that spread across the water.,一顆小石頭投入池塘，產生了一道漣漪，擴散開來。,,,,,,,,,,,,(n.),,,bubble,,,,,,,,
高中,三民-B2-U6,,,,,savior,[`sevjɚ],拯救者，救星,The firefighter was hailed as a savior after rescuing the child from the burning building.,這位消防員在從燃燒的建築中救出孩子後，被譽為救星。,,,,,,,,,,,,(n.),,,,,,,,,,,
高中,三民-B2-U6,,,,,fumble,[`fʌmbḷ],摸索，笨拙地做某事,"He began to fumble for his keys in his pocket, realizing he might be late for class.",他開始在口袋裡摸索鑰匙，意識到自己可能上課要遲到了。,,,,,,,,,,,,(v.),,,,,,,,,,,
高中,三民-B2-U6,,,,,ethics,[`ɛθɪks],道德規範，倫理學,The company has strict ethics that guide how employees should behave towards customers and colleagues.,這家公司有嚴格的道德規範，指導員工應如何對待客戶和同事。,,,,,,,,,,,,(n.),,,,,,,,,,,
高中,三民-B2-U6,,,,,ethic,[`ɛθɪk],道德,A strong work ethic is essential for students who want to succeed in their studies and future careers.,對於想在學業和未來事業上取得成功的學生來說，強烈的職業道德是必不可少的。,,,,,,,,,,,,(n.),,,,,,,,,,,
高中,三民-B2-U6,,,,,black and white,,非黑即白的,Patt always sees things in black and white. He believes things can only be either right or wrong.,Patt總是以非黑即白的方式看待事物。他相信事情只能是對或是錯。,,,,,,,,,,,,(phr.),,,,,,,,,,,
高中,三民-B2-U6,,,,,every now and then,,偶爾,"Julia usually cooks for herself, but she also eats out every now and then to enjoy different kinds of food.",Julia通常都自己做飯，但她偶爾也會外出用餐，以品嚐不同種類的食物。,,,,,,,,,,,,(phr.),,,,,,,,,,,
高中,三民-B2-U6,,,,,stand by something,,堅信…，堅持…,The city mayor stood by what he said earlier and refused to apologize.,這位市長堅持他先前的發言，並拒絕道歉。,,,,,,,,,,,,(phr.),,,,,,,,,,,
高中,三民-B2-U6,,,,,make (one’s) peace with someone,,與某人和解,The audience were all in tears when the main character of the movie finally made her peace with her father after their fight years ago.,在電影主角終於和她父親於時隔多年的爭吵後和解時，觀眾全都熱淚盈眶。,,,,,,,,,,,,(phr.),,,,,,,,,,,
高中,三民-B2-U7,,L2,B1,,speech,[spitʃ],言語，說話能力,Sharon experienced a loss of speech because of brain damage. She had difficulty communicating with others.,Sharon因為大腦受傷失去了說話能力。她和別人在溝通上有困難。,,,,,,,,,,,,(n.),n.複數：speeches,,"address, lecture, language, delivery",,,,,,,,
高中,三民-B2-U7,,L2,B1,,speech,[spitʃ],演講，演說,Jack gave a really touching speech at his son’s wedding.,Jack在他兒子的婚禮上發表了一段感人肺腑的演說。,,,,,,,,,,,,(n.),n.複數：speeches,give/deliver/make a speech,"address, lecture, language, delivery",,,,,,,,
高中,三民-B2-U7,,L4,B2,,barrier,[`bærɪɚ],障礙，妨礙,Lack of hard work is a major barrier to success.,缺乏努力是通往成功的一大障礙。,,,,,,,,,,,,(n.),n.複數：barriers,a barrier to something,,,,,,,,,
高中,三民-B2-U7,,L4,B2,,barrier,[`bærɪɚ],柵欄，屏障,The police put up barriers to keep the crowd from getting close to the scene of the crime.,警方設置了柵欄來避免人群接近犯罪現場。,,,,,,,,,,,,(n.),n.複數：barriers,,,,,,,,,,
高中,三民-B2-U7,,L2,B1,,skill,[skɪl],技巧，技能,"Jessica has good coding skills, which can help her land a great job at a technology company.",Jessica擁有良好的編碼技能，這可以幫助她在一間科技公司找到好工作。,,,,,,,,,,,,(n.),n.複數：skills,have/learn/develop a skill,"acquisition, science",,,,,,,,
高中,三民-B2-U7,,L2,B2,,swallow,[`swɑlo],吞嚥,Linda drank some water to help her swallow the pills more easily.,Linda喝了一些水讓她更容易吞嚥那些藥丸。,,,,,,,,,,,,(v.),,,"withdraw, accept, bury, drink",,,,,,,,
高中,三民-B2-U7,,L2,B2,,personality,[ˏpɝsṇ`ælətɪ],人格，個性,Every student in our class voted for Evelyn to be the class leader because of her warm and pleasant personality.,我們班上每個同學都投Evelyn當班長，因為她的個性溫順又友好。,,,,,,,,,,,,(n.),n.複數：personalities,,,,,,,,,,
高中,三民-B2-U7,,L5,C2,,essential,[ə`sɛnʃəl],必需的，不可或缺的,"Air, water, and food are essential for human beings. No one can live without them.",空氣、水和食物對人類是不可或缺的。沒有人能不靠它們活下去。,,,,,,,,,,,,(adj.),,be essential for/to . . .,"core, effect, substance, heart",,,,,,,,
高中,三民-B2-U7,,L5,C2,,essential,[ə`sɛnʃəl],必需品，不可或缺的東西,"The cheap hostel provides its guests with only a few essentials, such as a bed and a bathroom. Things like televisions or microwave ovens are not included.",這間便宜的旅館只提供客人一些必需品，像是一張床和一間浴室。其他像是電視或是微波爐都不包含在內。,,,,,,,,,,,,(n.),n.複數：essentials,,"core, effect, substance, heart",,,,,,,,
高中,三民-B2-U7,,L2,B2,,examine,[ɪg`zæmɪn],(仔細地) 檢查,Tina lay on her back with her mouth wide open to let the dentist examine her teeth.,Tina往後躺並張大她的嘴巴，讓牙醫檢查她的牙齒。,,,,,,,,,,,,(v.),v.過去式：examined；過去分詞：examined；現在分詞：examining,,"probe, analyze, study, prove",,,,,,,,
高中,三民-B2-U7,,,,,examination,[ɪgˏzæmə`neʃən],檢查，調查,The doctor gave Iris a detailed examination to see what was wrong with her.,醫生對Iris做了仔細的檢查來看看她的身體有什麼問題。,,,,,,,,,,,,(n.),,a detailed/further examination,,,,,,,,,
高中,三民-B2-U7,,,,,examination,[ɪgˏzæmə`neʃən],考試,Lucy is studying hard for the entrance examination next January so that she can enter her dream college.,Lucy正在為明年1月的入學考試認真唸書，這樣她才能進入自己夢想的大學。,,,,,,,,,,,,(n.),,a(n) entrance/final examination,,,,,,,,,
高中,三民-B2-U7,,,,,equip,[ɪ`kwɪp],使有能力，使有所準備,The teacher equipped his students with the necessary knowledge before they started working on their science project.,在學生開始著手他們的科學專題前，老師使他們對必要的知識有所準備。,,,,,,,,,,,,(v.),v.過去式：equipped；過去分詞：equipped；現在分詞：equipping,equip someone with something,,,,,,,,,
高中,三民-B2-U7,,,,,equip,[ɪ`kwɪp],配備，裝備,"To ensure that experiments can be successfully carried out, the laboratory is equipped with the most advanced computers and instruments.",為了確保實驗能成功地進行，實驗室配備最先進的電腦和儀器。,,,,,,,,,,,,(v.),v.過去式：equipped；過去分詞：equipped；現在分詞：equipping,equip . . . with something,,,,,,,,,
高中,三民-B2-U7,,,,,equipment,[ɪ`kwɪpmənt],設備，器材,"Every piece of equipment in this office, such as the copier and printer, is for everyone to share.",這間辦公室的每樣設備，像是影印機和印表機，都是大家共享的。,,,,,,,,,,,,(n.),,,,,,,,,,,
高中,三民-B2-U7,,L4,B2,,sympathetic,[ˏsɪmpə`θɛtɪk],有同情心的，同情的,I was sympathetic toward Jill when she said she had a bad headache because I suffered from the same pain myself.,Jill說她頭很痛時我很同情她，因為我自己也曾遭受過一樣的痛苦。,,,,,,,,,,,,(adj.),,be sympathetic toward/to someone,"kind, charitable, agreeable, compatible",,,,,,,,
高中,三民-B2-U7,,L2,B1,,trust,[trʌst],信任，相信,You can put your trust in Anita. She always keeps her word.,你可以信任Anita。她總是說到做到。,,,,,,,,,,,,(n.),,put/place one’s trust in . . .,"desire, confidence, believe, bank",suspect,,,,,,,
高中,三民-B2-U7,,L2,B1,,trust,[trʌst],信任，相信,"I trust Joseph to complete this project, so I have decided to choose him as the leader of the team.",我相信Joseph可以完成這項計畫，所以我決定選他擔任這個團隊的領導人。,,,,,,,,,,,,(v.),,trust someone to do something,"desire, confidence, believe, bank",suspect,,,,,,,
高中,三民-B2-U7,,L2,B1,,patient,[`peʃənt],病人，患者,"The doctor told the patient that if he took the medicine regularly and got enough rest, he would feel better soon.",醫生告訴病人，如果他按時吃藥並好好休息，他很快就會好起來。,,,,,,,,,,,,(n.),,,"diligent, tolerant",,,,,,,,
高中,三民-B2-U7,,L2,B1,,patient,[`peʃənt],有耐心的,Ms. Tyler is a popular teacher because she is always patient with her students.,Tyler小姐是一位受歡迎的老師，因為她總是對自己的學生很有耐心。,,,,,,,,,,,,(adj.),,be patient with . . .,"diligent, tolerant",,,,,,,,
高中,三民-B2-U7,,L3,B2,,patience,[`peʃəns],耐心,Albert has little patience with Lydia because she seldom gets her job done in time.,Albert對Lydia沒有耐心，因為她很少按時把自己的工作做完。,,,,,,,,,,,,(n.),,have little/no patience with someone,,,,,,,,,
高中,三民-B2-U7,,L4,B1,,keen,[kin],敏銳的，靈敏的,Tracy has a keen eye for fashion. Almost every piece of clothing in her store sells very well.,Tracy對時尚很敏銳。在她店裡幾乎每件衣服都賣得很好。,,,,,,,,,,,,(adj.),adj.比較級：keener；最高級：keenest,,"sharp, intense, good, acute",,,,,,,,
高中,三民-B2-U7,,L4,B1,,keen,[kin],渴望的，熱切的,The children were keen to open their presents on Christmas Day.,小朋友們很渴望在聖誕節拆他們的禮物。,,,,,,,,,,,,(adj.),adj.比較級：keener；最高級：keenest,be keen to do something,"sharp, intense, good, acute",,,,,,,,
高中,三民-B2-U7,,,,,assess,[ə`sɛs],評估，評定,There will be a written test and an interview to assess the interviewees’ ability to do this job.,為了評估面試者是否有能力做這份工作，將會有一場筆試和面試。,,,,,,,,,,,,(v.),v.過去式：assessed；過去分詞：assessed；現在分詞：assessing,,,,,,,,,,
高中,三民-B2-U7,,,,,assessment,[ə`sɛsmənt],評估，評價,The company made an environmental impact assessment before the factory was constructed.,該公司在建造工廠前做了一項環境影響的評估。,,,,,,,,,,,,(n.),,make an assessment,,,,,,,,,
高中,三民-B2-U7,,L2,B2,,force,[fors],強迫，迫使,This company was forced to lay off some of its employees because of financial concerns.,該公司因財政考量被迫資遣它的一些員工。,,,,,,,,,,,,(v.),,force someone to do something,"power, thrust, draw, effect","draw, push, pull",,,,,,,
高中,三民-B2-U7,,,,,critical,[`krɪtɪkḷ],極重要的，關鍵的,Regular exercise and a balanced diet are both critical to a healthy life.,規律運動和均衡飲食對健康的生活都是至關重要的。,,,,,,,,,,,,(adj.),,be critical to . . .,,,,,,,,,
高中,三民-B2-U7,,,,,critical,[`krɪtɪkḷ],批評的，挑剔的,Mr. Clooney was critical of my history report and asked me to rewrite it.,Clooney先生對我的歷史報告百般挑剔，並要求我重寫。,,,,,,,,,,,,(adj.),,be critical of . . .,,,,,,,,,
高中,三民-B2-U7,,L3,B1,,creative,[krɪ`etɪv],有創造力的，有創意的,Jason is a very creative student. He often thinks of new and interesting ways to solve problems.,Jason是位很有創意的學生。他時不時會想出新穎有趣的方法解決問題。,,,,,,,,,,,,(adj.),,,"constructive, productive, imaginative",,,,-ive (having the quality of; tending to (具有…特質的；傾向於…)),,,,
高中,三民-B2-U7,,L2,B1,,create,[krɪ`et],創造,The painter created an Instagram account to share her artwork.,這名畫家創了一個Instagram帳號來分享她的藝術作品。,,,,,,,,,,,,(v.),v.過去式：created；過去分詞：created；現在分詞：creating,,"produce, make",,,,,,,,
高中,三民-B2-U7,,L2,B2,,advance,[əd`væns],促進，使發展,The new study will advance our knowledge of this disease and hopefully help us find a more effective treatment.,這項新研究將促使我們提升對該疾病的知識，並且很可能幫助我們找到更有效的解藥。,,,,,,,,,,,,(v.),,,"promote, approach, rise, elevate","break, back, lose, bump",,,,,,,
高中,三民-B2-U7,,L2,B2,,advance,[əd`væns],發展，進步,Advances in Internet technology have greatly changed our everyday lives.,網路科技的進步大幅改變了我們每天的生活。,,,,,,,,,,,,(n.),,a(n) advance in/on/toward . . .,"promote, approach, rise, elevate","break, back, lose, bump",,,,,,,
高中,三民-B2-U7,,L2,B1,,separate,[`sɛpəˏret],分開，分隔,Jerry still doesn’t know how to separate egg whites from the yolks.,Jerry還是不知道該如何將蛋黃與蛋白分開。,,,,,,,,,,,,(v.),,separate something from something,"distinct, break, individual, tell","joint, unite, unify",,,,,,,
高中,三民-B2-U7,,L2,B1,,separate,[`sɛprɪt],分開的，單獨的,My little brother is trying to keep the red beans separate from the green beans.,我弟弟正在想辦法把紅豆從綠豆堆中分開。,,,,,,,,,,,,(adj.),,be separate from . . .,"distinct, break, individual, tell","joint, unite, unify",,,,,,,
高中,三民-B2-U7,,L3,B2,,separation,[ˏsɛpə`reʃən],分離，離別,People who work or study abroad alone have to bear long separations from their families.,孤身在國外工作和求學的人得忍受長期和他們的家人分離。,,,,,,,,,,,,(n.),n.複數：separations,,"interval, breakup",union,,,,,,,
高中,三民-B2-U7,,L4,B1,,professional,[prə`fɛʃənḷ],專家，專業人員,Many rich people often hire professionals to help them with their finances and taxes.,許多有錢人經常雇用專業人士來幫他們處理財務和稅金。,,,,,,,,,,,,(n.),,,"master, expert",amateur,,,,,,,
高中,三民-B2-U7,,L4,B1,,professional,[prə`fɛʃənḷ],專業的，職業的,Doctors can give professional medical help to those with health problems.,醫生可以提供專業的醫療幫助給那些有健康狀況的人。,,,,,,,,,,,,(adj.),,,"master, expert",amateur,,,,,,,
高中,三民-B2-U7,,L4,B1,,profession,[prə`fɛʃən],職業,"Mr. Dillon’s two children entered different professions. One became a musician, while the other became a lawyer.",Dillon先生的兩個孩子進入了不同的職業。一位成為音樂家，而另一位成為一名律師。,,,,,,,,,,,,(n.),n.複數：professions,,community,,,,,,,,
高中,三民-B2-U7,,L4,,,license,[`laɪsṇs],執照，許可證,You need to pass a driving test and get a driver’s license to drive on the roads.,你需要通過駕駛考試並拿到駕照才能開車上路。,,,,,,,,,,,,(n.),,a license to do something,"permit, certify, permission",,,,,,,,
高中,三民-B2-U7,,,,,require,[rɪ`kwaɪr],需要，要求,Taiwanese males are required to do military training.,臺灣男性需要受軍事訓練。,,,,,,,,,,,,(v.),v.過去式：required；過去分詞：required；現在分詞：requiring,require . . . to do something,,,,,,,,,
高中,三民-B2-U7,,,,,requirement,[rɪ`kwaɪrmənt],要求，規定,"Many people who applied for the position did not meet the requirements of the job, so they were not interviewed.",許多應徵這個職位的人不符合該工作的要求，所以他們沒有被受邀面試。,,,,,,,,,,,,(n.),,meet/satisfy a requirement,,,,,,,,,
高中,三民-B2-U7,,L2,B1,,purpose,[`pɝpəs],重要意義,"Ryan’s baby daughter gave him a new sense of purpose, which pushed him to work harder to provide for his family.",Ryan的小女兒給了他一個新的使命，促使他為了家庭更努力工作。,,,,,,,,,,,,(n.),n.複數：purposes,a sense of purpose,"resolve, determination, function, use",,,,,,,,
高中,三民-B2-U7,,L2,B1,,purpose,[`pɝpəs],目的，意圖,The purpose of this meeting is to gather ideas and come up with new solutions to our current problems.,這項會議的目的是對於我們現有的問題收集意見和想出新的解決辦法。,,,,,,,,,,,,(n.),n.複數：purposes,the purpose of something,"resolve, determination, function, use",,,,,,,,
高中,三民-B2-U7,,,,,roadblock,[`rodˏblɑk],障礙,"Lack of funding became a major roadblock for the students' innovative project, making it difficult to continue.",資金不足成為學生創新專案的一個主要障礙，使其難以繼續進行。,,,,,,,,,,,,(n.),,,,,,,,,,,
高中,三民-B2-U7,,,,,speech-language pathologist,[spitʃ `læŋgwɪdʒ pə`θɑlədʒɪst],語言治療師,A speech-language pathologist helps children and adults improve their communication skills and overcome speaking difficulties.,語言治療師幫助兒童和成人提高他們的溝通技巧並克服說話困難。,,,,,,,,,,,,(n.),,,,,,,,,,,
高中,三民-B2-U7,,,,,pathologist,[pə`θɑlədʒɪst],病理學家,The pathologist examined the tissue sample carefully to determine the exact cause of the patient's illness.,病理學家仔細檢查了組織樣本，以確定病人疾病的確切原因。,,,,,,,,,,,,(n.),,,,,,,,,,,
高中,三民-B2-U7,,,,,pathology,[pə`θɑlədʒɪ],病理學,Students interested in medicine often study pathology to understand how diseases affect the human body.,對醫學感興趣的學生通常會學習病理學，以了解疾病如何影響人體。,,,,,,,,,,,,(n.),,,,,,,,,,,
高中,三民-B2-U7,,L5,,,cognitive,[`kɑgnətɪv],認知的,"Playing brain games can help improve your cognitive abilities, such as memory and problem-solving skills.",玩益智遊戲可以幫助提高你的認知能力，例如記憶力和解決問題的能力。,,,,,,,,,,,,(adj.),,,,,,,,,,,
高中,三民-B2-U7,,L5,C2,,trait,[tret],特徵，特點,Kindness is a positive personality trait that many people admire in their friends and family members.,善良是一種積極的性格特徵，許多人在他們的朋友和家人身上都很欣賞這一點。,,,,,,,,,,,,(n.),n.複數：traits,,,,,,,,,,
高中,三民-B2-U7,,,,,The King’s Speech,[`ðə `kɪŋz `spitʃ],《王者之聲：宣戰時刻》,My English teacher recommended watching The King’s Speech to learn about a historical event and improve listening skills.,我的英文老師推薦觀看《王者之聲：宣戰時刻》，以了解歷史事件並提高聽力技巧。,,,,,,,,,,,,(n.),,,,,,,,,,,
高中,三民-B2-U7,,,,,King George VI,[`kɪŋ `dʒɔrdʒ ˏðə `sɪksθ],喬治六世,King George VI was the father of Queen Elizabeth II and became king after his brother abdicated the throne.,喬治六世是伊莉莎白二世女王的父親，在他的兄弟退位後成為國王。,,,,,,,,,,,,(n.),,,,,,,,,,,
高中,三民-B2-U7,,,,,stuttering,[`stʌtərɪŋ],口吃，結巴,"Many people overcome stuttering with the help of speech therapy, which teaches them techniques to speak more smoothly.",許多人在語言治療的幫助下克服口吃，語言治療教導他們更流暢說話的技巧。,,,,,,,,,,,,(n.),,,,,,,,,,,
高中,三民-B2-U7,,L6,,,stutter,[`stʌtɚ],口吃，結結巴巴地說,"He tends to stutter when he gets nervous, especially when speaking in front of a large audience.",他緊張時容易口吃，尤其是在大眾面前說話的時候。,,,,,,,,,,,,(v.),,,falter,,,,,,,,
高中,三民-B2-U7,,,,,left-handed,[ˏlɛft `hændɪd],左撇子的，慣用左手的,"About 10% of the world's population is left-handed, and they often find it challenging to use tools designed for right-handers.",全球約有10%的人口是左撇子，他們常覺得使用為右撇子設計的工具很有挑戰性。,,,,,,,,,,,,(adj.),,,,,,,,,,,
高中,三民-B2-U7,,,,,right-handed,[ˏraɪt `hændɪd],右撇子的，慣用右手的,"Most people are right-handed, so many everyday items like scissors and computer mice are designed for them.",大多數人是右撇子，所以許多日常用品如剪刀和電腦滑鼠都是為他們設計的。,,,,,,,,,,,,(adj.),,,,,,,,,,,
高中,三民-B2-U7,,,,,audiology,[ˏɔdɪ`ɑlədʒɪ],聽力學,"If you are interested in helping people with hearing problems, studying audiology could be a great career path for you.",如果你對幫助有聽力問題的人感興趣，學習聽力學對你來說可能是一個很棒的職業道路。,,,,,,,,,,,,(n.),,,,,,,,,,,
高中,三民-B2-U7,,,,,internship,[`ɪntɝnˏʃɪp],實習期,She applied for an internship at a local tech company to gain practical experience before graduating from university.,她在大學畢業前申請了一家當地科技公司的實習，以獲得實務經驗。,,,,,,,,,,,,(n.),,,,,,,,,,,
高中,三民-B2-U7,,,,,intern,[`ɪnˏtɝn],實習生,"As an intern, he learned a lot about marketing by assisting with social media campaigns and creating content.",作為一名實習生，他透過協助社群媒體活動和內容創作，學到了很多關於行銷的知識。,,,,,,,,,,,,(n.),,,,,,,,,,,
高中,三民-B2-U7,,,,,hands-on,[`hændz `ɑn],實務的，親身實踐的,The science class offered a hands-on experiment where students could build their own small robots and program them.,這堂科學課提供了一個實務操作的實驗，學生可以建造自己的小型機器人並進行程式設計。,,,,,,,,,,,,(adj.),,,,,,,,,,,
高中,三民-B2-U7,,,,,Ministry of Examination,[`mɪnɪstrɪ əv ɪgˏzæmə`neʃən],考選部,The Ministry of Examination in Taiwan is responsible for organizing national examinations for civil servants and professionals.,台灣的考選部負責舉辦公務員和專業人員的國家考試。,,,,,,,,,,,,(n.),,,,,,,,,,,
高中,三民-B2-U7,,,,,break down something,,打破…，消除…,"The company arranged a trip to break down the wall between the managers andemployees so that they could better understand each other in the future.
",公司安排了一趟旅行來消除管理階層和職員階層的隔閡，讓他們以後更能了解彼此。,,,,,,,,,,,,(phr.),,,,,,,,,,,
高中,三民-B2-U7,,,,,at least,,至少，不少於,At least 100 million tourists flock to the Mediterranean Sea every summer to enjoy the beaches and sunshine.,每年夏季至少有一億名旅客奔往地中海，享受那裡的沙灘和陽光。,,,,,,,,,,,,(phr.),,,,,,,,,,,
高中,三民-B2-U7,,,,,put something into action,,將…付諸行動,This business contest is a great opportunity for students to put the marketing theory they learned in class into action.,這項商業競賽是學生們將課堂所學的銷售理論付諸行動的一個絕佳機會。,,,,,,,,,,,,(phr.),,,,,,,,,,,
高中,三民-B2-U8,,L4,B1,,attraction,[ə`trækʃən],有吸引力的事物,"Niagara Falls, one of the most popular tourist attractions in the world, draws millions of visitors every year.",尼加拉瀑布是世界上最受歡迎的旅遊景點之一，每年吸引數百萬遊客。,,,,,,,,,,,,(n.),n.複數：attractions,a tourist attraction,draw,,,,,,,,
高中,三民-B2-U8,,L3,B1,,attract,[ə`trækt],吸引，引起,A lovely hat displayed in the window attracted Emily to the clothing store.,櫥窗中展示的一頂精美帽子吸引了Emily來到這間服飾店。,,,,,,,,,,,,(v.),v.過去式：attracted；過去分詞：attracted；現在分詞：attracting,attract someone to something,"draw, fetch, appeal, pull",drive,,,,"tract (pull, draw (拉、畫))",,,
高中,三民-B2-U8,,L3,A2,,attractive,[ə`træktɪv],有吸引力的，迷人的,"Leslie is a good-looking man, and his pleasant personality makes him even more attractive.",Leslie是個英俊的男人，且其開朗的個性讓他更具魅力。,,,,,,,,,,,,(adj.),,,"cunning, cute",,,,-ive (having the quality of; tending to (具有…特質的；傾向於…)),,,,
高中,三民-B2-U8,,L2,B1,,branch,[bræntʃ],樹枝,"The hunter aimed his gun at a bird sitting on the top branch of a tree, but he missed it.",獵人用槍瞄準一隻棲息在樹枝上的鳥，但他沒有擊中。,,,,,,,,,,,,(n.),,,"separate, fork, arm, leg",,,,,,,,
高中,三民-B2-U8,,L4,B2,,witness,[`wɪtnɪs],目擊，目睹,Two store clerks who had witnessed the robbery gave detailed descriptions to the police.,兩名目擊搶劫案的店員向警方提供了詳細的描述。,,,,,,,,,,,,(v.),,,"see, find, spectator, viewer",,,,,,,,
高中,三民-B2-U8,,L2,A2,,desert,[`dɛzɚt],沙漠,"Water resources are valuable in a desert area, where there is less than 250 millimeters of rain a year.",沙漠地區的水資源非常寶貴，那裡的年降雨量不足250毫米。,,,,,,,,,,,,(n.),,a desert area/region,"wild, forsake, defect, abandon",,dessert,,,,,,
高中,三民-B2-U8,,L4,B1,,landscape,[`lændskep],景色，風景,Busy streets and rows of tall buildings are common sights in an urban landscape.,繁雜的街道和林立的高樓是城市景觀中常見的景象。,,,,,,,,,,,,(n.),,an urban/industrial landscape,,,,,,,,,
高中,三民-B2-U8,,L2,B1,,hardly,[`hɑrdlɪ],幾乎沒有,"After William paid for his living expenses, there was hardly any money left from his salary.",William繳清了生活開支後，薪水所剩無幾。,,,,,,,,,,,,(adv.),,,"just, scarcely, barely, scarce",,hard,,,,,,
高中,三民-B2-U8,,,,,cracked,[krækt],有裂痕的,Never buy cracked eggs because bacteria can enter them through the damaged shells.,切勿購買有裂痕的雞蛋，因為細菌會透過受損的蛋殼進入其中。,,,,,,,,,,,,(adj.),,,,,,,,,,,
高中,三民-B2-U8,,L3,B2,,barely,[`bɛrlɪ],幾乎不,Sophia was so tired after work that she could barely keep her eyes open on her train ride home.,Sophia下班後太累了，在搭回家的火車上她幾乎睜不開眼睛。,,,,,,,,,,,,(adv.),,,"just, scarcely, hardly, scarce",,,,,,,,
高中,三民-B2-U8,,L2,B1,,protect,[prə`tɛkt],保護,Putting up an umbrella and wearing sunglasses are both effective ways to protect you from the sun’s harmful rays.,撐傘和戴墨鏡都是保護你遠離太陽有害射線的有效方法。,,,,,,,,,,,,(v.),v.過去式：protected；過去分詞：protected；現在分詞：protecting,protect . . . from/against . . .,,,,,,,,,
高中,三民-B2-U8,,L3,B2,,protection,[prə`tɛkʃən],保護,This national park was founded to provide protection for a variety of rare animals.,這座國家公園的建立是為了保護各種稀有動物。,,,,,,,,,,,,(n.),n.複數：protections,protection for . . .,"tribute, security, shelter",,,,,,,,
高中,三民-B2-U8,,L2,B2,,protective,[prə`tɛktɪv],具保護性的,"For safety reasons, the workers in the chemical factory are required to wear protective clothing.",出於安全考慮，該化工廠的工人必須穿戴防護衣。,,,,,,,,,,,,(adj.),,,"tender, defensive, preventive",,,,,,,,
高中,三民-B2-U8,,L3,B2,,precious,[`prɛʃəs],寶貴的，珍貴的,These old pictures are precious to Beth because they always remind her of her happy childhood.,這些老照片對Beth來說很珍貴，因為它們總讓她想起快樂的童年。,,,,,,,,,,,,(adj.),,be precious to someone,"valuable, cute",,,,,,,,
高中,三民-B2-U8,,L2,B2,,satisfy,[`sætɪs͵faɪ],滿足，使滿意,The six-bedroom house is large enough to satisfy the needs of a big family.,這間六房的房子夠大，可以滿足一個大家庭的需求。,,,,,,,,,,,,(v.),v.過去式：satisfied；過去分詞：satisfied；現在分詞：satisfying,satisfy a need/desire,"meet, fill",,,,,,,,
高中,三民-B2-U8,,,,,satisfied,[`sætɪs͵faɪd],滿意的,Michelle was very satisfied with the results of her college application.,Michelle對她的大學申請結果非常滿意。,,,,,,,,,,,,(adj.),,be satisfied with . . .,,,,,,,,,
高中,三民-B2-U8,,L3,B2,,satisfactory,[͵sætɪs`fæktərɪ],令人滿意的,"The business plan was satisfactory to both companies, so they made it official.",兩家公司都對這項商業計畫感到滿意，因此他們將其正式公布。,,,,,,,,,,,,(adj.),adj.比較級：more satisfactory；最高級：most satisfactory,be satisfactory to/for someone,"good, adequate, fine, right",,,,,,,,
高中,三民-B2-U8,,L2,C1,,appetite,[`æpə͵taɪt],胃口,Harry usually has a good appetite for breakfast after an early morning swim.,晨泳後，Harry早餐的胃口通常都很好。,,,,,,,,,,,,(n.),n.複數：appetites,a good/healthy appetite,,,,,,,,,
高中,三民-B2-U8,,L2,B2,,source,[sors],來源，起源,Getting some sunlight is good for your health because it is a great natural source of vitamin D.,曬太陽有益你的健康，因為陽光是維生素D很好的天然來源。,,,,,,,,,,,,(n.),v.過去式：sourced；過去分詞：sourced；現在分詞：sourcing | n.複數：sources,a source of something,"channel, reference, root, seed",,,,,,,,
高中,三民-B2-U8,,L2,B2,,income,[`ɪn͵kʌm],收入，所得,The Andersons plan to rent their vacation house out to tourists to increase their family income.,Anderson一家計畫出租他們的度假屋給遊客，以增加家庭的收入。,,,,,,,,,,,,(n.),n.複數：incomes,family income,,expenditure,,,,,,,
高中,三民-B2-U8,,L3,C2,,spit,[spɪt],吐出 (某物),"Cindy put a grape in her mouth, chewed it, and spat the seeds out.",Cindy把一顆葡萄放進嘴裡，嚼了嚼，然後把籽吐了出來。,,,,,,,,,,,,(v.),,spit something (out),"sprinkle, tongue",,,,,,,,
高中,三民-B2-U8,,L2,B2,,spread,[sprɛd],散布，傳播,Spreading fake news on social media may cause panic among the public.,在社群媒體上散播假新聞可能會引起大眾恐慌。,,,,,,,,,,,,(v.),,,"open, gap, broadcast, distribute","fold, gather, collect",,,,,,,
高中,三民-B2-U8,,L2,B2,,spread,[sprɛd],擴散，蔓延,"Timmy knocked over his glass by accident, and milk quickly spread over the table.",Timmy不小心打翻了玻璃杯，牛奶很快就灑滿了桌子。,,,,,,,,,,,,(v.),,spread over/through/among . . .,"open, gap, broadcast, distribute","fold, gather, collect",,,,,,,
高中,三民-B2-U8,,L2,B2,,spread,[sprɛd],蔓延，散布,Cleaning your hands properly is a simple measure to prevent the spread of bacteria.,適當地清潔雙手是防止細菌傳播的簡易措施。,,,,,,,,,,,,(n.),,the spread of something,"open, gap, broadcast, distribute","fold, gather, collect",,,,,,,
高中,三民-B2-U8,,L2,B2,,affect,[ə`fɛkt],影響,The earthquake heavily affected many people living in this area and left them in need of help.,地震嚴重地影響了該地區的許多居民，使他們需要幫助。,,,,,,,,,,,,(v.),v.過去式：affected；過去分詞：affected；現在分詞：affecting,,"regard, strike, impact, touch",,effect,,,,,,
高中,三民-B2-U8,,L2,B1,,government,[`gʌvɚnmənt],政府,"In a democratic country, citizens have the right to elect their government.",在一個民主國家，公民有權選出他們的政府。,,,,,,,,,,,,(n.),n.複數：governments,elect/form a government,"regime, politics",,,,,,,,
高中,三民-B2-U8,,L2,B2,,govern,[`gʌvɚn],治理，統治,The mayor has governed the city for four years and is now running for re-election.,這位市長已經治理該市四年了，現在正在競選連任。,,,,,,,,,,,,(v.),v.過去式：governed；過去分詞：governed；現在分詞：governing,,"order, rule, regulate",,,,,,,,
高中,三民-B2-U8,,,,,Morocco,[məˋrɑko],摩洛哥,"Morocco is a beautiful country in North Africa, famous for its vibrant markets and delicious food.",摩洛哥是一個位於北非的美麗國家，以其充滿活力的市集和美味的食物聞名。,,,,,,,,,,,,(n.),,,,,,,,,,,
高中,三民-B2-U8,,,,,Moroccan,[məˋrɑkən],摩洛哥人,"My friend, who is a Moroccan, shared some interesting stories about his hometown and culture.",我的一位摩洛哥朋友分享了一些關於他家鄉和文化的有趣故事。,,,,,,,,,,,,(n.),,,,,,,,,,,
高中,三民-B2-U8,,,,,Moroccan,[məˋrɑkən],摩洛哥的,We tried some delicious Moroccan mint tea and traditional pastries at the local cafe.,我們在當地咖啡館嘗試了一些美味的摩洛哥薄荷茶和傳統糕點。,,,,,,,,,,,,(adj.),,,,,,,,,,,
高中,三民-B2-U8,,L4,B2,,partnership,[ˋpɑrtnɚ͵ʃɪp],合作關係,The two companies formed a strong partnership to develop new technology together.,這兩家公司建立了穩固的合作關係，共同開發新技術。,,,,,,,,,,,,(n.),n.複數：partnerships,,,,,,-ship (state or relationship (狀態或關係)),,,,
高中,三民-B2-U8,,,,,argan tree,[ˋɑrgən tri],摩洛哥堅果樹,"The argan tree, found mainly in Morocco, is known for its nuts that produce a very valuable oil.",摩洛哥堅果樹主要生長在摩洛哥，以其能生產非常珍貴油的堅果而聞名。,,,,,,,,,,,,(n.),,,,,,,,,,,
高中,三民-B2-U8,,,,,herder,[ˋhɝdɚ],放牧人,The herder carefully watched his flock of goats as they grazed on the hillside.,放牧人仔細地看著他的羊群在山坡上吃草。,,,,,,,,,,,,(n.),,,,,,,,,,,
高中,三民-B2-U8,,,,,pulpy,[ˋpʌlpɪ],果肉狀的,"I like to drink orange juice that is fresh and a little bit pulpy, not too smooth.",我喜歡喝新鮮且帶點果肉狀的柳橙汁，不要太滑順的。,,,,,,,,,,,,(adj.),,,,,,,,,,,
高中,三民-B2-U8,,,,,excrete,[ɪkˋskrit],排泄,Our bodies naturally excrete waste products through sweat and urine to stay healthy.,我們的身體透過汗水和尿液自然排泄廢物以保持健康。,,,,,,,,,,,,(v.),,,,,,,,,,,
高中,三民-B2-U8,,,,,seedling,[ˋsidlɪŋ],幼苗,"We carefully planted each tiny seedling in the garden, hoping they would grow into strong plants.",我們小心翼翼地將每一株小幼苗種在花園裡，希望它們能長成強壯的植物。,,,,,,,,,,,,(n.),,,,,,,,,,,
高中,三民-B2-U8,,,,,prop,[prɑp],道具,"For the school play, we needed to find a lot of interesting props, like an old hat and a magic wand.",為了學校的戲劇表演，我們需要找到許多有趣的道具，例如一頂舊帽子和一根魔杖。,,,,,,,,,,,,(n.),,,,,,,,,,,
高中,三民-B2-U8,,,,,dehydrated,[diˋhaɪdretɪd],脫水的,"After playing basketball for two hours, I felt completely dehydrated and needed to drink a lot of water.",打完兩小時籃球後，我感到完全脫水了，需要喝很多水。,,,,,,,,,,,,(adj.),,,,,,,,,,,
高中,三民-B2-U8,,,,,win-win,[͵wɪnˋwɪn],雙贏的,Our teacher suggested a win-win solution where both groups could get what they wanted.,我們的老師提出了一個雙贏的解決方案，讓兩個小組都能得到他們想要的。,,,,,,,,,,,,(adj.),,,,,,,,,,,
高中,三民-B2-U8,,,,,set off,,出發,"Miranda happily set off for the airport, only to find she had left her passport at home.",Miranda高興地出發去機場，卻發現她把護照忘在家裡。,,,,,,,,,,,,(phr.),,,,,,,,,,,
高中,三民-B2-U8,,,,,eat up something,,吃光…,Danny is not allowed to leave the table if he does not eat up everything on his plate.,如果Danny沒有吃完盤子裡的所有東西，他就不能離開餐桌。,,,,,,,,,,,,(phr.),,,,,,,,,,,
高中,三民-B2-U8,,,,,step in,,插手，介入,"Normally, when countries are in conflict, the United Nations would step in to maintain the peace in the region.",正常來說，當國家間發生衝突時，聯合國會介入以維護該地區的和平。,,,,,,,,,,,,(phr.),,,,,,,,,,,
高中,三民-B2-U9,,L5,C1,,vertical,[`vɝtɪkḷ],直的，直立的,Taroko Gorge attracts tourists who love natural landscapes with its vertical cliffs and waterfalls.,太魯閣峽谷以其垂直的懸崖和瀑布吸引了熱愛自然景觀的遊客。,,,,,,,,,,,,(adj.),,,"erect, upright, straight",horizontal,,,,vers/vert (turn (轉動)),,,
高中,三民-B2-U9,,L3,B2,,import,[ɪm`port],進口，輸入,"With its high demand for oil, India imports more than one million barrels of oil from Russia a day.",由於石油需求量大，印度一天就從俄羅斯進口超過一百萬桶石油。,,,,,,,,,,,,(v.),,import something from/into something,"consequence, significance, implication, spell",export,,,,port (to carry (攜帶)),,,
高中,三民-B2-U9,,L3,B2,,import,[`ɪmport],進口商品,The government restricts certain imports from foreign countries to protect local businesses.,該政府限制從國外進口特定產品以保護當地企業。,,,,,,,,,,,,(n.),,an import from . . .,"consequence, significance, implication, spell",export,,,,port (to carry (攜帶)),,,
高中,三民-B2-U9,,L2,A1,,address,[ə`drɛs],處理，設法解決,"In 2022, the 27th Conference of the Parties of the United Nations Framework Convention on Climate Change was held in Egypt to address concerns about global warming.",在2022 年，第27屆《聯合國氣候變遷綱要公約》締約國大會在埃及召開，以處理全球暖化的問題。,,,,,,,,,,,,(v.),,address a problem/concern/question,"work, direct, cover, handle",,,,,,,,
高中,三民-B2-U9,,L2,A1,,address,[`ædrɛs],地址,Phone numbers and home addresses are personal information that shouldn’t be given out to strangers.,電話號碼和住家地址屬於個人資訊，不應提供給陌生人。,,,,,,,,,,,,(n.),,,"work, direct, cover, handle",,,,,,,,
高中,三民-B2-U9,,L5,,,agricultural,[ˏægrɪ`kʌltʃərəl],農業的,"In the farmers’ markets, many agricultural products are sold at low prices.",在農夫市集上，許多農產品以低價出售。,,,,,,,,,,,,(adj.),,agricultural products/production/development,rural,,,,,,,,
高中,三民-B2-U9,,L3,B2,,agriculture,[`ægrɪˏkʌltʃɚ],農業,"With so many advances in agriculture, both the quantity and quality of fruits are better than ever.",隨著農業的大幅進步，水果的數量和品質都比以往更好。,,,,,,,,,,,,(n.),,,,,,,,,,,
高中,三民-B2-U9,,L3,B2,,industrial,[ɪn`dʌstrɪəl],工業的,Great Britain’s rapid industrial development made it one of the world’s most powerful countries in the 19th century.,英國迅速的工業發展使其成為十九世紀世界上最強的國家之一。,,,,,,,,,,,,(adj.),,industrial development/production,,,,,,,,,
高中,三民-B2-U9,,L2,B1,,industry,[`ɪndəstrɪ],工業,"Heavy industry refers to businesses that use huge machines to produce items, such as shipbuilding, steel production, and aircraft building.",重工業指的是使用大型機具製造物品的產業，例如造船、鋼鐵生產和飛機建造。,,,,,,,,,,,,(n.),n.複數：industries,,"diligence, manufacture",,,,,,,,
高中,三民-B2-U9,,L2,B2,,domestic,[də`mɛstɪk],家用的，家庭的,"Everyone in the family should do an equal share of the domestic tasks, such as cooking or washing dishes.",家庭中的每個人都應該平均分擔家務，例如煮飯或洗碗。,,,,,,,,,,,,(adj.),n.複數：domestics,,"municipal, native, internal, household",foreign,,,,,,,
高中,三民-B2-U9,,L2,B2,,domestic,[də`mɛstɪk],國內的，本國的,"As an adviser on domestic policy, Mrs. Parks deals with issues and needs within the country and doesn’t have to be concerned with foreign affairs.",作為國內政策顧問，Parks女士處理國內問題和需求，不必關心外交事務。,,,,,,,,,,,,(adj.),n.複數：domestics,domestic policy/politics/news,"municipal, native, internal, household",foreign,,,,,,,
高中,三民-B2-U9,,L4,B2,,container,[kən`tenɚ],容器,George brings his own plastic take-out container to restaurants in order not to create more waste.,George自備塑膠外帶容器到餐廳，以避免製造更多浪費。,,,,,,,,,,,,(n.),n.複數：containers,a plastic/glass/metal container,,,,,,,,,
高中,三民-B2-U9,,L2,B1,,contain,[kən`ten],含有，容納,These potato chips are bad for your health because they contain too much salt and fat.,這些薯片對你的健康有害，因為它們含有過多的鹽和脂肪。,,,,,,,,,,,,(v.),v.過去式：contained；過去分詞：contained；現在分詞：containing,,"control, incorporate, hold, moderate",,,,,,,,
高中,三民-B2-U9,,L3,B1,,prevent,[prɪ`vɛnt],預防，阻止,Stretching before and after exercise helps prevent you from injuries and muscle pains.,在運動前後拉筋伸展有助於預防受傷和肌肉疼痛。,,,,,,,,,,,,(v.),v.過去式：prevented；過去分詞：prevented；現在分詞：preventing,prevent . . . from (doing) something,"keep, forbid","allow, permit, let",,,,,,,
高中,三民-B2-U9,,L4,B2,,prevention,[prɪ`vɛnʃən],預防，阻止,"Because of the increasing crime rate in the city, more attention has been paid to crime prevention.",由於該城市的犯罪率不斷上升，犯罪預防受到越來越多的關注。,,,,,,,,,,,,(n.),,crime/accident prevention,bar,,,,,,,,
高中,三民-B2-U9,,L3,B1,,steep,[stip],陡峭的,The steep hill is extremely difficult to climb for people with bad knees.,這陡峭的山坡對於膝蓋不好的人來說極難攀爬。,,,,,,,,,,,,(adj.),adj.比較級：steeper；最高級：steepest,a steep hill/slope,"sharp, heavy, high, bold",gradual,,,,,,,
高中,三民-B2-U9,,L4,B1,,recycle,[rɪ`saɪkḷ],回收,It is amazing that plastic bottles can be recycled into soft and comfortable clothing.,令人驚訝的是，塑膠瓶可以回收製成柔軟舒適的衣物。,,,,,,,,,,,,(v.),v.過去式：recycled；過去分詞：recycled；現在分詞：recycling,recycle something into something,,,,,,,,,
高中,三民-B2-U9,,,,,precisely,[prɪ`saɪslɪ],精確地,"To make a perfect chocolate cheesecake, you need to precisely measure the cream cheese, sugar, sour cream, eggs, and chocolate used.",要做出完美的巧克力起司蛋糕，你需要精確地測量要用到的鮮奶油乳酪、糖、酸奶油、雞蛋和巧克力。,,,,,,,,,,,,(adv.),,,,,,,,,,,
高中,三民-B2-U9,,L4,B2,,precise,[prɪ`saɪs],精確的，仔細的,"To communicate in sign language, people have to be precise in every movement of their hands and bodies.",為了使用手語溝通，人們必須在手和身體的每個動作上都非常精確。,,,,,,,,,,,,(adj.),,,"dead, fine, right, nice",,,,,,,,
高中,三民-B2-U9,,L3,B1,,operation,[ˏɑpə`reʃən],運轉，操作,The operation of the new printer is so smooth that users don’t have to worry about paper jams.,這臺新的印表機操作流暢，使用者不須擔心卡紙的問題。,,,,,,,,,,,,(n.),n.複數：operations,,"procedure, process, act, performance",,,,,,,,
高中,三民-B2-U9,,L3,B1,,operation,[ˏɑpə`reʃən],手術,This worker had an emergency operation after her thumb was accidentally cut off by a machine.,這名工人在拇指意外遭機器切斷後接受了緊急手術。,,,,,,,,,,,,(n.),n.複數：operations,,"procedure, process, act, performance",,,,,,,,
高中,三民-B2-U9,,L2,B1,,operate,[`ɑpəˏret],使運轉，操作,"Since this camera can be operated underwater, you can use it while you are swimming or surfing.",由於這臺相機可以在水中操作，你可以在游泳或衝浪時使用它。,,,,,,,,,,,,(v.),v.過去式：operated；過去分詞：operated；現在分詞：operating,,"control, work, function, run",withdraw,,,,,,,
高中,三民-B2-U9,,L2,B2,,ease,[iz],使緩解，減輕,Eating healthy food and exercising regularly can help ease your stress and anxiety.,這臺新的印表機操作流暢，使用者不須擔心卡紙的問題。,,,,,,,,,,,,(v.),,ease stress/pain/burden,"facilitate, comfort, relief, rest",difficulty,,,,,,,
高中,三民-B2-U9,,L2,B2,,ease,[iz],輕易，不費力,"Despite her young age, the little girl impressed everyone by solving the difficult math problem with ease.",儘管她年紀輕，這位小女孩輕鬆就解決困難的數學題，給大家留下了深刻的印象。,,,,,,,,,,,,(n.),,with ease,"facilitate, comfort, relief, rest",difficulty,,,,,,,
高中,三民-B2-U9,,,,,declining,[dɪ`klaɪnɪŋ],衰退的，下降的,The declining birth rate over the past few years has resulted in fewer students and fewer teaching positions.,過去幾年的出生率下降導致學生數量和教師職位減少。,,,,,,,,,,,,(adj.),,,,,,,,,,,
高中,三民-B2-U9,,L5,B2,,decline,[dɪ`klaɪn],衰退，下降,"With leopard cats continuing to decline in number because of human activity, people should pay more attention to environmental protection.",由於人類活動導致臺灣石虎數量持續減少，人們應該更加關注環境保護。,,,,,,,,,,,,(v.),,decline in . . .,"decay, reject, fall, refuse","rise, raise, better, have",,,,,,,
高中,三民-B2-U9,,L5,B2,,decline,[dɪ`klaɪn],減少，衰落,"There was a sharp decline in the unemployment rate this year, which was likely to be the result of the current employment policies.",今年的失業率急遽下降，這很可能是現行就業政策的結果。,,,,,,,,,,,,(n.),,a sharp/steady decline,"decay, reject, fall, refuse","rise, raise, better, have",,,,,,,
高中,三民-B2-U9,,L3,B2,,tough,[tʌf],艱難的，棘手的,This businessperson went through a really tough time before his huge success in the retail business.,這位商人在零售業取得巨大成功前經歷了一段非常艱難的時期。,,,,,,,,,,,,(adj.),n.複數：toughs | adj.比較級：tougher；最高級：toughest,,"hard, difficult, rugged, bad",tender,,,,,,,
高中,三民-B2-U9,,L3,B2,,tough,[tʌf],堅強的，堅固的,Ms. Finn is a tough boss who has led her company out of several serious business crises.,Finn女士是一位堅強的老闆，她帶領她的公司走出了好幾次嚴重的商業危機。,,,,,,,,,,,,(adj.),n.複數：toughs | adj.比較級：tougher；最高級：toughest,,"hard, difficult, rugged, bad",tender,,,,,,,
高中,三民-B2-U9,,L3,B1,,gap,[gæp],差距，間隔,The wide gap between the rich and the poor will cause serious social problems.,巨大的貧富差距將造成嚴重的社會問題。,,,,,,,,,,,,(n.),v.過去式：gapped；過去分詞：gapped；現在分詞：gapping | n.複數：gaps,a gap between . . .,"break, crack, interruption, spread",,,,,,,,
高中,三民-B2-U9,,L3,B1,,gap,[gæp],缺口，裂口,The princess sneaked out of the castle through a gap in the wall.,公主從牆上的裂口偷溜出了城堡。,,,,,,,,,,,,(n.),v.過去式：gapped；過去分詞：gapped；現在分詞：gapping | n.複數：gaps,,"break, crack, interruption, spread",,,,,,,,
高中,三民-B2-U9,,L3,B1,,reduce,[rɪ`djus],降低，減少,"To reduce her monthly food budget to below NT$5,000, Ms. Cruz decided to make her meals at home instead of eating out.","為了將每個月的食物預算減少到新臺幣5,000元以下，Cruz小姐決定在家做飯，而不是外出用餐。",,,,,,,,,,,,(v.),v.過去式：reduced；過去分詞：reduced；現在分詞：reducing,reduce something (from something) to something,"contract, shrink, thin, trim","magnify, gain",,,,,,,
高中,三民-B2-U9,,L4,B2,,reduction,[rɪ`dʌkʃən],降低，減少,"The winter was warmer than previous ones, which resulted in a reduction in the sales of winter coats.",冬季較往年暖和，導致冬季外套銷量減少。,,,,,,,,,,,,(n.),n.複數：reductions,a reduction in something,decrease,increase,,,,,,,
高中,三民-B2-U9,,L2,A2,,partner,[`pɑrtnɚ],合夥人，搭檔,"After working in the law firm for 10 years, Jessica finally became a partner in this company and can now have a share of its profits.",在律師事務所工作了十年以後，Jessica終於成為這家公司的合夥人，現在可以分享公司的利潤。,,,,,,,,,,,,(n.),v.過去式：partnered；過去分詞：partnered；現在分詞：partnering | n.複數：partners,,"mate, spouse",,,,,,,,
高中,三民-B2-U9,,L2,A2,,partner,[`pɑrtnɚ],伴侶,"When asked to bring a plus-one to a wedding, most people take their partners with them.",在應要求攜帶一位同伴參加婚禮時，大多數人會帶他們的伴侶一同前往。,,,,,,,,,,,,(n.),v.過去式：partnered；過去分詞：partnered；現在分詞：partnering | n.複數：partners,,"mate, spouse",,,,,,,,
高中,三民-B2-U9,,L3,B2,,citizen,[`sɪtɪzṇ],居民，市民,"With the strong typhoon coming, the mayor is urging citizens to prepare some food and stay indoors.",隨著強烈颱風即將到來，市長敦促市民準備一些糧食並待在室內。,,,,,,,,,,,,(n.),n.複數：citizens,,,"foreigner, alien",,,,,,,
高中,三民-B2-U9,,L3,B2,,citizen,[`sɪtɪzṇ],公民,"Grace, who was born in America, became a Taiwan citizen after she married a Taiwanese and moved to Kaohsiung.",Grace出生於美國，與臺灣人結婚並移居高雄後成為臺灣公民。,,,,,,,,,,,,(n.),n.複數：citizens,,,"foreigner, alien",,,,,,,
高中,三民-B2-U9,,L3,B2,,harvest,[`hɑrvɪst],收穫，收割,"With rich soil and plenty of water, rice in this area can be harvested twice a year.",有了肥沃的土壤和充足的水源，這個地區的稻米一年可以收成兩次。,,,,,,,,,,,,(v.),,,"crop, reap",,,,,,,,
高中,三民-B2-U9,,L3,B2,,harvest,[`hɑrvɪst],收成，收穫,"During the harvest, people in this village are busy gathering crops in the fields.",在收穫季節，這個村莊裡的居民忙著在田間收割農作物。,,,,,,,,,,,,(n.),,during/at a harvest,"crop, reap",,,,,,,,
高中,三民-B2-U9,,,,,Singapore,[`sɪŋgəˏpor],新加坡,Singapore is a vibrant island nation in Southeast Asia known for its stunning gardens and delicious street food.,新加坡是東南亞一個充滿活力的島嶼國家，以其令人驚嘆的花園和美味的街頭小吃而聞名。,,,,,,,,,,,,(n.),,,,,,,,,,,
高中,三民-B2-U9,,,,,city-state,[ˏsɪtɪ`stet],城市國家，城邦,Ancient Athens was a powerful city-state that contributed greatly to philosophy and democracy.,古雅典是一個強大的城邦，對哲學和民主做出了巨大貢獻。,,,,,,,,,,,,(n.),,,,,,,,,,,
高中,三民-B2-U9,,,,,vertical farming,[ˏvɝtɪkḷ `fɑrmɪŋ],垂直農業,Vertical farming is an innovative way to grow crops in urban areas using stacked layers.,垂直農業是一種創新的方式，可以在城市地區利用堆疊層種植作物。,,,,,,,,,,,,(n.),,,,,,,,,,,
高中,三民-B2-U9,,L6,C1,,upward,[`ʌpwɚd],向上地，朝上地,"The hot air balloon slowly floated upward, carrying its passengers high above the ground.",熱氣球緩緩地向上飄浮，載著乘客高高地飛離地面。,,,,,,,,,,,,(adv.),,,up,"down, downward",,,,,,,
高中,三民-B2-U9,,L6,C1,,upward,[`ʌpwɚd],向上的，向高處的,The upward trend in sales shows that our new product is becoming very popular.,銷售量向上的趨勢顯示我們的新產品正變得非常受歡迎。,,,,,,,,,,,,(adj.),,,up,"down, downward",,,,,,,
高中,三民-B2-U9,,,,,rotary,[`rotərɪ],旋轉式的,The new machine has a rotary blade that can cut through thick materials very easily.,這台新機器有一個旋轉式的刀片，可以非常容易地切割厚材料。,,,,,,,,,,,,(adj.),,,,,,,,,,,
高中,三民-B2-U9,,L6,,,rotate,[`rotet],旋轉，轉動,"To ensure even wear, you should rotate your car tires every six months or so.",為了確保均勻磨損，你應該大約每六個月輪換一次汽車輪胎。,,,,,,,,,,,,(v.),v.過去式：rotated；過去分詞：rotated；現在分詞：rotating,,revolve,,,,,,,,
高中,三民-B2-U9,,L5,,,rack,[ræk],架子，支架,She hung her coat on the coat rack near the door after coming home from school.,她放學回家後，把外套掛在門邊的衣帽架上。,,,,,,,,,,,,(n.),,,"torment, stand, torture, wheel",,,,,,,,
高中,三民-B2-U9,,,,,water rationing,[`wɑtɚ `ræʃənɪŋ],限水，水量配給,"Due to the severe drought, the city had to implement strict water rationing for all residents.",因為嚴重的乾旱，這座城市不得不對所有居民實施嚴格的限水措施。,,,,,,,,,,,,(n.),,,,,,,,,,,
高中,三民-B2-U9,,L4,,,rainfall,[`renˏfɔl],降雨量,The low rainfall this year has caused serious concerns about potential water shortages in the region.,今年偏低的降雨量已引起人們對該地區潛在缺水問題的嚴重擔憂。,,,,,,,,,,,,(n.),,,rain,,waterfall;downfall,,,,,,
高中,三民-B2-U9,,,,,micro-sprinkler,[`maɪkro `sprɪŋklɚ],微型灑水器,Farmers often use a micro-sprinkler system to water their crops efficiently and conserve precious water resources.,農民經常使用微型灑水器系統來有效率地灌溉作物並節省寶貴的水資源。,,,,,,,,,,,,(n.),,,,,,,,,,,
高中,三民-B2-U9,,,,,sprinkler,[`sprɪŋklɚ],灑水器,The automatic sprinkler turns on every morning at 6 AM to water the school lawn and keep it green.,自動灑水器每天早上六點會自動開啟，為學校草坪灑水，使其保持翠綠。,,,,,,,,,,,,(n.),,,,,,,,,,,
高中,三民-B2-U9,,,,,irrigation,[ˏɪrə`geʃən],灌溉,Modern irrigation techniques are essential for farmers to grow more food with less water in dry areas.,現代灌溉技術對於農民在乾旱地區用更少的水種植更多糧食至關重要。,,,,,,,,,,,,(n.),,,,,,,,,,,
高中,三民-B2-U9,,L6,,,computerize,[kəm`pjutəraɪz],使電腦化,The company plans to computerize all its record-keeping and inventory management to improve overall efficiency.,這家公司計劃將所有記錄保存和庫存管理電腦化，以提高整體效率。,,,,,,,,,,,,(v.),v.過去式：computerized；過去分詞：computerized；現在分詞：computerizing,,,,,,,,,,
高中,三民-B2-U9,,,,,biotechnology,[ˏbaɪotɛk`nɑlədʒɪ],生物技術,"Biotechnology offers exciting new solutions for advancements in medicine, agriculture, and environmental protection.",生物技術為醫學、農業和環境保護的進步提供了令人興奮的新解決方案。,,,,,,,,,,,,(n.),,,,,,,,,,,
高中,三民-B2-U9,,,,,Copenhagen,[ˏkopən`hegən],哥本哈根,"Copenhagen, the capital of Denmark, is famous for its beautiful canals, vibrant cycling culture, and sustainable living initiatives.",丹麥首都哥本哈根以其美麗的運河、充滿活力的自行車文化和永續生活倡議而聞名。,,,,,,,,,,,,(n.),,,,,,,,,,,
高中,三民-B2-U9,,,,,scale up something,,增加…，擴大…,"During the COVID-19 pandemic, mask factories scaled up their production to meet the increased need.",在新冠肺炎疫情期間，口罩工廠擴大了生產規模以滿足增加的需求。,,,,,,,,,,,,(phr.),,,,,,,,,,,
高中,三民-B2-U9,,,,,one by one,,一個接著一個，逐一地,"At the beginning of the forum, the host introduced the speakers to the audience one by one.",論壇剛開始，主持人向觀眾逐一介紹演講者。,,,,,,,,,,,,(phr.),,,,,,,,,,,
高中,三民-B2-U9,,,,,aside from . . .,,除了…還有…,"Aside from flooding, the typhoon brought trees down on streets, causing serious car accidents.",除了淹水之外，颱風還導致街道上的樹木倒塌，造成嚴重的車禍。,,,,,,,,,,,,(phr.),,,,,,,,,,,
高中,三民-B2-U9,,,,,rely on/upon . . .,,依賴…，依靠…,Many families today must rely on two incomes to support themselves.,現今許多家庭必須依賴兩份收入來養活他們自己。,,,,,,,,,,,,(phr.),,,,,,,,,,,
高中,三民-B2-U9,,,,,at/with the push/touch of a button,,輕易地,3D scanning and printing allows people to reproduce an item at the push of a button.,3D掃描和列印讓人們可以輕易地複製物品。,,,,,,,,,,,,(phr.),,,,,,,,,,,
高中,三民-B3-U1,,L5,B2,,resident,[ˋrɛzədənt],居住者，居民,"Residents of big cities usually have to face the problems of dirty air, loud noises, and heavy traffic.",大城市的居民通常要面對空氣汙濁、噪音，以及交通擁擠的問題。,,,,,,,,,,,,(n.),,,,,,,,,,,
高中,三民-B3-U1,,L4,B1,,facility,[fəˋsɪlətɪ],設施，設備,"The apartment building has many leisure facilities, such as a heated pool and a gym.",這棟公寓大樓設有許多休閒設施，如溫水游泳池和健身房。,,,,,,,,,,,,(n.),n.複數：facilities,leisure/hotel facilities,"proficiency, technique, installation, bathroom",,,,,,,,
高中,三民-B3-U1,,L4,B1,,facility,[fəˋsɪlətɪ],(某特定用途的)場所，機構,"The entrance to the military facility is heavily guarded, since all the information in this building must be kept secret.",這個軍事機構的入口戒備森嚴，因為這棟建築中的所有資訊都必須保密。,,,,,,,,,,,,(n.),n.複數：facilities,a military/sports/research facility,"proficiency, technique, installation, bathroom",,,,,,,,
高中,三民-B3-U1,,L5,C1,,evolve,[ɪˋvɑlv],使逐步形成，發展,The small business evolved into an international organization with offices all over the world.,這家小型企業發展成一間國際組織，在世界各地設有辦事處。,,,,,,,,,,,,(v.),v.過去式：evolved；過去分詞：evolved；現在分詞：evolving,evolve into something,,,,,,,,,
高中,三民-B3-U1,,L5,B2,,evolution,[͵ɛvəˋluʃən],發展；進化,The evolution of technology has greatly changed the way people communicate.,科技的發展大幅地改變了人們溝通的方式。,,,,,,,,,,,,(n.),n.複數：evolutions,evolution of something,,,,,,,,,
高中,三民-B3-U1,,L3,B2,,vision,[ˋvɪʒən],願景,"Helen has a clear vision of her future, including what her job will be and when she will get married.",Helen對自己的未來有清晰的願景，包括她的工作是什麼以及何時結婚。,,,,,,,,,,,,(n.),v.過去式：visioned；過去分詞：visioned；現在分詞：visioning | n.複數：visions,a vision of (doing) something,"sight, imagination",,,,,vis/vid (to see (看)),,,
高中,三民-B3-U1,,L3,B2,,vision,[ˋvɪʒən],視力,Danny has poor vision. He’s near-sighted and has to wear glasses.,Danny的視力很差。他有近視必須戴眼鏡。,,,,,,,,,,,,(n.),v.過去式：visioned；過去分詞：visioned；現在分詞：visioning | n.複數：visions,have poor/normal/good vision,"sight, imagination",,,,,vis/vid (to see (看)),,,
高中,三民-B3-U1,,L5,C2,,concept,[ˋkɑnsɛpt],概念，觀念,The concept of mindfulness can make a significant difference in people&apos;s lives.,正念的概念可以對人們的生活產生重大的變化。,,,,,,,,,,,,(n.),n.複數：concepts,a concept of something,"consider, believe, think",,,,,,,,
高中,三民-B3-U1,,L4,B1,,access,[ˋæksɛs],途徑,"Thanks to the sports center, people now have access to the space and equipment they need to play the sports they love.",多虧了運動中心，人們現在有使用他們所需的空間和設備來進行他們喜愛的運動的途徑。,,,,,,,,,,,,(n.),,access to something,approach,,excess,,,,,,
高中,三民-B3-U1,,L4,B1,,access,[ˋæksɛs],取得，使用,People with medical insurance are often able to access high-quality health services.,有醫療保險的人往往能夠取得高品質的醫療服務。,,,,,,,,,,,,(v.),,,approach,,excess,,,,,,
高中,三民-B3-U1,,L4,B1,,access,[ˋæksɛs],存取，讀取 (電腦資料、數據等),I have to access the library’s website to gain information for my homework.,我必須造訪圖書館的網站以獲得作業的相關資訊。,,,,,,,,,,,,(v.),,,approach,,excess,,,,,,
高中,三民-B3-U1,,L2,B1,,education,[͵ɛdʒəˋkeʃən],教育,"Education is our passport to the future, for tomorrow belongs only to the people who prepare for it today.",教育是我們通往未來的護照，因為明天只屬於今天為它做準備的人。,,,,,,,,,,,,(n.),n.複數：educations,,instruction,,,,-tion (state or action (狀態或行動)),,,,
高中,三民-B3-U1,,L3,B2,,educational,[͵ɛdʒəˋkeʃənḷ],(有關)教育的,There is a heated debate in educational circles about the age at which children should start learning a second language.,關於孩子應該從幾歲開始學習第二語言，教育界存在著激烈的爭論。,,,,,,,,,,,,(adj.),,,informative,,,,,,,,
高中,三民-B3-U1,,L3,B2,,educate,[ˋɛdʒə͵ket],教育,The public should be educated about the promise and challenges of this new technology.,大眾應該被教導這項新技術的前景和挑戰。,,,,,,,,,,,,(v.),v.過去式：educated；過去分詞：educated；現在分詞：educating,educate someone about/on/in something,"cultivate, train, prepare, school",,,,,duc/duct (lead (引導)),,,
高中,三民-B3-U1,,L2,B1,,equal,[ˋikwəl],平等的,Martin Luther King’s major goal was to achieve equal rights for African Americans.,馬丁‧路德‧金恩的主要目標是為非裔美國人實現平等的權利。,,,,,,,,,,,,(adj.),,,"close, touch, peer, like",differ,,,,,,,
高中,三民-B3-U1,,L2,B1,,equal,[ˋikwəl],同樣的，相等的,A century and ten decades are both equal to one hundred years.,一個世紀和十個十年都等於一百年。,,,,,,,,,,,,(adj.),,be equal to . . .,"close, touch, peer, like",differ,,,,,,,
高中,三民-B3-U1,,L2,B1,,equal,[ˋikwəl],等於，與…相等,Egg prices will continue to rise until supply equals demand.,雞蛋價格將持續上漲，直到供需平衡。,,,,,,,,,,,,(v.),,,"close, touch, peer, like",differ,,,,,,,
高中,三民-B3-U1,,L4,B2,,equality,[ɪˋkwɑlətɪ],平等，均等,Gender equality is a basic human right that must be defended.,性別平等是一個必須被捍衛的基本人權。,,,,,,,,,,,,(n.),n.複數：equalities,gender/racial equality,,,,,-ity (state or quality (狀態或特性)),,,,
高中,三民-B3-U1,,L4,B1,,admission,[ədˋmɪʃən],准許進入,"In addition to taking a college entrance exam, there are various ways to apply for admission to a university in Taiwan today.",除了參加大學入學考試外，如今申請進入臺灣的大學有很多種方式。,,,,,,,,,,,,(n.),n.複數：admissions,admission to something,,,,,,,,,
高中,三民-B3-U1,,L4,C1,,consult,[kənˋsʌlt],查閱,"Before baking a cake, Lewis consulted a recipe book.",在烘焙蛋糕之前，Lewis查閱了一本食譜書。,,,,,,,,,,,,(v.),v.過去式：consulted；過去分詞：consulted；現在分詞：consulting,,refer,,,,,,,,
高中,三民-B3-U1,,L4,C1,,consult,[kənˋsʌlt],諮詢,The suspect refused to say anything until he could consult his lawyer about the situation.,該名嫌犯表示，在能和律師討論情況之前，他拒絕發表任何意見。,,,,,,,,,,,,(v.),v.過去式：consulted；過去分詞：consulted；現在分詞：consulting,consult someone about/on something,refer,,,,,,,,
高中,三民-B3-U1,,L4,B2,,consultant,[kənˋsʌltṇt],顧問,Linda works as a management consultant that provides expert advice to improve companies’ business operations.,Linda是一名管理顧問，為改善公司的業務營運提供專業建議。,,,,,,,,,,,,(n.),n.複數：consultants,work/act as a management/financial/political consultant,,,,,,,,,
高中,三民-B3-U1,,L5,C1,,insight,[ˋɪn͵saɪt],了解，洞悉,Hank’s insight into human behavior helped him predict his friends’ responses.,Hank對人類行為的洞察幫助他預測他朋友們的反應。,,,,,,,,,,,,(n.),n.複數：insights,,,,,,,,,,
高中,三民-B3-U1,,L5,C1,,insight,[ˋɪn͵saɪt],洞察力,The movie star’s speech offered students a real insight into the nature of happiness.,這位電影明星的演講讓學生們真正了解幸福的本質。,,,,,,,,,,,,(n.),n.複數：insights,offer/give/provide/gain an insight into something,,,,,,,,,
高中,三民-B3-U1,,L5,,,accommodate,[əˋkɑmə͵det],容納,The building beside the church was built to accommodate worshippers with a comfortable space for worship and meals.,教堂旁的建築是為了提供信徒舒適的禮拜和用餐空間而建造的。,,,,,,,,,,,,(v.),v.過去式：accommodated；過去分詞：accommodated；現在分詞：accommodating,,"hold, reconcile, fit, admit",,,,,,,,
高中,三民-B3-U1,,L5,,,accommodate,[əˋkɑmə͵det],提供膳宿,"The newly opened hotel can accommodate up to 3,500 guests.","這新開的旅館最多可提供3,500位客人膳宿。",,,,,,,,,,,,(v.),v.過去式：accommodated；過去分詞：accommodated；現在分詞：accommodating,,"hold, reconcile, fit, admit",,,,,,,,
高中,三民-B3-U1,,,,,accommodations,[ə͵kɑməˋdeʃənz],住處,"The hotel offers affordable accommodations with friendly service, which makes it an ideal choice for budget-conscious travelers.",這間飯店提供平價的住宿和友善的服務，對精打細算的旅客來說是理想的選擇。,,,,,,,,,,,,(n.),,,,,,,,,,,
高中,三民-B3-U1,,,,,distribute,[dɪˋstrɪbjᴜt],分配，散布,The company plans to distribute its products to as many consumers as possible.,公司計畫將其產品分銷給盡可能多的消費者。,,,,,,,,,,,,(v.),,distribute something to/among . . .,,,,,,,,,
高中,三民-B3-U1,,L4,C1,,distribution,[͵dɪstrəˋbjuʃən],分配，配給,Efficient food distribution to earthquake-affected communities was necessary.,向受地震影響的區域進行有效的糧食分配是必要的。,,,,,,,,,,,,(n.),n.複數：distributions,,,"density, concentration",,,,,,,
高中,三民-B3-U1,,L3,B1,,emergency,[ɪˋmɝdʒənsɪ],緊急狀況,"First responders are trained to handle situations calmly, even in emergencies.",急救人員受過訓練，即使在緊急情況下也能冷靜地處理情況。,,,,,,,,,,,,(n.),n.複數：emergencies,in an emergency,pinch,,,,,,,,
高中,三民-B3-U1,,L5,C1,,integrate,[ˋɪntəgret],使融合，使成為一體,The design of this building integrates technology with art. Paying a visit to it can be a unique experience.,這棟建築的設計將科技與藝術融為一體。參觀它會是一種特殊的體驗。,,,,,,,,,,,,(v.),v.過去式：integrated；過去分詞：integrated；現在分詞：integrating,integrate something with/into something,"incorporate, mix",differentiate,,,,,,,
高中,三民-B3-U1,,L5,C1,,integration,[͵ɪntəˋgreʃən],融合,The integration of diverse cultural practices and experiences creates a more lively and welcoming society.,多元文化習俗和體驗的融合創造了一個更活躍和熱情的社會。,,,,,,,,,,,,(n.),n.複數：integrations,,,,,,,,,,
高中,三民-B3-U1,,,,,remotely,[rɪˋmotlɪ],從遠處地，遠端地,"Many household appliances, such as washing machines and air conditioners, can be remotely operated over the Internet.",許多家用電器，像是洗衣機、冷氣機，只要連接上網路就可以遠端地操作。,,,,,,,,,,,,(adv.),,,,,,,,,,,
高中,三民-B3-U1,,L3,B2,,remote,[rɪˋmot],遙遠的，偏僻的,It takes hours to get to the remote village up in the mountains.,需要花幾個小時才能到達山上偏遠的村莊。,,,,,,,,,,,,(adj.),n.複數：remotes | adj.比較級：remoter；最高級：remotest,,"distant, outside, far",,,,,,,,
高中,三民-B3-U1,,L4,B1,,route,[rut],路線,"We decided to take a relaxing route through the mountains, where we could enjoy the breathtaking views.",我們決定走一條輕鬆的路線穿過山脈，在那裡我們可以欣賞沿途令人驚嘆的景色。,,,,,,,,,,,,(n.),,take/follow a route,"path, road",,,,,,,,
高中,三民-B3-U1,,L3,B1,,warn,[wɔrn],警告，告誡,Cigarette companies are required to include information on their products that warns consumers about the risks of smoking.,香菸公司被要求在其產品上包含警示消費者吸菸風險的資訊。,,,,,,,,,,,,(v.),v.過去式：warned；過去分詞：warned；現在分詞：warning,warn someone about/against . . .,,,,,,,,,
高中,三民-B3-U1,,L4,,,adjust,[əˋdʒʌst],調整,I need to adjust the chair height to make it more comfortable for me.,我需要調整椅子的高度好讓我坐起來更舒適。,,,,,,,,,,,,(v.),,,,,,,,,,,
高中,三民-B3-U1,,,,,adjustment,[əˋdʒʌstmənt],調整,"Sherry made adjustments to the focus of her camera, so she could take clear pictures.",Sherry調整了她相機的焦距，這樣才能拍出清晰的照片。,,,,,,,,,,,,(n.),,an adjustment to something,,,,,,,,,
高中,三民-B3-U1,,,,,enhance,[ɪnˋhæns],提高，增強,"Through play, children learn social skills and enhance their relationships with other children.",透過玩耍，孩子可以學習社交技能並增強與其他孩子的關係。,,,,,,,,,,,,(v.),v.過去式：enhanced；過去分詞：enhanced；現在分詞：enhancing,,,,,,,,,,
高中,三民-B3-U1,,,,,establish,[əˋstæblɪʃ],建立，創辦,"Flora wanted to establish her own business, so she carefully planned and carried out her ideas to create a successful company.",Flora想要建立自己的事業，因此她精心地策劃並執行自己的想法，創建了一家成功的公司。,,,,,,,,,,,,(v.),v.過去式：established；過去分詞：established；現在分詞：establishing,,,,,,,,,,
高中,三民-B3-U1,,,,,establishment,[ɪˋstæblɪʃmənt],機構,The new hospital is a necessary establishment in the city that provides the people with medical care and services.,這家新的醫院是該城市必備的機構，為人民提供醫療保健和服務。,,,,,,,,,,,,(n.),,,,,,,,,,,
高中,三民-B3-U1,,L3,B2,,summary,[ˋsʌmərɪ],概要,I wrote a brief summary to highlight the key points of the lengthy document.,我寫了一個簡短的摘要，以凸顯這份冗長文件中的要點。,,,,,,,,,,,,(n.),n.複數：summaries,,"concise, compact",,,,,,,,
高中,三民-B3-U1,,L4,C1,,summarize,[ˋsʌmə͵raɪz],總結,"After reading the book, the students were asked to summarize the main events in a short and simple way.",讀完這本書後，學生被要求用簡短的方式總結主要事件。,,,,,,,,,,,,(v.),v.過去式：summarized；過去分詞：summarized；現在分詞：summarizing,,resume,,,,,,,,
高中,三民-B3-U1,,L5,B2,,crucial,[ˋkruʃəl],關鍵的,Getting a good night’s sleep before the exam is crucial to doing well.,考試前睡個好覺對於獲得好成績是很關鍵的。,,,,,,,,,,,,(adj.),,be crucial to/for something,"critical, essential, important, relevant",,,,,,,,
高中,三民-B3-U1,,L4,B2,,vital,[ˋvaɪtḷ],極重要的，不可缺少的,The Internet plays a vital role in modern society as people depend on it for almost everything.,網路在現代社會中扮演著極重要的角色，因為人們幾乎所有事情都依賴它。,,,,,,,,,,,,(adj.),,play a vital role/part in something,"critical, essential, indispensable, animate",,,,,,,,
高中,三民-B3-U1,,L4,B2,,vital,[ˋvaɪtḷ],生命的，維持生命所必需的,"The kidney, which filters waste from the blood, is one of the vital organs in the human body.",腎臟負責過濾血液中的廢物，是人體重要的器官之一。,,,,,,,,,,,,(adj.),,vital organs/signs,"critical, essential, indispensable, animate",,,,,,,,
高中,三民-B3-U1,,L2,C1,,aid,[ed],救助，援助,"The Red Cross provides aid to disaster victims by offering food, housing, and medical care.",紅十字會透過提供食物、住房和醫療服務來為災民提供援助。,,,,,,,,,,,,(n.),,,"assist, assistance, attention, care",,,,,,,,
高中,三民-B3-U1,,L2,C1,,aid,[ed],幫助，支援,I aid my neighbor in carrying groceries into their house.,我幫助鄰居將雜貨搬進他們家。,,,,,,,,,,,,(v.),,aid someone in (doing) something,"assist, assistance, attention, care",,,,,,,,
高中,三民-B3-U1,,,,,overestimate,[ˋovɚˋɛstə͵met],高估,We shouldn&apos;t overestimate the impact of this small change on the overall project.,我們不應該高估這個小變化對整個專案的影響。,,,,,,,,,,,,(v.),,,,,,,,,,,
高中,三民-B3-U1,,L4,B2,,estimate,[ˋɛstə͵met],估計，估算,The Harry Potter books are estimated to have sold more than 500 million copies around the world.,《哈利波特》系列書籍據估計在全球已經銷售超過5億本。,,,,,,,,,,,,(v.),,be estimated to do something,"idea, reckon, figure, gauge",,,,,,,,
高中,三民-B3-U1,,L4,B2,,estimate,[ˋɛstəmɪt],估算,"It is hard for us to make an estimate on the timing, but we will finish the project as soon as possible.",我們難以估算時間，但我們會盡快完成這個專案。,,,,,,,,,,,,(n.),,make an estimate,"idea, reckon, figure, gauge",,,,,,,,
高中,三民-B3-U1,,L5,C1,,strategic,[strəˋtidʒɪk],策略性的,"The general made a strategic decision to move his troops to higher ground, which gave them an advantage.",將軍做了一個策略性的決定，將部隊移到高地，這讓他們佔了優勢。,,,,,,,,,,,,(adj.),,,important,,,,,,,,
高中,三民-B3-U1,,L6,C2,,flourish,[ˋflɝɪʃ],茁壯成長;繁榮，蓬勃發展,"With hard work and dedication, a small business can flourish and become very successful in the market.",只要努力和奉獻，一家小企業就能蓬勃發展，在市場上取得巨大成功。,,,,,,,,,,,,(v.),,,"expand, wave, boom, thrive",,,,,,,,
高中,三民-B3-U1,,,,,prioritize,[praɪˋɔrə͵taɪz],按優先順序處理,It's important to prioritize your tasks to manage your time effectively and ensure you meet all deadlines.,重要的是要按優先順序處理你的任務，才能有效管理時間並確保完成所有截止日期。,,,,,,,,,,,,(v.),,,,,,,,,,,
高中,三民-B3-U1,,,,,evenly,[ˋivənlɪ],平均地,Please spread the butter evenly on the toast so that every part is covered and tastes good.,請將奶油均勻地塗抹在吐司上，讓每個部分都覆蓋到且味道好。,,,,,,,,,,,,(adv.),,,,,,,,,,,
高中,三民-B3-U1,,,,,streamline,[ˋstrim͵laɪn],設計成流線型,The company decided to streamline its production process to reduce costs and increase overall efficiency.,這家公司決定簡化其生產流程，以降低成本並提高整體效率。,,,,,,,,,,,,(v.),,,,,,,,,,,
高中,三民-B3-U1,,,,,streamlined,[ˋstrim͵laɪnd],簡化的,"The new software has a streamlined interface, which makes it much easier for users to navigate and understand.",這款新軟體具有簡化的介面，讓使用者更容易操作和理解。,,,,,,,,,,,,(adj.),,,,,,,,,,,
高中,三民-B3-U1,,,,,congested,[kənˋdʒɛstɪd],堵塞的，擁擠的,"The city roads become very congested during rush hour, causing significant delays for commuters every day.",這座城市的道路在尖峰時段變得非常擁擠，每天都導致通勤者嚴重延誤。,,,,,,,,,,,,(adj.),,,,,,,,,,,
高中,三民-B3-U1,,,,,congestion,[kənˋdʒɛstʃən],壅塞，擁擠,"To reduce traffic congestion, the government encourages people to use public transport instead of driving.",為了減少交通壅塞，政府鼓勵人們搭乘大眾運輸工具而非開車。,,,,,,,,,,,,(n.),,,,,,,,,,,
高中,三民-B3-U1,,L5,C1,,component,[kəmˋponənt],組成部分,Each component of the machine must work perfectly for the whole system to function correctly and efficiently.,機器中的每個組成部分都必須完美運作，整個系統才能正確且有效率地運作。,,,,,,,,,,,,(n.),,,"element, part, factor, portion",,,,,,,,
高中,三民-B3-U1,,,,,in line with,,符合,The new rules for the game are in line with what we agreed on earlier.,這些新遊戲規則與我們之前達成的共識相符。,,,,,,,,,,,,(phr.),,,,,,,,,,,
高中,三民-B3-U1,,,,,in terms of,,就…方面來說,"In terms of transportation, we need to consider the most efficient and cost-effective options for the project.",在交通方面，我們需要考慮對該項目最有效和最具成本效益的選擇。,,,,,,,,,,,,(phr.),,,,,,,,,,,
高中,三民-B3-U1,,,,,in turn,,因而，相應地,"Read as many books as you can, and, in turn, they will bring you happiness and knowledge.",盡可能地多閱讀，相應地，它們會帶給你快樂和知識。,,,,,,,,,,,,(phr.),,,,,,,,,,,
高中,三民-B3-U2,,L2,B1,,progress,[prəˋgrɛs],進步，進展,"Tessa used to be a sales clerk in the shop, and now she has progressed to managing the shop.",Tessa曾經是店裡的銷售員，現在她已經晉升到管理店面。,,,,,,,,,,,,(v.),,progress to something,"advance, build",,,pro- (in favor of (向前，支持)),,"grad/gress (step, go (步伐、前進))",,,
高中,三民-B3-U2,,L2,B1,,progress,[ˋprɑgrɛs],進步，進展,"Steve has made great progress in learning English, which has helped him achieve high scores on the TOEFL test.",Steve在學習英語有很大的進步，這幫助他在托福考試中得了高分。,,,,,,,,,,,,(n.),,make progress in something,"advance, build",,,pro- (in favor of (向前，支持)),,"grad/gress (step, go (步伐、前進))",,,
高中,三民-B3-U2,,L2,A2,,danger,[ˋdendʒɚ],危險因素,"Even though Michael knows that smoking is a danger to his health, he finds it hard to quit.",儘管Michael知道吸菸危害健康，他發現它很難戒除。,,,,,,,,,,,,(n.),n.複數：dangers,,"peril, risk",safety,,,,,,,
高中,三民-B3-U2,,L2,A2,,danger,[ˋdendʒɚ],危險性,"After three hours in surgery, the patient is no longer in danger of dying.",手術三小時後，這名患者不再有死亡的危險性。,,,,,,,,,,,,(n.),n.複數：dangers,in danger of,"peril, risk",safety,,,,,,,
高中,三民-B3-U2,,L2,A2,,term,[tɝm],用語，術語,The term “global warming” refers to the increase in Earth&apos;s average temperature.,「全球暖化」一詞指的是地球平均溫度的上升。,,,,,,,,,,,,(n.),,,condition,,,,,,,,
高中,三民-B3-U2,,,,,capability,[kepəˋbɪlətɪ],能力，才能,High-tech weapons provide a nation with the capability to protect itself against attack from other countries.,高科技武器提供一個國家保護自己免受其他國家攻擊的能力。,,,,,,,,,,,,(n.),,a capability to do something,,,,,,,,,
高中,三民-B3-U2,,L5,C1,,capable,[ˋkepəbḷ],有能力的，能…的,The board members believe that the new CEO is capable of leading the company to a new peak.,董事會成員相信新任的CEO有能力帶領公司走向新的高峰。,,,,,,,,,,,,(adj.),,be capable of (doing) something,capacity,,,,,,,,
高中,三民-B3-U2,,L5,C1,,transform,[trænsˋfɔrm],徹底改變,"After a lot of hard work, the water quality of the formerly polluted river has been significantly improved, and the banks have been transformed into a popular tourist spot.",經過一番努力後，原本被汙染的河川水質明顯地改善，河岸也轉變為熱門的旅遊景點。,,,,,,,,,,,,(v.),v.過去式：transformed；過去分詞：transformed；現在分詞：transforming,transform . . . (from something) into something,"shift, translation",,,,,,,,
高中,三民-B3-U2,,L4,B2,,conventional,[kənˋvɛnʃənḷ],慣例的，傳統的,"The old scholar believes in conventional methods of studying, such as memorization and taking notes.",這名老學者相信傳統的學習方法，像是背誦和做筆記。,,,,,,,,,,,,(adj.),,,"square, customary, formal, straight","atomic, nuclear",,,,,,,
高中,三民-B3-U2,,L4,C1,,convention,[kənˋvɛnʃən],慣例，習俗,"By convention, a bride will wear a white wedding gown in Western countries.",按照慣例，西方國家的新娘會穿白色婚紗。,,,,,,,,,,,,(n.),n.複數：conventions,by convention,"pattern, rule, normal, formula",,,,,,,,
高中,三民-B3-U2,,L3,A2,,assistant,[əˋsɪstənt],助理，助手,"With three projects going on, Professor Baker has so much work to do that he desperately needs an assistant to help him.",由於三個計畫正在進行，Baker教授有大量工作要做，他迫切需要一名助手來幫助他。,,,,,,,,,,,,(n.),n.複數：assistants,,"subordinate, help",,,,,,,,
高中,三民-B3-U2,,L3,B2,,assist,[əˋsɪst],幫助，協助,"The new policy aims to assist low-income families in accessing child care, particularly those with parents who need to work late.",新政策旨在幫助低收入家庭獲得托兒服務，特別是那些父母需要工作到很晚的家庭。,,,,,,,,,,,,(v.),v.過去式：assisted；過去分詞：assisted；現在分詞：assisting | n.複數：assists,assist someone in doing something,"attend, assistance, serve, aid",,,,,,,,
高中,三民-B3-U2,,L4,B2,,assistance,[əˋsɪstəns],幫助，協助,Linda was able to start her business with the financial assistance of her family and friends.,Linda在家人和朋友的財務支援下得以開始經營她的生意。,,,,,,,,,,,,(n.),,with the assistance of . . .,"assist, aid, help",,,,-ance / -ence (action or state (行動或狀態)),,,,
高中,三民-B3-U2,,L4,B2,,acquire,[əˋkwaɪr],習得，學到,"Through the training program, the workers acquired the skills they needed to operate the new machines.",透過培訓計畫，工人們習得操作新機器所需的技能。,,,,,,,,,,,,(v.),v.過去式：acquired；過去分詞：acquired；現在分詞：acquiring,,"produce, take, adopt, get",,,,,,,,
高中,三民-B3-U2,,L2,B2,,instant,[ˋɪnstənt],立即的，馬上的,Grace wrote an email of complaint to the department store and got an instant response.,Grace寫了一封投訴電子郵件到百貨公司，並得到了即時的回覆。,,,,,,,,,,,,(adj.),,,"imperative, minute, second, flash",,,,,,,,
高中,三民-B3-U2,,L4,B2,,feedback,[ˋfid͵bæk],意見回饋,The restaurant owner always invites the customers to provide feedback on food and service so that he can better meet their needs.,餐廳老闆總是邀請顧客提供有關食物和服務的意見回饋，以便他能好好滿足他們的需求。,,,,,,,,,,,,(n.),,provide/give feedback on something,,,,,,,,,
高中,三民-B3-U2,,L4,B2,,prompt,[prɑmpt],指令，提示,"When you close a file, a prompt may ask whether you want to save changes.",當你關閉文件時，可能會出現提示，詢問你是否儲存變更。,,,,,,,,,,,,(n.),,,"propel, efficient, fast, immediate",,,,,,,,
高中,三民-B3-U2,,L4,B2,,prompt,[prɑmpt],促使,The deadline prompts Miranda to finish the project quickly.,截止日期促使Miranda迅速完成了專案。,,,,,,,,,,,,(v.),,,"propel, efficient, fast, immediate",,,,,,,,
高中,三民-B3-U2,,L4,B2,,prompt,[prɑmpt],迅速的，立即的,The firefighters took prompt action and successfully saved the boy trapped in the burning house.,消防隊員採取立即的行動，成功救出被困在燃燒房屋中的男孩。,,,,,,,,,,,,(adj.),,,"propel, efficient, fast, immediate",,,,,,,,
高中,三民-B3-U2,,L3,A2,,journey,[ˋdʒɝnɪ],經歷，路程,"The novel shows the journey of a little girl’s growth, from being childish and immature to becoming independent and responsible.",這本小說講述一個小女孩的成長歷程，從她稚氣未成熟到變得獨立和負責任。,,,,,,,,,,,,(n.),,,travel,,trip;travel,,,,,,
高中,三民-B3-U2,,L3,A2,,journey,[ˋdʒɝnɪ],旅行，行程,The couple went on a journey to a foreign country during their vacation to relieve stress from their work.,這對夫妻利用他們的假期到國外旅行，以緩解工作壓力。,,,,,,,,,,,,(n.),,go on a journey (to somewhere),travel,,trip;travel,,,,,,
高中,三民-B3-U2,,L5,C1,,sector,[ˋsɛktɚ],部門，領域,The country’s banking sector did not do well last year. Many banks earned low profits or faced a debt crisis.,這個國家的銀行領域去年表現不佳。許多銀行利潤微薄，或面臨債務危機。,,,,,,,,,,,,(n.),n.複數：sectors,a(n) banking/service/agricultural/industrial sector,sphere,,,,,,,,
高中,三民-B3-U2,,L5,C1,,productivity,[͵prodʌkˋtɪvətɪ],生產率,Using robots in the factory is one of the company’s methods to increase productivity.,在工廠使用機器人是該公司提高生產率的方法之一。,,,,,,,,,,,,(n.),,increase/improve/raise productivity,,,,,,,,,
高中,三民-B3-U2,,L4,B2,,productive,[prəˋdʌktɪv],富有成效的,"After a thirty-minute  discussion, several important decisions were made in the highly productive meeting.",經過三十分鐘的討論，這場高度富有成效的會議做出了許多重要決定。,,,,,,,,,,,,(adj.),,,"rich, creative, fat, successful",,,,,,,,
高中,三民-B3-U2,,L4,C1,,sacrifice,[ˋsækrəfaɪs],犧牲，獻出,"The soldiers sacrificed their lives for their country at the end of the story, and their deaths were a great tragedy.",故事的結尾，士兵們為國捐軀，他們的死亡是一場大悲劇。,,,,,,,,,,,,(v.),,sacrifice something for . . .,give,,,,,,,,
高中,三民-B3-U2,,L4,C1,,sacrifice,[ˋsækrəfaɪs],犧牲,It is impossible to achieve your goals without making any sacrifices. Success takes time and effort.,不做出任何犧牲就不可能實現你的目標。 成功需要時間和努力。,,,,,,,,,,,,(n.),,make a sacrifice,give,,,,,,,,
高中,三民-B3-U2,,L3,B1,,security,[sɪˋkjᴜrətɪ],安全,"The bicycle lock, which can’t be cut off easily, provides security against thieves.",自行車鎖不易被切斷，可防止小偷竊取。,,,,,,,,,,,,(n.),n.複數：securities,,"protection, certificate",,,,,,,,
高中,三民-B3-U2,,L4,B2,,secure,[sɪˋkjᴜr],安全無虞的,Jason spent lots of money on an alarm system in order to keep his shop secure from burglars.,Jason花了很多錢購買警報系統，以確保他的商店免受竊賊侵害。,,,,,,,,,,,,(adj.),,,"good, assure, strong, sound",,,,,,,,
高中,三民-B3-U2,,L4,B2,,secure,[sɪˋkjᴜr],獲得,Ben managed to secure a place for his child in the best elementary school of the city.,Ben成功為他的孩子在這座城市最好的小學獲得了一個名額。,,,,,,,,,,,,(v.),,secure something for . . .,"good, assure, strong, sound",,,,,,,,
高中,三民-B3-U2,,L4,,,analyze,[ˋænḷaɪz],分析,Water samples from various regions were analyzed for harmful chemicals.,來自不同地區的水樣本被分析以檢測有害的化學物質。,,,,,,,,,,,,(v.),v.過去式：analysed；過去分詞：analysed；現在分詞：analysing,analyze something for something,"examine, study",,,,,,,,
高中,三民-B3-U2,,L4,B2,,analysis,[əˋnæləsɪs],分析,"To make sure that the medicine was effective, the expert conducted a chemical analysis of some blood samples.",為了確保藥物有效，專家對一些血液樣本進行了化學分析。,,,,,,,,,,,,(n.),n.複數：analyses,conduct/perform an analysis,,,,,,,,,
高中,三民-B3-U2,,L3,B2,,risk,[rɪsk],潛在危險,Sean always wears his helmet while riding a bicycle to reduce the risk of getting injured.,Sean騎自行車時總是會戴安全帽，以減少受傷的風險。,,,,,,,,,,,,(n.),,a risk of something,"peril, chance, adventure, danger",,,,,,,,
高中,三民-B3-U2,,L3,B2,,risk,[rɪsk],風險,"Mosquitoes that carry diseases pose a risk to human health. People may suffer from a fever, headaches, or muscle pain.",攜帶疾病的蚊子對人類健康構成威脅。人們可能會發燒、頭痛或肌肉疼痛。,,,,,,,,,,,,(n.),,,"peril, chance, adventure, danger",,,,,,,,
高中,三民-B3-U2,,L3,B1,,technique,[tɛkˋnik],技術，技能,"During my time in the position, I have learned the techniques for solving mechanical problems.",在擔任該職位期間，我學會了解決機械問題的技能。,,,,,,,,,,,,(n.),n.複數：techniques,a technique for doing something,"proficiency, facility",,,,,,,,
高中,三民-B3-U2,,,,,rapidly,[ˋræpɪdlɪ],快速地，迅速地,"The city that had been nearly destroyed in the storm was rapidly rebuilt, and it began to prosper again in just one year.",這座在風暴中幾乎被摧毀的城市迅速地重建，僅僅一年的時間就再次開始繁榮。,,,,,,,,,,,,(adv.),,,,,,,,,,,
高中,三民-B3-U2,,L2,B2,,rapid,[ˋræpɪd],快速的，迅速的,"In the summer, there is always a rapid growth in sales of ice cream and cold drinks.",在夏季，冰淇淋和冷飲的銷售量總是快速成長。,,,,,,,,,,,,(adj.),adj.比較級：rapider；最高級：rapidest,rapid growth/change/development,fast,,,,,,,,
高中,三民-B3-U2,,L4,B2,,identify,[aɪ͵dɛntəfaɪ],發現，找到,"After a full examination, the doctor was finally able to identify the actual cause of Ashley’s sudden memory loss.",經過全面檢查，醫生終於找出Ashley突然失憶的真正原因。,,,,,,,,,,,,(v.),v.過去式：identified；過去分詞：identified；現在分詞：identifying,,"key, describe, distinguish, name",,,,-ify (to make; cause (使…化；使成…)),,,,
高中,三民-B3-U2,,L4,B2,,identify,[aɪˋdɛntəfaɪ],指認，確認,"The painting, which has been identified as an Andy Warhol original, is of great cultural value.",這幅畫被鑑定為安迪‧沃荷的原創作品，具有極高的文化價值。,,,,,,,,,,,,(v.),v.過去式：identified；過去分詞：identified；現在分詞：identifying,identify . . . as . . .,"key, describe, distinguish, name",,,,-ify (to make; cause (使…化；使成…)),,,,
高中,三民-B3-U2,,L4,A2,,identification,[aɪ͵dɛntəfəˋkeʃən],辨認，鑑定,"Since the airplane was completely destroyed, identification of the crash victims proved a difficult job.",由於飛機被完全摧毀，墜機罹難者的身分辨識成為一項艱鉅的工作。,,,,,,,,,,,,(n.),n.複數：identifications,,recognition,,,,,,,,
高中,三民-B3-U2,,L4,C2,,ignore,[ɪgˋnor],忽視，不注意,"Tony ignored the “Quiet Please” sign in the library and talked loudly on his phone. As a result, he was scolded by the librarian.",Tony無視圖書館裡「請安靜」的告示並大聲地講電話。結果，他被圖書館員訓話了一頓。,,,,,,,,,,,,(v.),v.過去式：ignored；過去分詞：ignored；現在分詞：ignoring,,,,,,-ance / -ence (action or state (行動或狀態)),,,,
高中,三民-B3-U2,,L3,B2,,expectation,[͵ɛkspɛkˋteʃən],期待，預期,"Over the past ten years, the tech company’s products have gotten poorer in quality and no longer meet customers’ expectations.",在過去的十年裡，這家科技公司的產品品質越來越差，不再滿足客戶的期待。,,,,,,,,,,,,(n.),n.複數：expectations,meet/fulfill/satisfy one’s expectations,"prospect, anticipation, outlook",,,,,,,,
高中,三民-B3-U2,,L5,C1,,embrace,[ɪmˋbres],欣然接受,We should embrace new technologies and innovative ideas to stay competitive in this rapidly changing world.,我們應該欣然接受新技術和創新想法，以在這個快速變化的世界中保持競爭力。,,,,,,,,,,,,(v.),,,"bosom, comprehend, cover, squeeze",,,,,,,,
高中,三民-B3-U2,,L5,C1,,embrace,[ɪmˋbres],擁抱,A warm embrace from a friend can make you feel much better and comforted when you are feeling sad.,當你感到悲傷時，朋友的一個溫暖擁抱能讓你感覺好很多，得到安慰。,,,,,,,,,,,,(n.),,,"bosom, comprehend, cover, squeeze",,,,,,,,
高中,三民-B3-U2,,,,,artificial intelligence,[͵ɑrtɪˋfɪʃɔl ɪnˋtɛlədʒəns],人工智慧,"Artificial intelligence is rapidly transforming many industries, from healthcare and finance to entertainment.",人工智慧正在快速改變許多產業，從醫療保健和金融到娛樂業。,,,,,,,,,,,,(n.),,,,,,,,,,,
高中,三民-B3-U2,,L4,B2,,artificial,[͵ɑrtɪˋfɪʃɔl],人造的，人工的,Many people prefer natural light over artificial light when studying or working for long hours.,許多人在長時間學習或工作時，會偏好自然光而非人造光。,,,,,,,,,,,,(adj.),,,"fake, near, synthetic, false",natural,,,,,,,
高中,三民-B3-U2,,L4,B2,,intelligence,[ɪnˋtɛlədʒəns],智慧，智力,Scientists are still trying to fully understand the complexity of human intelligence and how it works.,科學家仍在努力完全理解人類智慧的複雜性及其運作方式。,,,,,,,,,,,,(n.),n.複數：intelligences,,"word, news",,,,,,,,
高中,三民-B3-U2,,L3,B1,,intelligent,[ɪnˋtɛlədʒənt],有才智的，聰明的,An intelligent student can usually understand new concepts quickly and solve problems effectively in class.,一個聰明的學生通常能快速理解新概念，並在課堂上有效地解決問題。,,,,,,,,,,,,(adj.),,,"keen, sharp, sensible, bright",stupid,,,,,,,
高中,三民-B3-U2,,,,,after-school,[ˋæftɚ skul],課後的,Many students join after-school clubs like basketball or art to relax and learn new skills.,許多學生參加籃球或美術等課後社團，以放鬆身心並學習新技能。,,,,,,,,,,,,(adj.),,,,,,,,,,,
高中,三民-B3-U2,,,,,24/7,[͵twɛntɪ fɔr ˋsɛvən],無時無刻地,The hospital's emergency room is open 24/7 to provide medical care whenever it's needed.,醫院的急診室全天候開放，隨時提供醫療服務。,,,,,,,,,,,,(adv.),,,,,,,,,,,
高中,三民-B3-U2,,,,,on-call,[͵ɑnˋkɔl],隨時待命的,"As a doctor, she has to be on-call during weekends, ready to go to the hospital at any moment.",作為一名醫生，她週末必須隨時待命，隨時準備前往醫院。,,,,,,,,,,,,(adj.),,,,,,,,,,,
高中,三民-B3-U2,,,,,interactive,[͵ɪntɚˋæktɪv],互動的,The museum has many interactive exhibits where visitors can touch and play to learn more about science.,這座博物館有許多互動式展品，遊客可以觸摸和玩耍以學習更多科學知識。,,,,,,,,,,,,(adj.),,,,,,,,,,,
高中,三民-B3-U2,,,,,repetitive,[rɪˋpɛtɪtɪv],重複的,"Some factory jobs involve performing repetitive movements, which can be tiring after a long shift.",有些工廠工作涉及重複性動作，長時間輪班後可能會感到疲憊。,,,,,,,,,,,,(adj.),,,,,,,,,,,
高中,三民-B3-U2,,L4,C2,,repetition,[͵rɛpɪˋtɪʃən],重複,Learning new vocabulary often requires a lot of repetition to make sure you remember the words well.,學習新詞彙通常需要大量的重複，以確保你牢記這些單字。,,,,,,,,,,,,(n.),n.複數：repetitions,,repeat,,,,,,,,
高中,三民-B3-U2,,,,,automated,[ˋɔtəmetɪd],自動化的,"Many modern factories use automated robots to assemble products, which increases efficiency and speed.",許多現代工廠使用自動化機器人組裝產品，這提高了效率和速度。,,,,,,,,,,,,(adj.),,,,,,,,,,,
高中,三民-B3-U2,,,,,cybersecurity,[͵saɪbɚsɪˋkjᴜrətɪ],網路安全,Good cybersecurity practices are essential to protect personal data and prevent online attacks from hackers.,良好的網路安全措施對於保護個人資料和防止駭客的網路攻擊至關重要。,,,,,,,,,,,,(n.),,,,,,,,,,,
高中,三民-B3-U2,,L6,C1,,dual,[ˋdjuəl],雙重的,"Many modern smartphones offer dual SIM card slots, allowing users to have two different phone numbers.",許多現代智慧型手機提供雙SIM卡插槽，讓使用者可以擁有兩個不同的電話號碼。,,,,,,,,,,,,(adj.),,,"double, multiple, plural",,,,,,,,
高中,三民-B3-U2,,,,,fire alarm,[ˋfaɪr ə͵lɑrm],火警警報器,"When the fire alarm suddenly went off, everyone quickly and calmly evacuated the building.",當火警警報器突然響起時，所有人迅速而鎮定地疏散了建築物。,,,,,,,,,,,,(n.),,,,,,,,,,,
高中,三民-B3-U2,,L2,A2,,alarm,[əˋlɑrm],警報器,"The car alarm started blaring loudly in the middle of the night, waking up the whole neighborhood.",汽車警報器在半夜大聲鳴響，吵醒了整個社區。,,,,,,,,,,,,(n.),,,"dismay, horrify, alert",,,,,,,,
高中,三民-B3-U2,,,,,ever since,,自從,"Ever since John was 10, he has been exercising to maintain a healthy body.",自從John十歲起，他就一直堅持運動以保持健康的身體。,,,,,,,,,,,,(phr.),,,,,,,,,,,
高中,三民-B3-U2,,,,,around/round the clock,,日以繼夜,"Walt really wants to become a professional dancer, so he practices his dance moves around the clock.　",Walt真的很想成為職業舞者，所以他晝夜不停地練習他的舞蹈動作。,,,,,,,,,,,,(phr.),,,,,,,,,,,
高中,三民-B3-U2,,,,,guard against something,,防止，防範,Fastening seat belts can guard against serious injuries in car accidents.,繫好安全帶可以防止車禍中的嚴重傷害。,,,,,,,,,,,,(phr.),,,,,,,,,,,
高中,三民-B3-U2,,,,,level up,,升級,"Since farmers changed their planting methods, the quality of grapes has leveled up.",自從農民改變他們的種植方式後，葡萄的品質提升了。,,,,,,,,,,,,(phr.),,,,,,,,,,,
高中,三民-B3-U2,,,,,all in all,,總而言之,"The camping trip had some unexpected challenges, but all in all, it was a memorable experience.",這次露營旅行遇到一些預期外的挑戰，但總而言之，這是一段難忘的經歷。,,,,,,,,,,,,(phr.),,,,,,,,,,,
高中,三民-B3-U3,,,,,involved,[ɪnˋvɑlvd],涉及的，有關的,"After Angela became involved in the family business, she didn’t have much time to spend with her children.",Angela開始涉足家族事業後，她沒有太多時間陪伴孩子。,,,,,,,,,,,,(adj.),,be involved in something,,,,,,,,,
高中,三民-B3-U3,,,,,involve,[ɪnˋvɑlv],包含，需要,"Learning a new language involves practicing speaking, listening, reading, and writing.",學習一個新的語言包含練習說、聽、讀、寫。,,,,,,,,,,,,(v.),v.過去式：involved；過去分詞：involved；現在分詞：involving,,,,,,,,,,
高中,三民-B3-U3,,,,,involvement,[ɪnˋvɑlvmənt],參與，涉入,The police are looking into the suspect’s possible involvement in other murder cases.,警方正在調查該嫌疑人涉入其他謀殺案件的可能。,,,,,,,,,,,,(n.),,involvement in/with/of something,,,,,,,,,
高中,三民-B3-U3,,L2,A2,,serve,[sɝv],提供，供應(飲料、食物),The restaurant takes pride in serving its customers with the best steak in town.,這間餐廳以提供顧客鎮上最好的牛排為傲。,,,,,,,,,,,,(v.),v.過去式：served；過去分詞：served；現在分詞：serving,serve someone with something,"process, function, assist, attend",,,,,,,,
高中,三民-B3-U3,,L4,B2,,overcome,[͵ovɚˋkʌm],克服,Derek practiced giving his speech in front of his family over and over in order to overcome his fear of public speaking.,Derek一遍又一遍地在家人面前練習他的演講，以克服他對公開演說的恐懼。,,,,,,,,,,,,(v.),v.過去式：overcame；過去分詞：overcome；現在分詞：overcoming,overcome a fear/problem/difficulty,"weak, master, overwhelm, defeat",,,,,,,,
高中,三民-B3-U3,,L4,B2,,potential,[pəˋtɛnʃəl],潛力，潛能,"With her talent for painting, Laura has great potential to become a professional artist if she receives formal training.",憑藉著她的繪畫天賦，Laura如果接受正規培訓，她很有潛力成為職業藝術家。,,,,,,,,,,,,(n.),,have potential,"prospective, possible, likely",actual,,,,,,,
高中,三民-B3-U3,,L4,B2,,potential,[pəˋtɛnʃəl],可能的，潛在的,A successful commercial can help a product stand out and attract as many potential buyers as possible.,一則成功的廣告能讓產品脫穎而出，並盡可能吸引更多潛在的買家。,,,,,,,,,,,,(adj.),,a potential buyer/client/customer,"prospective, possible, likely",actual,,,,,,,
高中,三民-B3-U3,,L2,B1,,firm,[fɝm],堅決的，堅定的,"Growing up in a religious family, Melissa developed a firm belief in God.",在一個虔誠家庭長大，Melissa對上帝產生了堅定的信仰。,,,,,,,,,,,,(adj.),,,"strong, secure, hard, fresh",,,,,,,,
高中,三民-B3-U3,,L2,B1,,firm,[fɝm],堅固的,Jack prefers sleeping on a firm bed because soft beds give him back pain.,Jack偏好睡硬床，因為軟床會讓他背痛。,,,,,,,,,,,,(adj.),,,"strong, secure, hard, fresh",,,,,,,,
高中,三民-B3-U3,,L2,B1,,firm,[fɝm],公司，商號,"With years of hard work, the small marketing firm expanded and has gained reputation within the industry.",經過多年的努力，這家小型行銷公司擴大規模，並在業界贏得了聲譽。,,,,,,,,,,,,(n.),,,"strong, secure, hard, fresh",,,,,,,,
高中,三民-B3-U3,,L4,C1,,limitation,[͵lɪməˋteʃən],限制,"To enhance productivity, the company established limitations on the use of social media during working hours.",為了提高生產力，公司在上班時間對社群媒體的使用設立了限制。,,,,,,,,,,,,(n.),n.複數：limitations,a limitation on,"limit, restriction",,,,,,,,
高中,三民-B3-U3,,L4,C1,,limitation,[͵lɪməˋteʃən],限制，限定,Nuclear limitation agreements have been signed to restrict the development and use of nuclear weapons.,簽署核能限制協議是為了限制核能武器的開發和使用。,,,,,,,,,,,,(n.),n.複數：limitations,,"limit, restriction",,,,,,,,
高中,三民-B3-U3,,L4,C1,,impose,[ɪmˋpoz],強加於,"The new tax policy requires people to pay higher taxes, imposing a heavy burden on middle-class families.",新的賦稅政策要求人民繳納更高的稅款，為中產階級家庭強加了沉重的負擔。,,,,,,,,,,,,(v.),v.過去式：imposed；過去分詞：imposed；現在分詞：imposing,impose something on/upon . . .,"visit, inflict",,,,,,,,
高中,三民-B3-U3,,L4,C1,,impose,[ɪmˋpoz],強制執行,"To prevent the disease from spreading, several governments have decided to impose travel bans.",為了防止疾病散播，數個國家決定實施旅遊禁令。,,,,,,,,,,,,(v.),v.過去式：imposed；過去分詞：imposed；現在分詞：imposing,impose a ban/fine/sentence,"visit, inflict",,,,,,,,
高中,三民-B3-U3,,L3,B2,,elect,[ɪˋlɛkt],推選，選舉,"In the United States, a person can be elected to the Office of the President twice, and each term lasts four years.",在美國，一個人可以被推選為總統兩次，每次任期四年。,,,,,,,,,,,,(v.),,elect someone to something,,,,,,,,,
高中,三民-B3-U3,,L3,B1,,election,[ɪˋlɛkʃən],選舉,"In some countries, the party that wins the presidential election will form the new government.",在一些國家，贏得總統選舉的政黨將組成新政府。,,,,,,,,,,,,(n.),n.複數：elections,a presidential/parliamentary/local election,,,,,,,,,
高中,三民-B3-U3,,,,,voting,[ˋvotɪŋ],投票,The debate over lowering the voting age to 18 has sparked discussions across the country.,關於將投票年齡降低至十八歲的爭論在全國引發了討論。,,,,,,,,,,,,(n.),,,,,,,,,,,
高中,三民-B3-U3,,L2,B1,,vote,[vot],投票，進行表決,"Amy decided to vote for the new environmental regulations, believing they can help protect our planet.",Amy決定投票支持新的環境法規，她相信它們有助於保護我們的星球。,,,,,,,,,,,,(v.),,vote for/against . . .,ballot,,,,,,,,
高中,三民-B3-U3,,L2,B1,,vote,[vot],選票，表決意見,The polling station will be open until 4 o’clock in the afternoon for citizens to cast their votes.,投票站將開放至下午四點供市民投票。,,,,,,,,,,,,(n.),,cast one’s vote,ballot,,,,,,,,
高中,三民-B3-U3,,L3,B1,,permit,[pɚˋmɪt],允許，許可,The school swim team is permitted to use the pool after school to practice for the National High School Games.,游泳校隊被允許在放學後使用游泳池，為全國高中運動會練習。,,,,,,,,,,,,(v.),,permit someone to do something,"allow, permission, let, license","keep, prevent, forbid, prohibit",,,,,,,
高中,三民-B3-U3,,L3,B1,,permission,[pɚˋmɪʃən],允許，許可,The kindergarten teacher reminded the girl that she needed to raise her hand and ask permission to speak in class.,幼兒園老師提醒女孩，上課發言需要舉手尋求同意。,,,,,,,,,,,,(n.),n.複數：permissions,ask (for)/give/get permission to do something,"permit, license",,,,-sion (state or action (狀態或行動)),mit/miss (send (送)),,,
高中,三民-B3-U3,,L4,B2,,criticize,[ˋkrɪtə͵saɪz],批判，批評,The photographer was criticized for taking pictures of the people who had been badly injured in the fire instead of first helping them.,這名攝影師因拍攝在火災中受重傷的人而不是先幫助他們而受到批評。,,,,,,,,,,,,(v.),v.過去式：criticized；過去分詞：criticized；現在分詞：criticizing,criticize . . . for (doing) something,,praise,,,,,,,
高中,三民-B3-U3,,L4,B2,,criticism,[ˋkrɪtə͵sɪzəm],批評，批判,The company has received a great deal of criticism from animal protection organizations because it carried out experiments on animals.,這間公司因對動物進行實驗而受到動物保護組織的嚴厲批評。,,,,,,,,,,,,(n.),n.複數：criticisms,,,,,,,,,,
高中,三民-B3-U3,,L2,B2,,praise,[prez],讚揚，表揚,The teacher praised the students for their excellent presentations during the science fair.,老師讚揚學生們在科學博覽會上精彩的演講。,,,,,,,,,,,,(v.),,praise . . . for (doing) something,,criticize,,,,,,,
高中,三民-B3-U3,,L2,B2,,praise,[prez],讚揚，表揚,"When COVID-19 broke out in 2020, Taiwan received praise for the government’s prompt responses.",當新冠肺炎在2020年爆發時，臺灣政府的迅速應對獲得讚揚。,,,,,,,,,,,,(n.),,praise for something (from someone),,criticize,,,,,,,
高中,三民-B3-U3,,L2,A2,,entrance,[ˋɛntrəns],入口，大門,"In the story of The Lion, the Witch, and the Wardrobe, the wardrobe is the entrance to a magical world.",在《獅子‧女巫‧魔衣櫥》的故事中，魔衣櫥是通往魔法世界的入口。,,,,,,,,,,,,(n.),n.複數：entrances,an entrance to something,"charm, capture, entry, catch",,,,,,,,
高中,三民-B3-U3,,L4,B2,,refugee,[͵rɛfjᴜˋdʒi],難民,"After the war broke out, Khowla’s family became refugees, and they were forced to flee from their home country.",戰爭爆發後，Khowla一家成為難民，並被迫逃離祖國。,,,,,,,,,,,,(n.),n.複數：refugees,,,,,,,,,,
高中,三民-B3-U3,,L2,B1,,employ,[ɪmˋplɔɪ],雇用,"To meet the growing need for the products, the factory decided to employ additional staff.",為了滿足日益增長的產品需求，該工廠決定雇用更多員工。,,,,,,,,,,,,(v.),v.過去式：employed；過去分詞：employed；現在分詞：employing,,,employee,,,,,,,
高中,三民-B3-U3,,,,,employment,[ɪmˋplɔɪmənt],就業，受雇,"After graduating from the information technology department, Sally hoped to find employment in a related field.",從資訊工程學系畢業後，Sally希望在相關領域找到工作。,,,,,,,,,,,,(n.),,find/seek/secure employment,,,,,,,,,
高中,三民-B3-U3,,,,,employee,[ɪm͵plɔɪˋi],雇員，員工,Jack works as a part-time employee at the local bookstore while attending college.,Jack在上大學期間在當地的書店擔任兼職員工。,,,,,,,,,,,,(n.),n.複數：employees,a part-time/full-time employee,,,,,,,,,
高中,三民-B3-U3,,,,,employer,[ɪmˋplɔɪɚ],雇主,"Employers must pay labor insurance and health insurance, or they will face a heavy fine.",雇主必須繳納勞動保險和健康保險，否則他們將面臨鉅額罰款。,,,,,,,,,,,,(n.),n.複數：employers,,,,,,,,,,
高中,三民-B3-U3,,L4,B2,,resign,[rɪˋzaɪn],辭職,Eric’s sudden decision to resign from his position came as a shock to his co-workers because he had always shown great enthusiasm for his job.,Eric突然從他的職位辭職的決定讓他的同事們感到震驚，因為他一直對他的工作展現極大的熱情。,,,,,,,,,,,,(v.),v.過去式：resigned；過去分詞：resigned；現在分詞：resigning,,"reconcile, submit",,,,,,,,
高中,三民-B3-U3,,L4,C2,,resignation,[͵rɛzɪgˋneʃən],辭職,"The senior staff member announced her resignation, saying that she needed to take a long rest.",這位資深職員宣布辭職，表示她需要休息一段時間。,,,,,,,,,,,,(n.),n.複數：resignations,,surrender,,,,,,,,
高中,三民-B3-U3,,,,,relocate,[riˋloket],搬遷，遷移,There is a growing trend for people living in the city to relocate to the suburbs in order to reduce their housing costs.,居住在城市的人搬遷到郊區以降低他們住房成本的趨勢日益上升。,,,,,,,,,,,,(v.),,relocate to somewhere,,,,,,,,,
高中,三民-B3-U3,,L3,B1,,locate,[loˋket],定位,The firefighter made a great effort to locate the little child who was trapped inside the burning house.,消防隊員費盡全力才找到受困燃燒屋子中孩子的位置。,,,,,,,,,,,,(v.),v.過去式：located；過去分詞：located；現在分詞：locating,,"site, place",,,,,,,,
高中,三民-B3-U3,,L4,B2,,inspire,[ɪnˋspaɪr],激勵，鼓勵,Helen Keller’s story has inspired many of us to work harder and to face life’s challenges with determination.,海倫‧凱勒的故事激勵我們許多人更加努力工作，堅定地面對生活上的挑戰。,,,,,,,,,,,,(v.),v.過去式：inspired；過去分詞：inspired；現在分詞：inspiring,inspire someone to (do) something,"prompt, urge, animate, cheer",,,,,,,,
高中,三民-B3-U3,,,,,inspiration,[͵ɪnspəˋreʃən],鼓舞人心的人、事物,Bill Gates’s charity work is an inspiration to me. It is the reason I regularly make donations to those in need.,比爾‧蓋茲的慈善工作對我來說是很大的啟發。這就是我定期向有需要的人捐款的原因。,,,,,,,,,,,,(n.),,an inspiration to/for someone,,,,,,,,,
高中,三民-B3-U3,,,,,inspiration,[͵ɪnspəˋreʃən],靈感,"Vincent van Gogh was a great artist who liked to draw inspiration from nature. His famous painting, The Starry Night, is one such example.",文森‧梵谷是一位偉大的藝術家，他喜歡從大自然汲取靈感。他的知名畫作《星空》就是這樣的一個例子。,,,,,,,,,,,,(n.),,draw/take inspiration from something,,,,,,,,,
高中,三民-B3-U3,,L2,B1,,female,[ˋfimel],女性的，雌性的,"The club only accepts female members, so men are not allowed to join it.",這間俱樂部只接受女性會員，因此男性不允許加入。,,,,,,,,,,,,(adj.),,,feminine,male,,,,,,,
高中,三民-B3-U3,,L2,B1,,female,[ˋfimel],女人，女性,"According to the research, females seem to live longer than males do.",根據研究，女性似乎活得比男性更久。,,,,,,,,,,,,(n.),,,feminine,male,,,,,,,
高中,三民-B3-U3,,L4,B2,,percentage,[pɚˋsɛntɪdʒ],百分比，比例,"A high percentage of the people who live in this city take the MRT to work, so the subway is always crowded during rush hour.",住在這個城市的人之中有很高的比例搭乘捷運上班，因此捷運在尖峰時段總是很擁擠。,,,,,,,,,,,,(n.),n.複數：percentages,a percentage of . . .,"part, portion, share, percent",,,,,,,,
高中,三民-B3-U3,,L4,B1,,percent,[pɚˋsɛnt],百分之一,"Ninety percent of the five hundred students in the grade level passed the exam. In other words, fifty students failed.",該年級五百名學生中有百分之九十通過了考試。換句話說，有五十名學生不及格。,,,,,,,,,,,,(n.),,,percentage,,,,,cent (hundred (百)),,,
高中,三民-B3-U3,,,,,ultimately,[ˋʌltəmɪtlɪ],最後，最終,All of Robert’s hard work ultimately paid off when he achieved his goal of becoming a pilot.,當Robert實現成為飛行員的目標時，他所有的努力最終都得到了回報。,,,,,,,,,,,,(adv.),,,,,,,,,,,
高中,三民-B3-U3,,L5,B2,,ultimate,[ˋʌltəmɪt],最後的，最終的,"Currently, Lillian has to share an apartment with two roommates, but her ultimate aim is to buy a house of her own.",目前，Lillian必須與兩位室友合住一間公寓，但她最終的目標是買一棟屬於自己的房子。,,,,,,,,,,,,(adj.),,an ultimate aim/goal/objective,"simple, last, net, final",,,,,,,,
高中,三民-B3-U3,,L3,C2,,ongoing,[ˋɑn͵goɪŋ],持續的，不斷的,There is an ongoing discussion among experts about the benefits and risks of AI technology in classrooms.,專家們對於人工智慧技術在課堂中的好處和風險有著持續性的討論。,,,,,,,,,,,,(adj.),,an ongoing discussion/debate/process,current,,,,,,,,
高中,三民-B3-U3,,L4,C1,,motivate,[ˋmotə͵vet],激勵，激發,The possibility that he may fail math has motivated Luke to study harder.,數學不及格的可能性促使Luke更加努力學習。,,,,,,,,,,,,(v.),v.過去式：motivated；過去分詞：motivated；現在分詞：motivating,motivate someone (to do something),"prompt, propel",,,,,mov/mot (move (移動)),,,
高中,三民-B3-U3,,L4,B2,,motivation,[͵motəˋveʃən],積極性，動機,"Losing the match did not frustrate the tennis player. Instead, it strengthened her motivation to improve.",輸掉比賽並沒有讓這位網球選手感到沮喪。反而，增強了她改進的動力。,,,,,,,,,,,,(n.),n.複數：motivations,strengthen/improve/increase one’s motivation,"need, motive",,,,,,,,
高中,三民-B3-U3,,L4,C1,,pursue,[pɚˋsu],追求，從事,"Thanks to the support of his wife, Ang Lee could leave behind the economic burdens of his family and pursue a career as a movie director.",多虧了他妻子的支持，李安得以拋開家庭的經濟負擔，追求電影導演的事業。,,,,,,,,,,,,(v.),v.過去式：pursued；過去分詞：pursued；現在分詞：pursuing,pursue a(n) career/goal/aim/objective,"follow, prosecute",,,,,,,,
高中,三民-B3-U3,,L4,C2,,pursuit,[pɚˋsut],追求，尋求,The body builder follows a strict diet and spends hours every day working out in pursuit of physical perfection.,這位健美選手遵循嚴格的飲食並每天花好幾個小時鍛鍊，以追求完美的身材。,,,,,,,,,,,,(n.),n.複數：pursuits,in (the) pursuit of something,"chase, hunt, following, quest",,,,,,,,
高中,三民-B3-U3,,,,,Hanna Sahlfeld-Singer,[ˋhænə ˋsɑlfɛld ˋsɪŋər],漢娜‧薩爾費爾德-辛格,Hanna Sahlfeld-Singer is a notable figure known for her contributions to social justice and human rights.,漢娜‧薩爾費爾德-辛格是一位以其對社會正義和人權的貢獻而聞名的傑出人物。,,,,,,,,,,,,(n.),,,,,,,,,,,
高中,三民-B3-U3,,L5,,,activist,[ˋæktəvɪst],行動主義者,The young activist organized a protest to raise awareness about climate change and environmental protection.,這位年輕的行動主義者組織了一場抗議活動，以提高人們對氣候變遷和環境保護的意識。,,,,,,,,,,,,(n.),n.複數：activists,,active,,,,,,,,
高中,三民-B3-U3,,L6,B2,,parliament,[ˋpɑrləmənt],議會，國會,The country's parliament debated the new education bill for hours before finally voting to approve it.,該國議會就新的教育法案辯論了數小時，最終投票通過了它。,,,,,,,,,,,,(n.),n.複數：parliaments,,,,,,,,,,
高中,三民-B3-U3,,,,,Switzerland,[ˋswɪtsɚlənd],瑞士,"Many tourists visit Switzerland every year to enjoy its beautiful Alps, delicious chocolate, and precise watches.",每年都有許多遊客造訪瑞士，欣賞其美麗的阿爾卑斯山、美味的巧克力和精密的鐘錶。,,,,,,,,,,,,(n.),,,,,,,,,,,
高中,三民-B3-U3,,,,,Swiss,[swɪs],瑞士 (人) 的,"The Swiss Alps are a popular destination for skiing and hiking, attracting visitors from all over the world.",瑞士阿爾卑斯山是滑雪和健行的熱門目的地，吸引著來自世界各地的遊客。,,,,,,,,,,,,(adj.),,,,,,,,,,,
高中,三民-B3-U3,,,,,Swiss,[swɪs],瑞士人,"A Swiss person is often proud of their country's neutrality, stunning landscapes, and high quality of life.",瑞士人通常以其國家的中立性、壯麗的風景和高品質的生活為榮。,,,,,,,,,,,,(n.),,,,,,,,,,,
高中,三民-B3-U3,,,,,pastor,[ˋpæstɚ],牧師,The pastor gave an inspiring sermon about kindness and helping others in need.,牧師發表了一場關於善良和幫助有需要的人的鼓舞人心的佈道。,,,,,,,,,,,,(n.),,,,,,,,,,,
高中,三民-B3-U3,,,,,adversity,[ədˋvɝsətɪ],逆境，不幸,We learn valuable lessons and grow stronger when we face adversity in our lives.,當我們在生活中面對逆境時，我們會學到寶貴的教訓並變得更堅強。,,,,,,,,,,,,(n.),,,,,,,,,,,
高中,三民-B3-U3,,L5,C2,,advocate,[ˋædvə͵ket],擁護，提倡,Our school club will advocate for more recycling programs to protect the environment.,我們學校社團將提倡更多的回收計畫來保護環境。,,,,,,,,,,,,(v.),,,"urge, counsel, preach, counselor",,,,,"voc/vok (voice, call (聲音、呼叫))",,,
高中,三民-B3-U3,,,,,Member of Parliament,[ˋmɛmbɝ əv ˋpɑrləmənt],議員,The local Member of Parliament promised to address the community's concerns about public transportation.,當地議員承諾會解決社區對大眾運輸的擔憂。,,,,,,,,,,,,(n.),,,,,,,,,,,
高中,三民-B3-U3,,,,,Federal Palace of Switzerland,[ˋfɛdrəl ˋpælɪs əv ˋswɪtsɚlənd],聯邦議會大廈,Tourists often visit the impressive Federal Palace of Switzerland in Bern to see its architecture.,遊客經常參觀伯恩令人印象深刻的瑞士聯邦議會大廈，欣賞其建築。,,,,,,,,,,,,(n.),,,,,,,,,,,
高中,三民-B3-U3,,,,,homeless,[ˋhomlɪs],無家的,Our volunteer group often helps to provide food and shelter for homeless people in the city.,我們志工團經常幫助為城市裡的無家可歸者提供食物和住所。,,,,,,,,,,,,(adj.),,,,,,,,,,,
高中,三民-B3-U3,,,,,South Africa,[͵saᴜθ ˋæfrɪkə],南非,My friend dreams of traveling to South Africa to see its diverse wildlife and beautiful landscapes.,我的朋友夢想去南非旅行，看看那裡多樣的野生動物和美麗的風景。,,,,,,,,,,,,(n.),,,,,,,,,,,
高中,三民-B3-U3,,,,,Germany,[ˋdʒɝmənɪ],德國,"Many people visit Germany to experience its rich history, delicious food, and famous festivals.",許多人去德國體驗其豐富的歷史、美味的食物和著名的節慶。,,,,,,,,,,,,(n.),,,,,,,,,,,
高中,三民-B3-U3,,,,,committed,[kəˋmɪtɪd],堅定地，忠誠的,Our team is committed to winning the championship through hard work and dedication.,我們團隊致力於透過努力和奉獻贏得冠軍。,,,,,,,,,,,,(adj.),,,,,,,,,,,
高中,三民-B3-U3,,,,,stand up for . . .,,支持…，維護…,Tom stood up for his little sister and argued with several kids when she was being teased at the playground.,當他的妹妹在操場上被嘲笑，Tom為他的妹妹挺身而出，並與幾個孩子發生爭執。,,,,,,,,,,,,(phr.),,,,,,,,,,,
高中,三民-B3-U3,,,,,devote . . . to . . .,,將 (時間、精力等) 致力、奉獻於…,Antoine Pierrot was a Catholic priest from the Netherlands. He devoted himself to helping the old and the poor in remote areas of Taiwan.,Antoine Pierrot是一位來自荷蘭的天主教神父。他致力於幫助臺灣偏鄉地區的老年和窮困人口。,,,,,,,,,,,,(phr.),,,,,,,,,,,
高中,三民-B3-U3,,,,,make history,,創造歷史,"The first email was sent in 1971 by Ray Tomlinson, but he had no idea he was making history.",Ray Tomlinson在1971年寄出第一封電子郵件，但他完全不知道自己正在創造歷史。,,,,,,,,,,,,(phr.),,,,,,,,,,,
高中,三民-B3-U3,,,,,in the face of something,,面臨 (危險、困難等),The thick fur of polar bears enables them to survive in the face of cold weather.,北極熊厚重的皮毛使牠們能夠在寒冷的氣候中生存。,,,,,,,,,,,,(phr.),,,,,,,,,,,
高中,三民-B3-U3,,,,,give in,,(向…) 屈服， (向…) 認輸,"After hours of discussion, the company finally gave in to the demands of the striking workers.",經過幾個小時的討論，該公司終於屈服於罷工員工的要求。,,,,,,,,,,,,(phr.),,,,,,,,,,,
高中,三民-B3-U3,,,,,speak up,,(為…) 發聲,Cathy decided to become a lawyer for people accused of crimes because she believes they have rights and need someone to speak up for them.,Cathy決定成為一名為被指控犯罪者辯護的律師，因為她相信他們有權利，且需要有人為他們發聲。,,,,,,,,,,,,(phr.),,,,,,,,,,,
高中,三民-B3-U3,,,,,give voice to something,,表達 (觀點、想法),The movie aims to give voice to the untold stories of survivors of war.,這部電影旨在講述戰爭倖存者不為人知的故事。,,,,,,,,,,,,(phr.),,,,,,,,,,,
高中,三民-B3-U4,,L3,B2,,guidance,[ˋgaɪdṇs],引導，指引,"The new clerk wasn’t yet able to work independently, so she asked for guidance from her co-workers on how to deal with customers.",新來的店員還不能獨立作業，所以她向同事請教如何應對顧客。,,,,,,,,,,,,(n.),,guidance on/about something,"counsel, direction",,,,,,,,
高中,三民-B3-U4,,L4,B1,,publish,[ˋpʌblɪʃ],出版,The first print run of the book sold out within a week of being published.,這本書的首刷在出版一週內就被搶購一空。,,,,,,,,,,,,(v.),v.過去式：published；過去分詞：published；現在分詞：publishing,publish a book/magazine/paper,"issue, release, print, write",,,,,,,,
高中,三民-B3-U4,,L4,B2,,publisher,[ˋpʌblɪʃɚ],出版商,The publisher released a new children’s book that quickly became a bestseller.,這間出版商出版了一本新的兒童讀物，很快地就成為暢銷書。,,,,,,,,,,,,(n.),n.複數：publishers,,,,,,,,,,
高中,三民-B3-U4,,,,,forgiveness,[fɚˋgɪvnɪs],寬恕，原諒,"Although Olivia begged for Tom’s forgiveness, he was still mad at her.",儘管Olivia請求Tom的原諒，他仍在生她的氣。,,,,,,,,,,,,(n.),,beg/ask/pray for one’s forgiveness (for something),,,,,,,,,
高中,三民-B3-U4,,L2,B1,,forgive,[fɚˋgɪv],寬恕，原諒,Kevin said sorry to Ashley and hoped that she would forgive him for being late.,Kevin向Ashley表示抱歉，並希望她能原諒他遲到。,,,,,,,,,,,,(v.),v.過去式：forgave；過去分詞：forgiven；現在分詞：forgiving,forgive someone for (doing) something,,,,,,,,,
高中,三民-B3-U4,,L4,B2,,theme,[θim],主題，中心思想,The main theme of the movie was unclear. Many in the audience couldn’t understand what it tried to convey.,這部電影的主題不明確。許多觀眾無法理解它試圖傳達什麼。,,,,,,,,,,,,(n.),v.過去式：themed；過去分詞：themed；現在分詞：theming | n.複數：themes,a theme of something,"base, subject, radical, idea",,,,,,,,
高中,三民-B3-U4,,L2,B1,,character,[ˋkærɪktɚ],(電影、故事、戲劇中的)人物,A fairy tale often has two leading characters from totally different backgrounds who end up falling in love. “Cinderella” is a perfect example of such a story.,童話故事經常有兩個來自完全不同背景的主角，最終墜入愛河。《灰姑娘》就是一個完美的例子。,,,,,,,,,,,,(n.),v.過去式：charactered；過去分詞：charactered；現在分詞：charactering | n.複數：characters,a leading/main/central character,"eccentric, case, quality, part",,,,,,,,
高中,三民-B3-U4,,L2,B1,,character,[ˋkærɪktɚ],性格，特性,"Most people see John as outgoing and energetic, but there is a side of his character that is quiet and shy.",大多數人認為John外向、精力充沛，但他性格中也有安靜、害羞的一面。,,,,,,,,,,,,(n.),v.過去式：charactered；過去分詞：charactered；現在分詞：charactering | n.複數：characters,,"eccentric, case, quality, part",,,,,,,,
高中,三民-B3-U4,,L4,B2,,characteristic,[͵kærəktəˋrɪstɪk],特有的，典型的,"These colorful houses are characteristic of Burano, an island of Venice. You will see them everywhere during your visit there.",這些色彩繽紛的房屋是威尼斯布拉諾島特有的。當你造訪那裡，你隨處都能看到它們。,,,,,,,,,,,,(adj.),,be characteristic of . . .,"distinctive, typical, feature",,,,,,,,
高中,三民-B3-U4,,L4,B2,,characteristic,[͵kærəktəˋrɪstɪk],特色，特徵,A long nose and large ears are the main characteristics of an elephant.,長鼻子和大耳朵是大象的主要特徵。,,,,,,,,,,,,(n.),,a characteristic of . . .,"distinctive, typical, feature",,,,,,,,
高中,三民-B3-U4,,L2,B1,,crime,[kraɪm],罪行,The robber was sentenced to five years in jail for the crime he committed.,這名搶劫犯因其犯下的罪行被判處五年徒刑。,,,,,,,,,,,,(n.),n.複數：crimes,commit a crime,,,,,,,,,
高中,三民-B3-U4,,L2,B1,,crime,[kraɪm],犯罪，違法活動,"Thanks to the efforts of the police department, there has been a steady decrease in the crime rate this year.",多虧了警察部門的努力，今年犯罪率穩定下降。,,,,,,,,,,,,(n.),n.複數：crimes,the crime rate,,,,,,,,,
高中,三民-B3-U4,,L3,B1,,criminal,[ˋkrɪmənḷ],(涉及) 犯罪的,Those who have a criminal record often have difficulty getting a job because employers worry they will commit an offense again.,那些有犯罪紀錄的人往往難以找到工作，因為雇主擔心他們會再次犯罪。,,,,,,,,,,,,(adj.),,a criminal record/activity/offense,"wrong, guilty, outlaw",,,,,,,,
高中,三民-B3-U4,,L3,B1,,criminal,[ˋkrɪmənḷ],罪犯,The police caught the dangerous criminals who bombed the gas station last week.,警方抓獲了上週炸毀加油站的危險罪犯。,,,,,,,,,,,,(n.),,,"wrong, guilty, outlaw",,,,,,,,
高中,三民-B3-U4,,,,,regain,[rɪˋgen],重新獲得,It was hard for Shirley to regain her coworkers’ trust after she messed up a large project.,在Shirley搞砸一個大專案後，她很難重新獲得同事的信任。,,,,,,,,,,,,(v.),,,,,,,,,,,
高中,三民-B3-U4,,L2,B1,,gain,[gen],獲得，取得,The experienced teacher quickly gained control of the noisy class.,這位經驗豐富的老師很快就控制了喧鬧的班級。,,,,,,,,,,,,(v.),,gain control/power,"advance, clear, reach, derive","reduce, thin, loss, lose",,,,,,,
高中,三民-B3-U4,,L2,B1,,gain,[gen],獲得，增加,"Thanks to the new marketing strategy, the company enjoyed a huge gain in sales.",多虧新的行銷策略，該公司的銷售額大幅增加。,,,,,,,,,,,,(n.),,,"advance, clear, reach, derive","reduce, thin, loss, lose",,,,,,,
高中,三民-B3-U4,,L3,A2,,steal,[stil],偷取，盜竊,The thief was caught red-handed when trying to steal a purse from a woman in the department store.,小偷在百貨公司試圖竊取一名婦女的皮包時被當場抓獲。,,,,,,,,,,,,(v.),v.過去式：stole；過去分詞：stolen；現在分詞：stealing | n.複數：steals,steal something from . . .,"slip, creep, sneak, bargain",,rob,,,,,,
高中,三民-B3-U4,,L4,B2,,adopt,[əˋdɑpt],選用,"Beginning his career as a child actor, Robin adopted his stage name from the first role he played.",Robin從童星開始他的演藝生涯，並從他扮演的第一個角色採用了他的藝名。,,,,,,,,,,,,(v.),v.過去式：adopted；過去分詞：adopted；現在分詞：adopting,adopt a name/title/language,"acquire, take, assume, follow",,adapt,,,,,,
高中,三民-B3-U4,,L4,B2,,adopt,[əˋdɑpt],領養，收養,"Donna decided to adopt her nephew Adam, whose parents died in a tragic accident, as her own child.",Donna決定收養她的侄子Adam作為自己的孩子，他的父母在一場悲慘的事故中喪生。,,,,,,,,,,,,(v.),v.過去式：adopted；過去分詞：adopted；現在分詞：adopting,,"acquire, take, assume, follow",,adapt,,,,,,
高中,三民-B3-U4,,L2,B2,,identity,[aɪˋdɛntətɪ],身分,A passport is the most commonly accepted way to confirm one’s identity when a person travels internationally.,護照是一個人出國旅行時最常用來確認身分的方式。,,,,,,,,,,,,(n.),n.複數：identities,confirm/reveal an identity,,,,,,,,,
高中,三民-B3-U4,,L4,C2,,mercy,[ˋmɝsɪ],仁慈，寬容,The slave went down on his knees in front of the king and begged for mercy.,那名奴隸在國王面前跪下，乞求寬恕。,,,,,,,,,,,,(n.),n.複數：mercies,,,,,,,,,,
高中,三民-B3-U4,,L2,B1,,individual,[͵ɪndəˋvɪdʒᴜəl],個體，個人,"You don’t need to find a partner, since both individuals and teams are allowed to take part in this game.",你不需要尋找夥伴，因為個人和團體都可以參加這個遊戲。,,,,,,,,,,,,(n.),,,"soul, independent, separate, singular",common,,,,,,,
高中,三民-B3-U4,,L2,B1,,individual,[͵ɪndəˋvɪdʒᴜəl],個別的，單獨的,The team’s performance improved when the individual members of the team communicated effectively with one another.,當團隊個別的成員之間有效溝通時，團隊的表現就會改善。,,,,,,,,,,,,(adj.),,,"soul, independent, separate, singular",common,,,,,,,
高中,三民-B3-U4,,L5,B2,,scar,[skɑr],傷疤,"The surgery left a small scar on Rita's arm. If she didn’t tell you about it, you might not even notice it.",手術在Rita的手臂上留下了一個小傷疤。如果她不說，你可能根本不會注意到。,,,,,,,,,,,,(n.),,,"mark, scrape, scratch, pit",,,,,,,,
高中,三民-B3-U4,,L5,B2,,scar,[skɑr],結疤，留下傷疤,"Troy's legs were badly scarred in a fire, which is why he always wears long pants, even in summer.",Troy的腿在火災中留下了嚴重的傷疤，這就是為什麼他總是穿長褲，即使在夏天也是如此。,,,,,,,,,,,,(v.),,,"mark, scrape, scratch, pit",,,,,,,,
高中,三民-B3-U4,,L5,B2,,bruise,[bruz],瘀青，擦傷,The bruises on Melissa’s legs are from falling down the stairs.,Melissa腿上的瘀青是從樓梯上摔下來造成的。,,,,,,,,,,,,(n.),,,,,,,,,,,
高中,三民-B3-U4,,L5,B2,,bruise,[bruz],使受瘀傷,Eugene bruised his shoulder because he bumped into a steel door.,Eugene因為撞到了一扇鋼門而瘀傷了肩膀。,,,,,,,,,,,,(v.),,,,,,,,,,,
高中,三民-B3-U4,,L4,B2,,disturb,[dɪˋstɝb],使煩惱，使覺得困擾,"The uncertainty about the future disturbed Frank, leading to sleepless nights and increased stress.",對未來的不確定性困擾著Frank，導致他徹夜難眠，壓力也越來越大。,,,,,,,,,,,,(v.),v.過去式：disturbed；過去分詞：disturbed；現在分詞：disturbing,,"touch, trouble, upset, interrupt",,,,,,,,
高中,三民-B3-U4,,L4,B2,,disturb,[dɪˋstɝb],打擾，干擾,"If you finish the test early, please remain seated so that you don’t disturb the other students.",如果你提早完成考試，請留在座位上以免打擾其他同學。,,,,,,,,,,,,(v.),v.過去式：disturbed；過去分詞：disturbed；現在分詞：disturbing,,"touch, trouble, upset, interrupt",,,,,,,,
高中,三民-B3-U4,,L4,C1,,intense,[ɪnˋtɛns],激烈的，劇烈的,The treatment caused the patient such intense pain that she could hardly bear it.,治療為患者帶來劇烈的疼痛，讓她難以忍受。,,,,,,,,,,,,(adj.),adj.比較級：intenser；最高級：intensest,,"profound, keen, sharp, wild",mild,,,,,,,
高中,三民-B3-U4,,L4,C2,,intensity,[ɪnˋtɛnsətɪ],強烈 (程度)，強度,The intensity of the heat in the summer made staying outside very difficult.,夏天天氣炎熱的程度讓待在戶外變得非常困難。,,,,,,,,,,,,(n.),n.複數：intensities,,"strength, volume",,,,,,,,
高中,三民-B3-U4,,L4,B2,,intensive,[ɪnˋtɛnsɪv],密集的,"After taking a two-month intensive language course, John greatly improved his speaking ability and can now chat fluently with native speakers.",經過兩個月密集的語言課程後，John的口說能力大幅地提升，現在可以與母語人士流利地對談。,,,,,,,,,,,,(adj.),n.複數：intensives,,intense,extensive,,,,,,,
高中,三民-B3-U4,,L2,B2,,justice,[ˋdʒʌstɪs],正義，公正,"The public hoped that the murderer would spend his whole life in jail, so justice would be done.",大眾希望這名兇手能被終身監禁，這樣正義才得以伸張。,,,,,,,,,,,,(n.),n.複數：justices,,judge,injustice,,,,,,,
高中,三民-B3-U4,,L4,B1,,reward,[rɪˋwɔrd],獎賞，酬謝,Ms. Pfeiffer rewarded her employees with free movie tickets for securing a major business contract.,Pfeiffer女士為了慶祝員工成功拿下一個重要的商業合約，獎賞他們免費的電影票。,,,,,,,,,,,,(v.),,reward someone for (doing) something,"reinforce, remember, repay, honor","disgrace, shame",,,,,,,
高中,三民-B3-U4,,L4,B1,,reward,[rɪˋwɔrd],報酬，回報,All the medical staff were treated to a nice trip as a reward for their hard work in the past year.,全體醫護人員都獲得一次愉快的旅行，作為對過去一年辛苦工作的回報。,,,,,,,,,,,,(n.),,a reward for (doing) something,"reinforce, remember, repay, honor","disgrace, shame",,,,,,,
高中,三民-B3-U4,,L2,B2,,legal,[ˋligḷ],法律的,It is a good idea to seek legal advice when you draft or review contracts in order to protect and ensure your rights.,要起草或審查合約時，最好尋求法律建議，以保護和確保你的權利。,,,,,,,,,,,,(adj.),,,"sound, legitimate, judicial, valid",,,,,,,,
高中,三民-B3-U4,,L5,C2,,confront,[kən`frʌnt],處理，解決 (問題或困境),"Although the problem was difficult, we had to confront it directly.",儘管這個問題很困難，我們必須直接面對它。,,,,,,,,,,,,(v.),v.過去式：confronted；過去分詞：confronted；現在分詞：confronting,,"present, face",avoid,,,,,,,
高中,三民-B3-U4,,L5,C2,,confront,[kən`frʌnt],使面對 (難處理的人或狀況),My parents confronted me with a choice between college and work in my last year of high school.,在我高中的最後一年，我的父母向我提出了在大學和工作之間做出選擇的問題。,,,,,,,,,,,,(v.),v.過去式：confronted；過去分詞：confronted；現在分詞：confronting,confront someone with . . .,"present, face",avoid,,,,,,,
高中,三民-B3-U4,,L5,C2,,confrontation,[͵kənfrʌnˋteʃən],衝突，對峙,The meeting ended with a confrontation between the CEO and the board members over the company’s direction.,會議以公司CEO和董事會成員就公司方向的分歧爭執而結束。,,,,,,,,,,,,(n.),n.複數：confrontations,a confrontation between . . .,"opposition, encounter",,,,,,,,
高中,三民-B3-U4,,L5,B1,,recommend,[͵rɛkəˋmɛnd],推薦，介紹,"With only two bedrooms, this small apartment is recommended for a household of two to three persons.",這間小公寓只有兩間臥室，建議兩到三人的家庭入住。,,,,,,,,,,,,(v.),v.過去式：recommended；過去分詞：recommended；現在分詞：recommending,recommend something for someone,"advocate, urge",,,,,,,,
高中,三民-B3-U4,,L5,B2,,recommendation,[͵rɛkəmɛnˋdeʃən],建議,The United Nations made a recommendation to tax meat in order to reduce its consumption and slow down the rate of global warming.,聯合國建議對肉類徵稅，以減少其消費量並減緩全球暖化的速度。,,,,,,,,,,,,(n.),n.複數：recommendations,make a recommendation to do something,,,,,,,,,
高中,三民-B3-U4,,L3,C2,,weep,[wip],哭泣,Sara wept for joy when her boyfriend proposed to her.,當Sara的男友向她求婚時，她高興得哭泣。,,,,,,,,,,,,(v.),v.過去式：wept；過去分詞：wept；現在分詞：weeping | n.複數：weeps,weep for/with something,cry,laugh,,,,,,,
高中,三民-B3-U4,,L4,C1,,obstacle,[ˋabstəkḷ],障礙，阻礙,My poor study habits are an obstacle to getting good grades.,我不良的學習習慣是取得好成績的阻礙。,,,,,,,,,,,,(n.),n.複數：obstacles,an obstacle to (doing) something,,,,,,,,,
高中,三民-B3-U4,,,,,redemption,[rɪˋdɛmpʃən],救贖，贖罪,The main character's journey in the novel is a powerful story of personal redemption and forgiveness.,小說中主角的旅程是一個關於個人救贖和寬恕的強大故事。,,,,,,,,,,,,(n.),,,,,,,,,,,
高中,三民-B3-U4,,,,,France,[fræns],法國,I hope to visit France someday to see the Eiffel Tower and taste authentic French cuisine.,我希望有一天能去法國，看看艾菲爾鐵塔並品嚐正宗的法國美食。,,,,,,,,,,,,(n.),,,,,,,,,,,
高中,三民-B3-U4,,,,,French,[frɛntʃ],法國的,"My favorite restaurant serves delicious French pastries and coffee, which I enjoy every weekend.",我最喜歡的餐廳提供美味的法式糕點和咖啡，我每個週末都會去享用。,,,,,,,,,,,,(adj.),,,,,,,,,,,
高中,三民-B3-U4,,,,,French,[frɛntʃ],法國人；法語,Learning French can open up many opportunities to travel and understand a new culture.,學習法語可以開啟許多旅行和了解新文化的機會。,,,,,,,,,,,,(n.),,,,,,,,,,,
高中,三民-B3-U4,,,,,Les Misérables,[le ͵mizəˋrɑblə],《悲慘世界》,"Many people consider ""Les Misérables"" to be a classic novel with a powerful message about justice.",許多人認為《悲慘世界》是一部經典小說，傳達了關於正義的強大訊息。,,,,,,,,,,,,(n.),,,,,,,,,,,
高中,三民-B3-U4,,,,,Victor Hugo,[ˋvɪktɚ ˋhjugo],維克多‧雨果,"Victor Hugo, a famous French writer, created many influential works, including ""Les Misérables.""",著名的法國作家維克多‧雨果創作了許多有影響力的作品，包括《悲慘世界》。,,,,,,,,,,,,(n.),,,,,,,,,,,
高中,三民-B3-U4,,,,,transformative,[trænsˋfɔrmətɪv],徹底改觀的,"Studying abroad can be a truly transformative experience, changing your perspective on the world.",出國留學可能是一次真正具有徹底改觀作用的經歷，它會改變你對世界的看法。,,,,,,,,,,,,(adj.),,,,,,,,,,,
高中,三民-B3-U4,,,,,Jean Valjean,[ˋdʒon ˋvɑldʒon],尚萬強,"Jean Valjean, the protagonist of ""Les Misérables,"" struggles with his past and seeks redemption.",尚萬強，《悲慘世界》的主角，與他的過去搏鬥並尋求救贖。,,,,,,,,,,,,(n.),,,,,,,,,,,
高中,三民-B3-U4,,,,,silverware,[ˋsɪlvɚ͵wɛr],銀器,My grandmother keeps her beautiful antique silverware polished and ready for special family dinners.,我祖母把她美麗的古董銀器擦得閃閃發亮，準備用於特別的家庭晚餐。,,,,,,,,,,,,(n.),,,,,,,,,,,
高中,三民-B3-U4,,,,,bishop,[ˋbɪʃəp],主教,The kind bishop offered Jean Valjean a chance at a new life after his release from prison.,仁慈的主教在尚萬強出獄後給了他一個重新開始生活的機會。,,,,,,,,,,,,(n.),,,,,,,,,,,
高中,三民-B3-U4,,,,,Javert,[ˋdjɑvɛr],賈維,Inspector Javert is a determined police officer who relentlessly pursues Jean Valjean throughout the story.,警探賈維是一位堅定的警官，在整個故事中不懈地追捕尚萬強。,,,,,,,,,,,,(n.),,,,,,,,,,,
高中,三民-B3-U4,,,,,human nature,[͵hjumən ˋnetʃɚ],人性,It's interesting to observe how human nature can be both kind and selfish at different times.,觀察人性如何在不同時刻既善良又自私是很有趣的。,,,,,,,,,,,,(n.),,,,,,,,,,,
高中,三民-B3-U4,,,,,thought-provoking,[ˋθɔt prə͵vokɪŋ],發人深省的,The documentary about climate change was very thought-provoking and made me consider my own actions.,這部關於氣候變遷的紀錄片非常發人深省，讓我思考自己的行為。,,,,,,,,,,,,(adj.),,,,,,,,,,,
高中,三民-B3-U4,,L5,C2,,provoke,[prə͵vok],激起,His strong opinions often provoke lively discussions among his classmates during debates.,他強烈的觀點經常在辯論中激起同學間熱烈的討論。,,,,,,,,,,,,(v.),v.過去式：provoked；過去分詞：provoked；現在分詞：provoking,,"evoke, stimulate, arouse, raise",,,,,"voc/vok (voice, call (聲音、呼叫))",,,
高中,三民-B3-U4,,,,,beacon,[ˋbikṇ],燈塔,The old lighthouse stood as a beacon of hope for sailors lost at sea during the storm.,那座老燈塔在暴風雨中，是海上迷失水手的希望燈塔。,,,,,,,,,,,,(n.),,,,,,,,,,,
高中,三民-B3-U4,,,,,behind bars,,坐牢,"After spending ten years behind bars, Simon was released from jail, and he was determined to become a good person.　",坐牢了十年後，Simon從監獄被釋放，決心要做個好人。,,,,,,,,,,,,(phr.),,,,,,,,,,,
高中,三民-B3-U4,,,,,a change for the better/worse,,改善，好轉；惡化，每況愈下,"Loretta’s New Year’s resolution is to do daily exercise for an hour a day. It is tiring, but she believes it will be a change for the better.",Loretta的新年新計畫是每天運動一小時。雖然很累，但她相信這會是一個更好的改變。,,,,,,,,,,,,(phr.),,,,,,,,,,,
高中,三民-B3-U5,,L4,C2,,fundamental,[͵fʌndəˋmɛntḷ],基本的，根本上的,"When analyzing historical events, historians often seek to examine the fundamental questions of why certain events occurred and their impact on society. ",分析歷史事件時，歷史學家常試圖探討某些事件發生的根本問題以及其對社會的影響。,,,,,,,,,,,,(adj.),,a fundamental question/problem/issue,"profound, significant, cardinal, important",,,,,,,,
高中,三民-B3-U5,,L2,B2,,emphasize,[ˋɛmfə͵saɪz],強調,The instructor raised his voice to emphasize the value of time management.,教師提高音量，強調了時間管理的價值。,,,,,,,,,,,,(v.),v.過去式：emphasized；過去分詞：emphasized；現在分詞：emphasizing,,"stress, accent, underline",,,,,,,,
高中,三民-B3-U5,,L4,C1,,noble,[ˋnobḷ],崇高的,The political leader fought for a noble purpose—he demanded basic rights for all native communities.,那位政治領袖為一個崇尚的目的而戰—他要求為所有原住民族爭取基本權利。,,,,,,,,,,,,(adj.),,,"blue, impressive, lofty, lord",lady,,,,,,,
高中,三民-B3-U5,,L2,C1,,principle,[ˋprɪnsəpḷ],原則，原理,"When we learn a new language, it is essential to understand the basic principles of grammar.",當我們學習一種新語言，了解基本的語法原則至關重要。,,,,,,,,,,,,(n.),n.複數：principles,a basic/general principle,rule,,principal,,,,,,
高中,三民-B3-U5,,L2,C1,,principle,[ˋprɪnsəpḷ],準則,Copying other people’s ideas is against my principles. I can assure you that all of my works are original.,抄襲他人的想法違反了我的原則。我向你保證，我所有的作品都是原創的。,,,,,,,,,,,,(n.),n.複數：principles,against one’s principles,rule,,principal,,,,,,
高中,三民-B3-U5,,L4,B1,,engineering,[͵ɛndʒəˋnɪrɪŋ],工程學，工程,"Candice wanted to build bridges that are both functional and beautiful, so she decided to major in engineering at university.",Candice想建造既實用又美麗的橋樑，因此她決定在大學主修工程學。,,,,,,,,,,,,(n.),,,technology,,,,,,,,
高中,三民-B3-U5,,,,,disadvantaged,[͵dɪsədˋvæntɪdʒd],弱勢的，社會下層的,Part of the new policy on education for disadvantaged children guaranteed free lunch to students who needed it.,新教育政策針對弱勢兒童的一部分保證了需要的學生可以獲得免費午餐。,,,,,,,,,,,,(adj.),,,,,,,,,,,
高中,三民-B3-U5,,L4,B1,,disadvantage,[͵dɪsədˋvæntɪdʒ],不利條件，劣勢,"In modern times, not being familiar with digital technology may put job hunters at a big disadvantage.",當今，不熟悉數位科技可能會讓求職者處於極大的劣勢。,,,,,,,,,,,,(n.),,put/place . . . at a disadvantage,"hamper, handicap",advantage,,,,,,,
高中,三民-B3-U5,,L4,B2,,encounter,[ɪnˋkaᴜntɚ],遇到，遭遇(問題，困難等),"If you encounter any difficulties, please let me know so that I can help you out.",如果你遇到任何困難，請告訴我，我可以幫助您解決。,,,,,,,,,,,,(v.),,encounter a difficulty/problem,"brush, see, play, chance",,,,,,,,
高中,三民-B3-U5,,L4,B2,,encounter,[ɪnˋkaᴜntɚ],相遇,Rita had an unpleasant encounter with a stranger who tried to follow her back home.,Rita和一個試圖跟蹤她回家的陌生人有不愉快的相遇。,,,,,,,,,,,,(n.),,an encounter with someone,"brush, see, play, chance",,,,,,,,
高中,三民-B3-U5,,L2,B1,,indeed,[ɪnˋdid],的確,We all like Andy. He is very popular indeed in our class.,我們都喜歡Andy。他在我們班上的確非常受歡迎。,,,,,,,,,,,,(adv.),,,so,,,,,,,,
高中,三民-B3-U5,,L2,B1,,compare,[kəmˋpɛr],比較,The CEO used a graph to visually compare the company’s sales increase this quarter to those of the same period last year.,CEO使用圖表將本季公司的銷售增長與去年同期進行視覺上比較。,,,,,,,,,,,,(v.),v.過去式：compared；過去分詞：compared；現在分詞：comparing,compare . . . to/with . . .,"comparison, equate",,,,,,,,
高中,三民-B3-U5,,L3,B2,,comparison,[kəmˋpærəsṇ],比較,"In comparison with his brother, Benjamin is a bit taller and stronger.",與他的兄弟相比，Benjamin更高更壯一些。,,,,,,,,,,,,(n.),n.複數：comparisons,in/by comparison (with . . .),compare,,,,,,,,
高中,三民-B3-U5,,L2,B2,,indicate,[ˋɪndə͵ket],指出，顯示,"Studies indicate that poor sleep can lead to certain mental problems, such as getting angry easily.",研究指出，睡眠不足可能導致某些心理問題，比如容易發怒。,,,,,,,,,,,,(v.),v.過去式：indicated；過去分詞：indicated；現在分詞：indicating,indicate (that). . .,"show, point, suggest, signal",,,,,,,,
高中,三民-B3-U5,,L4,C1,,indication,[͵ɪndəˋkeʃən],象徵，表示,"The color red is an indication of passion, whereas blue represents calmness.",紅色象徵熱情，而藍色代表平靜。,,,,,,,,,,,,(n.),n.複數：indications,an indication of (doing) something,,,,,,,,,
高中,三民-B3-U5,,L3,B2,,racial,[ˋreʃəl],種族的,"The percentage of Black, Asian, and Hispanic students has more than doubled, increasing my school’s racial diversity.",黑人、亞洲人和西班牙裔學生的比例成長一倍，增加我們學校的種族多樣性。,,,,,,,,,,,,(adj.),,,,,,,,,,,
高中,三民-B3-U5,,L2,B1,,exist,[ɪgˋzɪst],存在,Pyramids are evidence showing that ancient civilizations once existed in Egypt.,金字塔是古代文明曾經存在於埃及的證據。,,,,,,,,,,,,(v.),v.過去式：existed；過去分詞：existed；現在分詞：existing,,"live, survive, be",,,,,,,,
高中,三民-B3-U5,,L2,B2,,existence,[ɪgˋzɪstəns],存在,"Some people doubt the existence of life on other planets, while others strongly believe in it.",有些人懷疑其他行星上是否存在生命，而另一些人則堅信其存在。,,,,,,,,,,,,(n.),n.複數：existences,,"world, creation, nature, being",,,,-ance / -ence (action or state (行動或狀態)),,,,
高中,三民-B3-U5,,L4,C1,,acceptance,[əkˋsɛptəns],接納，接受,"After Mike transferred to the school, his acceptance into the class brought him a sense of relief.",Mike轉學到這所學校後，他被班上接納讓他有一種如釋重負的感覺。,,,,,,,,,,,,(n.),n.複數：acceptances,,,rejection,,,-ance / -ence (action or state (行動或狀態)),,,,
高中,三民-B3-U5,,L4,C1,,acceptance,[əkˋsɛptəns],接受(提議、計畫或邀請),The acceptance of the terms and conditions is required before you proceed with the online registration.,線上註冊之前，需要接受條款和條件。,,,,,,,,,,,,(n.),n.複數：acceptances,acceptance of something,,rejection,,,-ance / -ence (action or state (行動或狀態)),,,,
高中,三民-B3-U5,,L5,B2,,highlight,[ˋhaɪ͵laɪt],使突出，強調,"This research article highlights the benefits of exercising every day, and it encourages daily workouts.",這篇研究文章強調了每天鍛煉的好處，並鼓勵天天運動。,,,,,,,,,,,,(v.),,,spotlight,background,,,,,,,
高中,三民-B3-U5,,L5,B2,,highlight,[ˋhaɪ͵laɪt],最精彩的部分,Whale watching was the highlight of the boat trip. It was the most amazing thing to see these huge animals up close.,賞鯨是這次船遊的亮點。近距離觀看這些巨大的動物是最令人驚奇的事情。,,,,,,,,,,,,(n.),,a highlight of something,spotlight,background,,,,,,,
高中,三民-B3-U5,,,,,imbalance,[ɪmˋbæləns],不平等,"The economist warned of an imbalance in the trade relationship between the two countries, with one exporting significantly more than importing.",經濟學家告誡兩國貿易關係不平衡，其中一國的出口遠遠超過進口。,,,,,,,,,,,,(n.),,an imbalance (in/of something),,,,,,,,,
高中,三民-B3-U5,,L2,B2,,balance,[ˋbæləns],平衡，均衡,It is essential for an employee to keep a balance between work and personal well-being.,員工保持工作與個人幸福間的平衡是至關重要的。,,,,,,,,,,,,(n.),,keep/strike a balance between . . .,"correspondence, proportion, symmetry",,,,,,,,
高中,三民-B3-U5,,L2,B2,,balance,[ˋbæləns],權衡，斟酌,It is important for athletes to balance training and relaxation in order not to risk physical and mental injuries.,對於運動員來說，平衡訓練和放鬆是非常重要的，以免冒身心受傷的風險。,,,,,,,,,,,,(v.),,balance . . . and/with . . .,"correspondence, proportion, symmetry",,,,,,,,
高中,三民-B3-U5,,L5,C2,,bias,[ˋbaɪəs],偏見，偏袒,The managers avoided any gender bias when choosing new employees for the company.,經理們在選擇公司新員工時避免任何性別偏見。,,,,,,,,,,,,(n.),,gender/political/racial bias,prejudice,,,,,,,,
高中,三民-B3-U5,,L5,C2,,bias,[ˋbaɪəs],使…懷有偏見,This newspaper biases its readers against the ruling party. Many headlines about the government consist of complaints.,這家報紙對執政黨持有偏見，許多關於政府的標題都充滿抱怨。,,,,,,,,,,,,(v.),,bias . . . (against/toward/in favor of . . . ),prejudice,,,,,,,,
高中,三民-B3-U5,,L5,B2,,prejudice,[ˋprɛdʒədɪs],偏見,Prejudice in the workplace can affect hiring practices and career advancement.,工作場所的偏見可能會影響招聘和升職。,,,,,,,,,,,,(n.),,,bias,,,,,,,,
高中,三民-B3-U5,,L5,B2,,tackle,[ˋtækḷ],處理，對付,Anna is determined to tackle this math problem on her own. She believes that she can solve it in five minutes.,Anna下定決心要自己解決這個數學問題。她相信她可以在五分鐘內解決它。,,,,,,,,,,,,(v.),v.過去式：tackled；過去分詞：tackled；現在分詞：tackling | n.複數：tackles,,undertake,,,,,,,,
高中,三民-B3-U5,,L5,B1,,curriculum,[kəˋrɪkjələm],(學校的) 全套課程,"Both Academic Writing and The Plays of Shakespeare are in the English curriculum, but only the former is a required subject.",英文課程中包含《學術寫作》和《莎士比亞的劇作》，但只有前者是必修科目。,,,,,,,,,,,,(n.),n.複數：curricula,in the curriculum,program,,,,,,,,
高中,三民-B3-U5,,L2,B1,,material,[məˋtɪrɪəl],(教學或活動所需的) 材料，用具,"Gary is busy preparing reading materials for the Read-Aloud Competition, including stories, poems, and essays.",Gary忙於為朗讀比賽準備閱讀資料，包括故事、詩歌和文章。,,,,,,,,,,,,(n.),n.複數：materials,reading/writing material,"substantial, crucial, relevant, stuff",,,,,,,,
高中,三民-B3-U5,,L2,B1,,material,[məˋtɪrɪəl],材料，原料,"Wood is a popular building material in the US, and most houses are built with it.",木材是美國常用的建築材料，大多數房屋都是用它建造的。,,,,,,,,,,,,(n.),n.複數：materials,,"substantial, crucial, relevant, stuff",,,,,,,,
高中,三民-B3-U5,,L4,B2,,expose,[ɪkˋspoz],使接觸到,"Mr. and Mrs. Tenet want to expose their child to art, so they encourage their son to visit galleries and learn painting.",Tenet夫婦希望讓他們的孩子接觸藝術，所以他們鼓勵兒子參觀畫廊並學習繪畫。,,,,,,,,,,,,(v.),v.過去式：exposed；過去分詞：exposed；現在分詞：exposing,expose someone to something,"exhibit, display, break, reveal",cover,,,,,,,
高中,三民-B3-U5,,L4,B2,,expose,[ɪkˋspoz],露出，使顯露,The plumber dug up the floor to expose the water pipes under it.,水管工人挖開地板，使地板下的水管露出。,,,,,,,,,,,,(v.),v.過去式：exposed；過去分詞：exposed；現在分詞：exposing,,"exhibit, display, break, reveal",cover,,,,,,,
高中,三民-B3-U5,,L4,C1,,exposure,[ɪkˋspoʒɚ],接觸,Early exposure to educational programs can positively influence a child’s cognitive development.,早期接觸教育性節目可以正面影響兒童的認知發展。,,,,,,,,,,,,(n.),n.複數：exposures,exposure to something,,,,,,,,,
高中,三民-B3-U5,,L5,C1,,viewpoint,[ˋvju͵pɔɪnt],觀點,"When a designer works on a new product, they have to remember to look at it from the consumers’ viewpoints.",當設計師致力於新產品時，他們必須記住從消費者的角度來看待此產品。,,,,,,,,,,,,(n.),,from one’s viewpoint,stand,,,,,,,,
高中,三民-B3-U5,,L5,C1,,stereotype,[ˋstɛrɪə͵taɪp],刻板印象，成見,This movie was written to overthrow the stereotype that being a writer is an easy career.,這部電影的創作目的在於推翻一個刻板印象，即作家是一個輕鬆的職業。,,,,,,,,,,,,(n.),,,stamp,,,,,,,,
高中,三民-B3-U5,,,,,measure,[ˋmɛʒɚ],措施，方法,The report recommended that the government take more measures to encourage sustainable development.,報告建議政府採取更多措施促進永續發展。,,,,,,,,,,,,(n.),,take/adopt/introduce a measure,,,,,,,,,
高中,三民-B3-U5,,,,,measure,[ˋmɛʒɚ],測量,Each student must be measured for the new uniform to fit properly.,每個學生都必須測量新校服的尺寸，以確保其合身。,,,,,,,,,,,,(v.),v.過去式：measured；過去分詞：measured；現在分詞：measuring | n.複數：measures,measure . . . for something,,,,,,,,,
高中,三民-B3-U5,,L3,B2,,widen,[ˋwaɪdṇ],加深，擴大,Good communication helps prevent the gap between generations from widening.,良好的溝通有助於防止世代差距擴大。,,,,,,,,,,,,(v.),v.過去式：widened；過去分詞：widened；現在分詞：widening,,"extend, broaden","contract, narrow",,,-en (to make (使變得…)),,,,
高中,三民-B3-U5,,L3,B2,,widen,[ˋwaɪdṇ],拓寬，使變寬,The mayor planned to widen the main roads so as to solve traffic problems occurring in the city center.,市長計畫加寬主幹道，以解決市中心出現的交通問題。,,,,,,,,,,,,(v.),v.過去式：widened；過去分詞：widened；現在分詞：widening,,"extend, broaden","contract, narrow",,,-en (to make (使變得…)),,,,
高中,三民-B3-U5,,L4,,,STEM,[ˋstɛm],科學、技術、工程和數學,Many students are choosing to study STEM subjects because they offer great career opportunities in the future.,許多學生選擇學習 STEM 科目，因為它們在未來提供很好的職業機會。,,,,,,,,,,,,(n.),,,"base, radical, bow, theme",,,,,,,,
高中,三民-B3-U5,,,,,Universal Declaration of Human Rights,[͵junəˋvɝsḷ ͵dɛkləˋreʃən əv ˋhjumən raɪts],《世界人權宣言》,The Universal Declaration of Human Rights outlines the basic rights and freedoms everyone should have.,《世界人權宣言》闡明了每個人都應享有的基本權利和自由。,,,,,,,,,,,,(n.),,,,,,,,,,,
高中,三民-B3-U5,,,,,universal,[͵junəˋvɝsḷ],全世界的，普遍的,Music is often considered a universal language because it can be understood and enjoyed by people everywhere.,音樂常被視為一種普世語言，因為它能被各地的人們理解和欣賞。,,,,,,,,,,,,(adj.),,,,,,,,,,,
高中,三民-B3-U5,,L4,B2,,universe,[ˋjunə͵vɝs],宇宙,Astronomers use powerful telescopes to study the vastness of the universe and discover new planets.,天文學家使用強大的望遠鏡來研究浩瀚的宇宙並發現新行星。,,,,,,,,,,,,(n.),n.複數：universes,,"comprehensive, general",,,,,,,,
高中,三民-B3-U5,,L5,C1,,declaration,[͵dɛkləˋreʃən],宣告，聲明,The country made a public declaration of its commitment to protecting the environment at the summit.,該國在峰會上公開聲明其保護環境的承諾。,,,,,,,,,,,,(n.),n.複數：declarations,,"resolve, resolution",,,,,,,,
高中,三民-B3-U5,,L4,B1,,declare,[dɪˋklɛr],宣告，宣布,The principal will declare the winner of the school's talent show at the assembly tomorrow morning.,校長將在明天早上的集會上宣布學校才藝表演的獲勝者。,,,,,,,,,,,,(v.),v.過去式：declared；過去分詞：declared；現在分詞：declaring,,"break, hold, reveal, expose",,,,,,,,
高中,三民-B3-U5,,,,,United Nations,[jᴜ͵naɪtɪd ˋneʃən],聯合國,The United Nations works to promote peace and cooperation among countries around the world.,聯合國致力於促進世界各國之間的和平與合作。,,,,,,,,,,,,(n.),,,,,,,,,,,
高中,三民-B3-U5,,,,,united,[jᴜˋnaɪtɪd],聯合的，統一的,"The students presented a united front to the principal, asking for more extracurricular activities.",學生們向校長展現了團結一致的立場，要求增加課外活動。,,,,,,,,,,,,(adj.),,,,,,,,,,,
高中,三民-B3-U5,,L3,C1,,unite,[jᴜˋnaɪt],團結，聯合,The community decided to unite and work together to clean up the local park next weekend.,社區決定團結起來，下週末一起清理當地公園。,,,,,,,,,,,,(v.),v.過去式：united；過去分詞：united；現在分詞：uniting,,"link, connect, merge, unify","separate, split, divide",,uni- (one (單一)),,,,,
高中,三民-B3-U5,,L2,B2,,nation,[ˋneʃən],國家,"Every nation has its own unique culture, traditions, and history that make it special.",每個國家都有其獨特的文化、傳統和歷史，使其與眾不同。,,,,,,,,,,,,(n.),n.複數：nations,,"land, country, nationality, commonwealth",,,,,,,,
高中,三民-B3-U5,,L6,,,extracurricular,[͵ɛkstrəkəˋrɪkjəlɚ],課外的,Joining extracurricular activities like sports clubs or debate teams can enhance your school life.,參加體育社團或辯論隊等課外活動可以豐富你的學校生活。,,,,,,,,,,,,(adj.),,,outside,,,,,,,,
高中,三民-B3-U5,,,,,Hispanic,[hɪsˋpænɪk],西班牙的；(尤指拉丁美洲) 西班牙語國家的,"Many Hispanic countries celebrate Día de los Muertos, a vibrant holiday honoring deceased loved ones.",許多西班牙語系國家慶祝亡靈節，這是一個紀念逝去親人的熱鬧節日。,,,,,,,,,,,,(adj.),,,,,,,,,,,
高中,三民-B3-U5,,,,,UNESCO,[juˋnɛsko],聯合國教科文組織,"UNESCO works to protect world heritage sites and promote education, science, and culture globally.",聯合國教科文組織致力於保護世界遺產，並在全球推廣教育、科學和文化。,,,,,,,,,,,,(n.),,,,,,,,,,,
高中,三民-B3-U5,,,,,worldwide,[ˋwɝld͵waɪd],世界各地的,Climate change is a serious worldwide issue that requires cooperation from all countries to solve.,氣候變遷是一個嚴重的全球性問題，需要所有國家合作才能解決。,,,,,,,,,,,,(adj.),,,,,,,,,,,
高中,三民-B3-U5,,,,,worldwide,[ˋwɝld͵waɪd],世界各處地,The new smartphone model was launched worldwide and quickly became popular among young people.,這款新型智慧型手機在全球發布後，迅速受到年輕人的歡迎。,,,,,,,,,,,,(adv.),,,,,,,,,,,
高中,三民-B3-U5,,,,,Australia,[ɔˋstreljə],澳洲,"Many tourists visit Australia to see its unique wildlife, like kangaroos and koalas, and beautiful beaches.",許多遊客造訪澳洲是為了觀賞其獨特的野生動物，如袋鼠和無尾熊，以及美麗的海灘。,,,,,,,,,,,,(n.),,,,,,,,,,,
高中,三民-B3-U5,,,,,Australian,[ɔˋstreljən],澳洲的,My friend is planning a trip to see the beautiful Australian beaches next summer.,我的朋友計畫明年夏天去看看美麗的澳洲海灘。,,,,,,,,,,,,(adj.),,,,,,,,,,,
高中,三民-B3-U5,,,,,Australian,[ɔˋstreljən],澳洲人,I met an Australian who was traveling around Taiwan and really enjoyed the local food.,我遇到一位正在台灣旅行的澳洲人，他非常喜歡當地的食物。,,,,,,,,,,,,(n.),,,,,,,,,,,
高中,三民-B3-U5,,L5,C2,,incorporate,[ɪnˋkɔrpə͵ret],包含，將…包括在內,We should incorporate more group activities into our study plan to make learning more fun.,我們應該在學習計畫中加入更多的小組活動，讓學習更有趣。,,,,,,,,,,,,(v.),v.過去式：incorporated；過去分詞：incorporated；現在分詞：incorporating,,"comprise, integrate, contain",,,,,,,,
高中,三民-B3-U5,,L5,,,indigenous,[ɪnˋdɪdʒənəs],本地的，土生土長的,The museum has a special exhibition about the history and culture of the indigenous people of Taiwan.,博物館有一個關於台灣原住民歷史和文化的特別展覽。,,,,,,,,,,,,(adj.),,,native,,,,,,,,
高中,三民-B3-U5,,,,,role model,[ˋrol ͵mɑdḷ],模範，榜樣,Many young athletes look up to their coaches as important role models in their lives.,許多年輕運動員視他們的教練為生命中重要的榜樣。,,,,,,,,,,,,(n.),,,,,,,,,,,
高中,三民-B3-U5,,L6,C1,,inclusive,[ɪnˋklusɪv],範圍廣泛的,Our school tries to create an inclusive environment where every student feels welcome and respected.,我們學校努力創造一個廣納多元的環境，讓每個學生都感到受歡迎和被尊重。,,,,,,,,,,,,(adj.),,,comprehensive,exclusive,,,,,,,
高中,三民-B3-U5,,,,,make up something,,組成…，構成…,The puzzle pieces fit together perfectly to make up a complete picture of a beautiful landscape.,拼圖塊完美地拼合在一起，組成了一幅美麗的風景畫。,,,,,,,,,,,,(phr.),,,,,,,,,,,
高中,三民-B3-U5,,,,,food for thought,,引人深思的事物,"When I was struggling to choose my major in college, reading Robert Frost’s poem, The Road Not Taken, gave me inspiration and food for thought.",當我在掙扎要選什麼為大學主修時，羅伯特‧弗羅斯特的詩集中，《未選之路》令我深思。,,,,,,,,,,,,(phr.),,,,,,,,,,,
高中,三民-B3-U5,,,,,take something into consideration,,考慮到…,Emily takes the weather into consideration when deciding on a date to go to the beach because she wants to enjoy a sunny day.,Emily會考量天氣狀況決定去海灘的日子，因為她想要享受陽光明媚的一天。,,,,,,,,,,,,(phr.),,,,,,,,,,,
高中,三民-B3-U5,,,,,hold back . . .,,阻礙…的發展，妨礙…的進展；阻擋，阻攔,The publisher held back information about the new book before it was put on the market.,在新書上市之前，出版商對該書的相關資訊進行了保留。,,,,,,,,,,,,(phr.),,,,,,,,,,,
高中,三民-B3-U5,,,,,hold back . . .,,阻礙…的發展，妨礙…的進展；阻擋，阻攔,The old man couldn’t hold back his tears after reading this sad story.,這位老人讀完這個悲傷的故事後忍不住流下了眼淚。,,,,,,,,,,,,(phr.),,,,,,,,,,,
高中,三民-B3-U6,,L4,B2,,volunteer,[͵vɑlənˋtɪr],志願者，志工,"Because of his love for art, Jason worked as a volunteer at the art museum on weekends.",由於對藝術的熱愛，Jason在週末擔任藝術博物館的志工。,,,,,,,,,,,,(n.),,,"offer, voluntary",,,,,,,,
高中,三民-B3-U6,,L4,B2,,volunteer,[͵vɑlənˋtɪr],自願做，做志工,"Even though nobody had asked Rachel to clean up the trash on the beach, she volunteered to do so.",即使沒有人要求Rachel清理海灘上的垃圾，她自願這麼做。,,,,,,,,,,,,(v.),,volunteer to do something,"offer, voluntary",,,,,,,,
高中,三民-B3-U6,,L4,B2,,occupy,[ˋɑkjə͵paɪ],占用，占有,My whole weekend was occupied with this novel. It was so exciting that I just couldn’t put it down.,我整個週末都被這本小說占據了。它太令人興奮了，我根本停不下來。,,,,,,,,,,,,(v.),v.過去式：occupied；過去分詞：occupied；現在分詞：occupying,occupy . . . with (doing) something,"concern, worry, interest, take",,,,,,,,
高中,三民-B3-U6,,L4,B2,,occupy,[ˋɑkjə͵paɪ],占領，占據,"During World War II, the Netherlands was swiftly occupied by the German army.",在二戰期間，荷蘭迅速被德國軍隊占領。,,,,,,,,,,,,(v.),v.過去式：occupied；過去分詞：occupied；現在分詞：occupying,,"concern, worry, interest, take",,,,,,,,
高中,三民-B3-U6,,L4,A2,,occupation,[͵ɑkjəˋpeʃən],職業；工作,John explored various career opportunities before finally choosing an occupation as a computer engineer.,John在最後選擇成為一名電腦工程師之前，探索了各種不同的職業機會。,,,,,,,,,,,,(n.),n.複數：occupations,,"line, vocation, business",,,,,,,,
高中,三民-B3-U6,,L3,A2,,kilometer,[ˋkɪlə͵mitɚ],公里,I used to walk to school because it was less than one kilometer from my house.,我過去經常走路去上學，因為學校距離我家不到一公里。,,,,,,,,,,,,(n.),,,,,,,,,,,
高中,三民-B3-U6,,L4,C1,,numerous,[ˋnjumərəs],許多的,"The types of food products sold at that supermarket are too numerous to be listed. Canned food, vegetables, and seafood are just three examples.",那家超市出售的食品種類繁多，無法一一列舉。罐頭食品、蔬菜和海鮮只是其中的三個例子。,,,,,,,,,,,,(adj.),,,many,,,,,,,,
高中,三民-B3-U6,,,,,amaze,[əˋmez],使驚奇，使驚嘆,It amazed me that this girl was able to become a high school student at the age of six.,這個女孩六歲就能成為高中生，這讓我感到非常驚訝。,,,,,,,,,,,,(v.),v.過去式：amazed；過去分詞：amazed；現在分詞：amazing,It amazed/amazes someone that . . .,,,,,,,,,
高中,三民-B3-U6,,,,,amazement,[əˋmezmənt],驚奇，驚嘆,"The children watched the fireworks in amazement, and their eyes were wide with wonder and excitement.",孩子們驚奇地觀看煙火，他們的眼睛洋溢著驚訝和興奮。,,,,,,,,,,,,(n.),,in amazement,,,,,,,,,
高中,三民-B3-U6,,,,,resourceful,[rɪˋsorsfəl],足智多謀的,Mr. James is a resourceful manager who always knows how to handle tough situations and satisfy every customer.,James先生是一位足智多謀的經理，他總是知道如何處理棘手的情況，並滿足每一位客戶。,,,,,,,,,,,,(adj.),,,,,,,,,,,
高中,三民-B3-U6,,L3,B2,,resource,[ˋrisors],資源,That country is rich in natural resources. It has a lot of oil and natural gas.,那個國家擁有豐富的自然資源。它有大量的石油和天然氣。,,,,,,,,,,,,(n.),n.複數：resources,natural resources,imagination,,,,,,,,
高中,三民-B3-U6,,L4,B2,,concrete,[ˋkɑnkrit],混凝土,"Unlike traditional houses which are made of wood, modern apartment buildings are usually constructed with concrete.",不同於傳統的木造房屋，現代公寓大樓通常用混凝土建造。,,,,,,,,,,,,(n.),,,"objective, solid, real",abstract,,,,,,,
高中,三民-B3-U6,,L4,B2,,concrete,[ˋkɑnkrit],確實的，具體的,The clear fingerprints served as concrete evidence and helped the police solve the crime.,那些清晰的指紋是具體證據，幫助警方偵破案件。,,,,,,,,,,,,(adj.),,concrete evidence,"objective, solid, real",abstract,,,,,,,
高中,三民-B3-U6,,L3,B2,,brick,[brɪk],磚頭,The brick wall protected the house from the strong winds of the storm.,磚牆保護房子免受暴風雨的強風。,,,,,,,,,,,,(n.),v.過去式：bricked；過去分詞：bricked；現在分詞：bricking | n.複數：bricks,,,,,,,,,,
高中,三民-B3-U6,,L3,B1,,neighborhood,[ˋnebɚ͵hᴜd],鄰里，街坊,"The noise of the car alarm suddenly broke the silence of the night, waking up everyone in the quiet neighborhood.",汽車警報器的聲音突然打破了夜晚的寧靜，喚醒了寧靜社區中的每個人。,,,,,,,,,,,,(n.),n.複數：neighborhoods,,region,,,,-hood (state/condition of being (處於某種身分或狀態)),,,,
高中,三民-B3-U6,,L2,,,neighbor,[ˋnebɚ],鄰居,My neighbor is a friendly person who always waves when we pass each other in the morning.,我的鄰居是一個友善的人。每天早晨當我們相遇時，他總是會揮手致意。,,,,,,,,,,,,(n.),v.過去式：neighbored；過去分詞：neighbored；現在分詞：neighboring | n.複數：neighbors,,"close, near",,,,,,,,
高中,三民-B3-U6,,L2,B1,,imagine,[ɪˋmædʒɪn],想像,"Most of the freshmen in this high school imagined their school principal to be very serious, but she is actually quite humorous.",這所高中大多數的新生都想像他們的校長會非常嚴肅，但她其實相當幽默。,,,,,,,,,,,,(v.),v.過去式：imagined；過去分詞：imagined；現在分詞：imagining,imagine . . . to be/doing something,"reckon, think, suppose, guess",,,,,,,,
高中,三民-B3-U6,,L3,B1,,imagination,[ɪ͵mædʒəˋneʃən],想像力,The author used her vivid imagination to create a magical world in her new book.,這位作者運用她豐富的想像力在她的新書中創造了一個魔幻的世界。,,,,,,,,,,,,(n.),n.複數：imaginations,a vivid imagination,"vision, resource",,,,,,,,
高中,三民-B3-U6,,L4,C1,,imaginary,[ɪˋmædʒə͵nɛrɪ],虛構的，幻想的,A dragon is an imaginary creature. It can’t be found in the real world.,龍是一種虛構的生物，在現實世界中無法找到。,,,,,,,,,,,,(adj.),,,,,,,,,,,
高中,三民-B3-U6,,L4,C1,,imaginative,[ɪˋmædʒə͵netɪv],富有想像力的,The teacher is very imaginative. He can make up hundreds of fairy tales to tell his students.,這位老師非常富有想像力，他能編造數百個童話故事來給學生們講述。,,,,,,,,,,,,(adj.),,,creative,,,,,,,,
高中,三民-B3-U6,,L2,B2,,supply,[səˋplaɪ],提供，供應,The charity aims to supply families in need with essential food items during the holiday season.,這個慈善機構的目標是在假日期間，向有需要的家庭提供必要的食品。,,,,,,,,,,,,(v.),,supply . . . with something,"render, issue, provide, provision","demand, recall",,,,,,,
高中,三民-B3-U6,,L2,B2,,supply,[səˋplaɪ],供應量,"Because of a reliable partnership with a local farm, the store has a steady supply of fresh fruit and vegetables.",由於與當地農場可信賴的合作關係，這家商店擁有穩定鮮果和鮮蔬的供應。,,,,,,,,,,,,(n.),,,"render, issue, provide, provision","demand, recall",,,,,,,
高中,三民-B3-U6,,L2,B1,,nearby,[͵nɪrˋbaɪ],在附近,"There aren’t any hospitals nearby. If we need to see a doctor, we have to drive for an hour.",附近沒有任何醫院。如果我們需要看醫生，就必須開車一小時。,,,,,,,,,,,,(adv.),,,"close, near",,,,,,,,
高中,三民-B3-U6,,L2,B1,,nearby,[͵nɪrˋbaɪ],附近的,"Instead of going to the nearby supermarket, my mother likes to do her grocery shopping at a hypermarket far away because the products there are usually cheaper.",我母親喜歡到遠處的大賣場購物，而不是去附近的超市，因為那裡的商品通常比較便宜。,,,,,,,,,,,,(adj.),,,"close, near",,,,,,,,
高中,三民-B3-U6,,L3,B2,,squeeze,[skwiz],擠進，擠過,"After a ten-minute search for a parking spot, I finally found one, but I had to squeeze into it between two large trucks.",在尋找停車位十分鐘後，我終於找到了一個，但我必須擠進兩輛大卡車的中間。,,,,,,,,,,,,(v.),,squeeze into/through/between something,"thrust, bosom, embrace, compact",,,,,,,,
高中,三民-B3-U6,,L3,B2,,squeeze,[skwiz],擠出，擰出,"Before the cook served the steamed fish, he squeezed some lemon juice onto it.",在廚師上清蒸魚之前，他在上面擠了些檸檬汁。,,,,,,,,,,,,(v.),,,"thrust, bosom, embrace, compact",,,,,,,,
高中,三民-B3-U6,,L3,B2,,squeeze,[skwiz],擠壓，捏,"Seeing me nervous about giving the presentation in front of the class, my team member gave me a comforting squeeze on the arm.",看到我在全班面前緊張地進行演講，我的隊友給了我一個安慰的擁抱。,,,,,,,,,,,,(n.),,,"thrust, bosom, embrace, compact",,,,,,,,
高中,三民-B3-U6,,,,,fulfill,[fᴜlˋfɪl],履行，實現,The new library fulfills a need for a welcoming space to study and relax.,新圖書館滿足了對於學習和放鬆的友好環境的需求。,,,,,,,,,,,,(v.),v.過去式：fulfilled；過去分詞：fulfilled；現在分詞：fulfilling,fulfill a need/function/purpose,,,,,,,,,
高中,三民-B3-U6,,,,,fulfillment,[fᴜlˋfɪlmənt],履行，實現,The little house in the country was the fulfillment of David’s dream.,那鄉間的小房子是David夢想的實現。,,,,,,,,,,,,(n.),,,,,,,,,,,
高中,三民-B3-U6,,L3,B2,,violent,[ˋvaɪələnt],暴力的,"People living in this area are scared of the increase in violent crime, such as robbery and murder.",這個地區的居民對於暴力犯罪，如搶劫和謀殺的增加，感到恐懼。,,,,,,,,,,,,(adj.),,violent crime,"intense, wild, fierce, hot",,,,,,,,
高中,三民-B3-U6,,L3,B2,,violence,[ˋvaɪələns],暴力，暴行,Many people in the United States took to the streets to protest police violence against black people.,許多美國人走上街頭抗議警察針對黑人的暴力行為。,,,,,,,,,,,,(n.),,violence against someone,"force, fury",,,,,,,,
高中,三民-B3-U6,,,,,occasionally,[əˋkeʒənḷɪ],偶爾，有時候,Talking about political events can occasionally cause arguments because of the different opinions people hold.,談論政治事件可能偶爾會引起爭議，因為人們持有不同的意見。,,,,,,,,,,,,(adv.),,,,,,,,,,,
高中,三民-B3-U6,,L4,C1,,occasional,[əˋkeʒənḷ],偶爾的,Holly made occasional visits to Taichung during her long stay in Changhua. She went there a few times over two years.,Holly在彰化久留的期間偶爾會造訪臺中。在這兩年中，她去了好幾次。,,,,,,,,,,,,(adj.),,,casual,,,,,,,,
高中,三民-B3-U6,,L3,B1,,occasion,[əˋkeʒən],時刻，時機,My grandmother only uses these plates on special occasions such as birthdays and festivals.,我的奶奶只在特殊場合，如生日和節慶時，才會使用這些碟子。,,,,,,,,,,,,(n.),v.過去式：occasioned；過去分詞：occasioned；現在分詞：occasioning | n.複數：occasions,on an occasion,affair,,,,-sion (state or action (狀態或行動)),,,,
高中,三民-B3-U6,,L2,B1,,narrow,[ˋnæro],狹窄的,The narrow path through the forest was barely wide enough for one person to pass at a time.,森林中狹窄的小徑一次幾乎只夠一個人通過。,,,,,,,,,,,,(adj.),,,"slender, petty, contract, marginal","broad, wide, widen, diversify",,,,,,,
高中,三民-B3-U6,,L2,B1,,narrow,[ˋnæro],變窄，縮窄,"Trying to read the tiny print, the old man narrowed his eyes in concentration.",老人瞇起眼睛，專注地閱讀細小的字體。,,,,,,,,,,,,(v.),,,"slender, petty, contract, marginal","broad, wide, widen, diversify",,,,,,,
高中,三民-B3-U6,,L3,C1,,gesture,[ˋdʒɛstʃɚ],表示，姿態,"After Claire transferred to a new school, she gave her teacher some homemade cookies as a friendly gesture.",Claire轉到新學校後，她送給老師一些自製的餅乾，作為一種友好的表示。,,,,,,,,,,,,(n.),,,motion,,,,,,,,
高中,三民-B3-U6,,L3,C1,,gesture,[ˋdʒɛstʃɚ],手勢，姿勢,A good speaker is skilled in using body language like gestures and facial expressions to attract the audience’s attention.,一位優秀的演講者擅長運用身體語言，如手勢和面部表情，來吸引觀眾的注意力。,,,,,,,,,,,,(n.),,,motion,,,,,,,,
高中,三民-B3-U6,,L2,B2,,expense,[ɪkˋspɛns],開銷,"Inflation results in an increase in the general price level of goods and services, leading to rising living expenses.",通貨膨脹導致商品和服務的價格上升，從而導致生活開銷上漲。,,,,,,,,,,,,(n.),n.複數：expenses,living/medical expenses,,,,,,,,,
高中,三民-B3-U6,,L5,B2,,generate,[ˋdʒɛnə͵ret],產生，創造,These rooftop solar panels help people in this apartment complex generate clean energy.,這些屋頂的太陽能板幫助這棟公寓的居民產生乾淨的能源。,,,,,,,,,,,,(v.),v.過去式：generated；過去分詞：generated；現在分詞：generating,,"yield, render, give, return",,,,,,,,
高中,三民-B3-U6,,L4,,,skyscraper,[ˋskaɪ͵skrepɚ],摩天大樓,"Covered in clouds, the top of the skyscraper couldn’t be seen clearly from the ground.",由於被雲層遮蔽，從地面看不太清楚摩天大樓的頂部。,,,,,,,,,,,,(n.),,,,,,,,,,,
高中,三民-B3-U6,,L4,B2,,contrast,[ˋkɑntræst],對照，比對,The contrast between the bustling city streets and the peaceful countryside is obvious.,熙攘的城市街道和寧靜的鄉村間的對比顯而易見。,,,,,,,,,,,,(n.),,contrast between . . .,line,,,,,,,,
高中,三民-B3-U6,,L4,B2,,contrast,[ˋkɑntræst],對照，對比,"The report contrasts the company’s current performance with its performance from five years ago, showing significant improvements in market share.",這份報告將公司當前的表現與五年前的表現進行對比，顯示市占率有顯著改善。,,,,,,,,,,,,(v.),,contrast . . . with . . .,line,,,,,,,,
高中,三民-B3-U6,,L2,B2,,wealth,[wɛlθ],財富，錢財,"Selling oil has brought great wealth to some Middle Eastern countries, such as Saudi Arabia, Iraq, and the United Arab Emirates.",對於一些中東國家，如沙烏地阿拉伯、伊拉克和阿拉伯聯合大公國來說，販賣石油為他們帶來了巨大的財富。,,,,,,,,,,,,(n.),,,riches,poverty,,,,,,,
高中,三民-B3-U6,,L3,B2,,wealthy,[ˋwɛlθɪ],富有的，富裕的,"Although Stacey comes from a wealthy family, she never wastes her money on anything that she doesn’t need.",儘管Stacey家庭富裕，但她從不將錢浪費在她不需要的東西上。,,,,,,,,,,,,(adj.),adj.比較級：wealthier；最高級：wealthiest,,"flush, rich",,,,,,,,
高中,三民-B3-U6,,L4,B2,,generous,[ˋdʒɛnərəs],慷慨的，大方的,"Ruby has always been generous to her friends. For her best friend’s birthday, Ruby treated her to a surprise dinner.",Ruby對待她的朋友一直都慷慨大方。在她最好的朋友生日時，Ruby請她吃了一頓驚喜晚餐。,,,,,,,,,,,,(adj.),,be generous to someone,,,,,,,,,
高中,三民-B3-U6,,,,,generosity,[͵dʒɛnəˋrɑsətɪ],慷慨，大方,"Mother Teresa showed generosity to people in need, making her a role model for teenagers around the world.",德蕾莎修女對有需要的人表現出慷慨，使她成為世界各地青少年的榜樣。,,,,,,,,,,,,(n.),,generosity to/toward someone,,,,,,,,,
高中,三民-B3-U6,,,,,favela,[fəˋvɛlə],(巴西城市中的) 貧民窟,Many residents of the favela work hard every day to improve their living conditions and build a better future.,許多貧民窟的居民每天努力工作，以改善他們的生活條件並創造更美好的未來。,,,,,,,,,,,,(n.),,,,,,,,,,,
高中,三民-B3-U6,,,,,Rocinha,[rəˋsɪnjə],羅西尼亞貧民窟,"Rocinha is one of the largest favelas in Rio de Janeiro, known for its vibrant community spirit.",羅西尼亞是里約熱內盧最大的貧民窟之一，以其充滿活力的社區精神而聞名。,,,,,,,,,,,,(n.),,,,,,,,,,,
高中,三民-B3-U6,,,,,Brazil,[brəˋzɪl],巴西,"Brazil is famous for its beautiful rainforests, lively carnivals, and passionate football culture.",巴西以其美麗的雨林、熱鬧的嘉年華和熱情的足球文化而聞名。,,,,,,,,,,,,(n.),,,,,,,,,,,
高中,三民-B3-U6,,,,,dengue fever,[ˋdɛŋgɪ ˋfivɚ],登革熱,Health officials are working to prevent the spread of dengue fever by educating people about mosquito control.,衛生官員正努力透過教育民眾蚊蟲防治來預防登革熱的傳播。,,,,,,,,,,,,(n.),,,,,,,,,,,
高中,三民-B3-U6,,L5,,,outsider,[aᴜtˋsaɪdɚ],外來者，局外人,It can be challenging for an outsider to understand all the local customs and traditions immediately.,對於一個外來者來說，要立即理解所有當地習俗和傳統可能很有挑戰性。,,,,,,,,,,,,(n.),n.複數：outsiders,,foreigner,,,,,,,,
高中,三民-B3-U6,,L3,B2,,gang,[gæŋ],幫派,The police are trying to reduce crime rates and prevent young people from joining a gang.,警方正努力降低犯罪率，並防止年輕人加入幫派。,,,,,,,,,,,,(n.),,,"ring, bunch, crowd, pack",,,,,,,,
高中,三民-B3-U6,,,,,kombi,[ˋkɑmbi],小型公共公車,"In some parts of Brazil, a kombi is a common and affordable way for people to travel short distances.",在巴西某些地區，小型公共公車是一種常見且經濟實惠的短途旅行方式。,,,,,,,,,,,,(n.),,,,,,,,,,,
高中,三民-B3-U6,,,,,Rio de Janeiro,[ˋrio də dʒəˋnɪro],里約熱內盧,"Rio de Janeiro is famous for its stunning beaches, vibrant carnival, and iconic Christ the Redeemer statue.",里約熱內盧以其令人驚嘆的海灘、充滿活力的嘉年華和標誌性的基督救世主雕像而聞名。,,,,,,,,,,,,(n.),,,,,,,,,,,
高中,三民-B3-U6,,L6,C1,,scenic,[ˋsinɪk],風景優美的,We took a scenic route through the mountains to enjoy the breathtaking views of the countryside.,我們走了一條風景優美的山路，欣賞了令人驚嘆的鄉村景色。,,,,,,,,,,,,(adj.),adj.比較級：more scenic；最高級：most scenic,,beautiful,,,,,,,,
高中,三民-B3-U6,,,,,skyline,[ˋskaɪlaɪn],(建築物在天空映襯下的) 空中輪廓,"From the top of Taipei 101, you can see the impressive skyline of the entire city.",從台北101的頂端，你可以看到整個城市令人印象深刻的空中輪廓。,,,,,,,,,,,,(n.),,,,,,,,,,,
高中,三民-B3-U6,,,,,as if/as though,,彷彿，好像,The child held onto his mother’s hand tightly as if he feared he would get lost in the crowded mall.,孩子緊緊抓住母親的手，彷彿害怕在擁擠的商場走失。,,,,,,,,,,,,(phr.),,,,,,,,,,,
高中,三民-B3-U6,,,,,at a time,,同時，同一時間,"Hearing the sound of the MRT train coming, Jessica ran down the stairs two steps at a time.",聽到捷運到站的聲音，Jessica一次下了兩階樓梯。,,,,,,,,,,,,(phr.),,,,,,,,,,,
高中,三民-B3-U6,,,,,in return,,作為 (對某事的) 回報,"Sue helped me with my project, and, in return, I offered to assist her with her essay which was due the following week.",Sue幫助我完成專案，作為回報，我主動提出協助她下週截止的論文。,,,,,,,,,,,,(phr.),,,,,,,,,,,
高中,三民-B3-U6,,,,,go beyond something,,超出…，不只是…,The benefits of doing sports go beyond improved physical health. Regular exercise also has positive effects on mental well-being.,運動的好處不只侷限於改善身體健康。定期鍛鍊還對心理健康產生正面影響。,,,,,,,,,,,,(phr.),,,,,,,,,,,
高中,三民-B3-U7,,L2,B2,,crisis,[ˋkraɪsɪs],危機，緊要關頭,The recent economic crisis and rising food prices have caused many restaurants in town to go out of business.,最近的經濟危機和食品價格上漲導致該城鎮許多餐廳倒閉。,,,,,,,,,,,,(n.),n.複數：crises,a(n) economic/financial/political crisis,,,,mid- (in the middle (中間)),,,,,
高中,三民-B3-U7,,L3,B1,,comfort,[ˋkʌmfɚt],安慰，舒適,"When Luke feels blue, he always takes comfort from his friends’ words.",當Luke感到沮喪時，他總是從朋友的話語中得到安慰。,,,,,,,,,,,,(n.),,take comfort from,"consolation, ease, console, soothe",discomfort,,,,,,,
高中,三民-B3-U7,,L2,B1,,historical,[hɪˋstɔrɪkḷ],歷史上的,"Alan finds it interesting to study historical events, such as the Industrial Revolution.",Alan發現研究歷史事件，如工業革命，很有趣。,,,,,,,,,,,,(adj.),,historical events/people,"real, historic, past",descriptive,historic,,,,,,
高中,三民-B3-U7,,L3,B1,,historic,[hɪˋstɔrɪk],有歷史意義的,The president’s visit to our small town was a historic day that will be remembered by the community.,總統拜訪我們小鎮的那一天是一個歷史性的日子，將被社區銘記在心。,,,,,,,,,,,,(adj.),adj.比較級：more historic；最高級：most historic,a historic occasion/day/moment/event/visit,"important, past, historical",,historical,,-ic (relating to (與…相關的)),,,,
高中,三民-B3-U7,,L3,C1,,historian,[hɪˋstɔrɪən],歷史學家,The historian is carefully examining the sword to find out whether it belonged to a noble person.,歷史學家正在仔細檢查這把劍，以確認它是否屬於一位貴族。,,,,,,,,,,,,(n.),n.複數：historians,,,,,,,,,,
高中,三民-B3-U7,,L5,B2,,terrify,[ˋtɛrə͵faɪ],使害怕，使恐懼,"A sudden clap of thunder terrified the baby, causing him to cry.",一聲突然的雷鳴嚇到了嬰兒，使他哭了起來。,,,,,,,,,,,,(v.),v.過去式：terrified；過去分詞：terrified；現在分詞：terrifying,,,,,,-ify (to make; cause (使…化；使成…)),,,,
高中,三民-B3-U7,,,,,terrified,[ˋtɛrə͵faɪd],非常害怕的，飽受驚嚇的,Crime rates in this town have risen so alarmingly fast that people are now terrified of walking alone outside after dark.,這個鎮的犯罪率上升非常快速，導致人們對夜晚獨自在外行走感到恐懼。,,,,,,,,,,,,(adj.),,be terrified of (doing) something,,,,,,,,,
高中,三民-B3-U7,,L3,B2,,confuse,[kənˋfjuz],使糊塗，使混亂,This manual isn’t helpful. It contains too many challenging words and unclear instructions that confuse lots of people.,這個手冊並不實用。它含有太多困難的詞彙和不清晰的指示，困惑了許多人。,,,,,,,,,,,,(v.),v.過去式：confused；過去分詞：confused；現在分詞：confusing,confuse someone,"obscure, throw, blur, fox","clear, illuminate, clarify",,,,,,,
高中,三民-B3-U7,,L4,B2,,confusion,[kənˋfjuʒən],困惑，糊塗,The news article created confusion about the murder. It reported different information from what the police reported.,這篇新聞文章讓人對謀殺案感到困惑。它報導的資訊與警方報導的不同。,,,,,,,,,,,,(n.),n.複數：confusions,confusion about/over/as to something,,,,,,,,,
高中,三民-B3-U7,,L4,,,flea,[fli],跳蚤,Regularly bathing your dog and constantly washing its bedding are good ways to prevent flea bites.,定期給狗洗澡並且經常洗牠的寢具是防止跳蚤叮咬的好方法。,,,,,,,,,,,,(n.),n.複數：fleas,,,,,,,,,,
高中,三民-B3-U7,,L6,C1,,transmit,[trænzˋmɪt],傳遞，傳播,"By coughing, people can transmit a virus to people nearby.",人們藉由咳嗽將病毒傳播給附近的人。,,,,,,,,,,,,(v.),v.過去式：transmitted；過去分詞：transmitted；現在分詞：transmitting,transmit something to someone,"convey, conduct, beam, channel",,,,,mit/miss (send (送)),,,
高中,三民-B3-U7,,L6,C1,,transmit,[trænzˋmɪt],傳送(信號),"The Wi-Fi signal doesn’t transmit through brick walls well, so the internet connection in my bedroom is weak.",Wi-Fi 訊號在穿透磚牆時效果不佳，因此我房間的網路連接很弱。,,,,,,,,,,,,(v.),v.過去式：transmitted；過去分詞：transmitted；現在分詞：transmitting,,"convey, conduct, beam, channel",,,,,mit/miss (send (送)),,,
高中,三民-B3-U7,,L5,C2,,transmission,[trænzˋmɪʃən],傳播,Lightning storms often interrupt the transmission of television and radio shows.,雷陣雨通常會中斷電視和收音機節目的播送。,,,,,,,,,,,,(n.),n.複數：transmissions,transmission of something,infection,,,,,,,,
高中,三民-B3-U7,,L5,C1,,infect,[ɪnˋfɛkt],使感染，傳染,People with the flu should wear a mask and stay away from crowds to prevent themselves from infecting others with the disease.,患有流感的人應該戴口罩並遠離人群，以防止將疾病傳染給其他人。,,,,,,,,,,,,(v.),v.過去式：infected；過去分詞：infected；現在分詞：infecting,infect . . . (with something),inspire,,,,,,,,
高中,三民-B3-U7,,L4,B2,,infection,[ɪnˋfɛkʃən],感染,The nurse emphasized the importance of hand washing to reduce the risk of infection in the hospital.,護士強調洗手的重要性，以減少醫院感染的風險。,,,,,,,,,,,,(n.),n.複數：infections,,transmission,,,,,,,,
高中,三民-B3-U7,,L6,C2,,infectious,[ɪnˋfɛkʃəs],具傳染力的,"The flu is highly infectious, and it is spread through close contact with someone carrying the virus.",流感具有高度的傳染性，通常透過與攜帶病毒的人密切接觸而傳播。,,,,,,,,,,,,(adj.),,,contagious,,,,,,,,
高中,三民-B3-U7,,L4,B2,,peculiar,[pɪˋkjuljɚ],怪異的，奇怪的,"Because of its peculiar smell, many foreign visitors are unwilling to try stinky tofu, even though it’s a popular snack in Taiwan.",因為臭豆腐特有的氣味，許多外國遊客不願嘗試，即便它在臺灣是受歡迎的小吃。,,,,,,,,,,,,(adj.),,,"strange, curious, particular, queer",,,,,,,,
高中,三民-B3-U7,,L4,C1,,humanity,[hjuˋmænətɪ],人類,"Throughout history, art has been an important reflection of the diverse cultures that make up humanity.",在歷史上，藝術一直是構成人類多樣文化的重要反映。,,,,,,,,,,,,(n.),n.複數：humanities,,"world, man",,,,-ity (state or quality (狀態或特性)),,,,
高中,三民-B3-U7,,L4,B2,,severe,[səˋvɪr],嚴重的，劇烈的,The bombing not only frightened the people but also caused severe harm and even death to some of them.,這次爆炸不僅使人們感到恐懼，還造成一些嚴重的傷亡。,,,,,,,,,,,,(adj.),adj.比較級：severer；最高級：severest,,"critical, intense, wicked, plain",,,,,,,,
高中,三民-B3-U7,,L4,B2,,fatal,[ˋfetḷ],致命的,The lack of a life jacket proved to be fatal for the inexperienced swimmer.,對於缺乏經驗的游泳者來說，沒有救生衣是致命的。,,,,,,,,,,,,(adj.),,,"black, decisive, terminal, mortal",,,,,,,,
高中,三民-B3-U7,,L2,A2,,illness,[ˋɪlnɪs],疾病,"After conducting hundreds of tests, the scientists finally developed a new method to control the illness.",在進行了數百次試驗後，科學家們終於開發出了一種新方法來控制這種疾病。,,,,,,,,,,,,(n.),,,"light, distress, bad, trouble","good, well",,,,,,,
高中,三民-B3-U7,,,,,ill,[ɪl],生病的,Rebecca ate some undercooked seafood and became ill with a stomachache.,Rebecca吃了一些未煮熟的海鮮後，感到胃痛。,,,,,,,,,,,,(adj.),,be ill with something,,,,,,,,,
高中,三民-B3-U7,,L2,B1,,object,[ˋɑbdʒɪkt],物體,"To prevent sharp objects or dangerous chemicals from being taken aboard, every passenger’s bag must be checked at the airport.",為了防止銳利物品或危險化學物品被攜帶上飛機，每位乘客的行李都必須在機場進行檢查。,,,,,,,,,,,,(n.),,,"objective, aim, target",,,,,,,,
高中,三民-B3-U7,,L4,B2,,confidence,[ˋkɑnfədəns],信心，自信,Patricia’s parents have confidence in her. They believe she can take good care of herself when they are away.,Patricia的父母對她充滿信心。他們相信當他們不在身邊時，她能夠照顧好自己。,,,,,,,,,,,,(n.),n.複數：confidences,have confidence in . . .,"authority, assurance, trust",,,,-ance / -ence (action or state (行動或狀態)),,,,
高中,三民-B3-U7,,L2,B1,,confident,[ˋkɑnfədənt],有信心的，有自信的,The teacher always encourages his students to be confident about themselves when they answer questions.,老師總是鼓勵學生在回答問題時對自己有信心。,,,,,,,,,,,,(adj.),adj.比較級：more confident；最高級：most confident,be confident about . . .,"positive, bold, capable",,,,,,,,
高中,三民-B3-U7,,L4,B2,,collapse,[kəˋlæps],崩潰，失敗,"John’s company collapsed when he lost all of his money, leaving him homeless.",John的公司倒閉後，他破產了，使他無家可歸。,,,,,,,,,,,,(v.),,,"break, crack, give, burst",,,,,,,,
高中,三民-B3-U7,,L4,B2,,collapse,[kəˋlæps],倒塌，坍塌,The old building collapsed under the weight of the heavy snow.,在大雪的重壓下，這棟老舊的建築崩塌了。,,,,,,,,,,,,(v.),,,"break, crack, give, burst",,,,,,,,
高中,三民-B3-U7,,L4,B2,,collapse,[kəˋlæps],崩潰，瓦解,The war caused the collapse of many small businesses in the community.,戰爭導致了社區中許多小企業倒閉。,,,,,,,,,,,,(n.),,a collapse of,"break, crack, give, burst",,,,,,,,
高中,三民-B3-U7,,L4,B2,,spiritual,[ˋspɪrɪtʃᴜəl],精神(上)的,"While food can meet the needs of your body, art and knowledge can satisfy your spiritual needs.",食物可以滿足身體的需求，而藝術和知識可以滿足你精神上的需求。,,,,,,,,,,,,(adj.),n.複數：spirituals,,"sacred, religious",,,,,,,,
高中,三民-B3-U7,,L2,B2,,spirit,[ˋspɪrɪt],精神，心態,"In the spirit of cooperation, Alfred would always help us with our work.",在合作的精神下，Alfred總是會幫助我們完成工作。,,,,,,,,,,,,(n.),v.過去式：spirited；過去分詞：spirited；現在分詞：spiriting | n.複數：spirits,a spirit of something,"look, feeling, tone, life",,,,,,,,
高中,三民-B3-U7,,L4,C2,,retain,[rɪˋten],保持，保有,It’s crucial for companies to retain employees by offering attractive benefits.,公司提供有吸引力的福利來留住員工是至關重要的。,,,,,,,,,,,,(v.),v.過去式：retained；過去分詞：retained；現在分詞：retaining,,"hold, keep, continue, reserve",,,,,,,,
高中,三民-B3-U7,,L3,B2,,faith,[feθ],宗教,"Every faith has unique beliefs and customs, giving a sense of community to its followers.",每個宗教都有其獨特的信念和習俗，為其追隨者帶來社群歸屬感。,,,,,,,,,,,,(n.),n.複數：faiths,,"trust, religion",,,,,,,,
高中,三民-B3-U7,,L3,B2,,faith,[ˋfeθfəl],信念，信心,"Despite all the failures she has experienced, Naomi refuses to give up and never loses faith in herself.",儘管經歷了許多失敗，Naomi拒絕放棄且永遠不失去對自己的信念。,,,,,,,,,,,,(n.),n.複數：faiths,faith in . . .,"trust, religion",,,,,,,,
高中,三民-B3-U7,,L4,B2,,faithful,,忠實的，忠誠的,"At their wedding ceremony, the bride and the groom exchanged rings and promised to be faithful to each other forever.",在他們的婚禮上，新娘和新郎交換了戒指，並承諾永遠忠誠於彼此。,,,,,,,,,,,,(adj.),,be faithful to . . .,"close, reliable, true, firm",,,,,,,,
高中,三民-B3-U7,,L5,C2,,parallel,[ˋpærə͵lɛl],相似之處，可互相比擬的事物,There are so many parallels between the two robberies that the police suspect they were committed by the same gang.,兩起搶劫案之間存在著如此多的相似之處，警方懷疑它們是同一個幫派所為。,,,,,,,,,,,,(n.),,a parallel between . . .,"latitude, twin",,,"para- (beside, beyond (旁，超))",,,,,
高中,三民-B3-U7,,L5,C2,,parallel,[ˋpærə͵lɛl],平行的,"Maple Street is parallel to Walnut Street. Therefore, you need to turn left at the next traffic light to get there.",楓樹街與核桃街平行。因此，你需要在下一個紅綠燈左轉才能到達。,,,,,,,,,,,,(adj.),,be parallel to/with something,"latitude, twin",,,"para- (beside, beyond (旁，超))",,,,,
高中,三民-B3-U7,,L4,C1,,phenomenon,[fəˋnɑmə͵nɑn],現象,"The new phenomenon of working from home, which blurs the line between work and personal life, has sparked complaints from both workers and their bosses.",在家工作的新現象模糊了工作與個人生活之間的界限，這引發了勞工和老闆們的抱怨。,,,,,,,,,,,,(n.),"n.複數：phenomena, phenomenons",phenomenon of something,,,,,,,,,
高中,三民-B3-U7,,L3,B2,,global,[ˋglobḷ],全球的,"Global warming has caused sea levels to rise worldwide, posing a significant threat to low-lying countries like Tuvalu.",全球暖化導致全球海平面上升，對國土低窪的國家，如吐瓦魯，造成了重大威脅。,,,,,,,,,,,,(adj.),,,"world, round, circular, international",,local;vocal,,,,,,
高中,三民-B3-U7,,L4,C2,,globe,[glob],地球,Seventy percent of the globe’s surface is covered with water.,地球表面的70%被水覆蓋著。,,,,,,,,,,,,(n.),n.複數：globes,,"world, earth, ball",,robe;probe,,,,,,
高中,三民-B3-U7,,,,,pandemic,[pænˋdɛmɪk],瘟疫，大規模流行的疾病,"The recent pandemic affected people all over the world, changing many aspects of daily life.",最近的瘟疫影響了全世界的人們，改變了日常生活的許多方面。,,,,,,,,,,,,(n.),,,,,,,,,,,
高中,三民-B3-U7,,,,,COVID-19,[ˋkovɪd ͵naɪnˋtin],新型冠狀病毒肺炎,"During the COVID-19 pandemic, wearing masks and washing hands frequently became very important.",在新型冠狀病毒肺炎疫情期間，戴口罩和勤洗手變得非常重要。,,,,,,,,,,,,(n.),,,,,,,,,,,
高中,三民-B3-U7,,,,,feverish,[ˋfɪvərɪʃ],發燒的,"After playing in the rain, the child felt feverish and had to stay home from school the next day.",在雨中玩耍後，孩子感到發燒，第二天不得不請假在家。,,,,,,,,,,,,(adj.),,,,,,,,,,,
高中,三民-B3-U7,,,,,the Black Death,[ðə ͵blæk ˋdɛθ],黑死病 (十四世紀造成歐亞區域死亡慘重的鼠疫),Historians study the Black Death to understand how past pandemics impacted societies and led to major changes.,歷史學家研究黑死病，以了解過去的瘟疫如何影響社會並導致重大變革。,,,,,,,,,,,,(n.),,,,,,,,,,,
高中,三民-B3-U7,,,,,the Middle Ages,[ðə ͵mɪdḷ ˋedʒɪz],中世紀，中古時期,We learned about knights and castles during the Middle Ages in our history class today.,我們今天的歷史課學到了中世紀的騎士和城堡。,,,,,,,,,,,,(n.),,,,,,,,,,,
高中,三民-B3-U7,,L6,B2,,medieval,[͵midɪˋivḷ],中世紀的，中古時期的,The old town still has some beautiful medieval buildings that attract many tourists.,這座古鎮仍然有一些美麗的中世紀建築，吸引了許多遊客。,,,,,,,,,,,,(adj.),,,past,,,,,,,,
高中,三民-B3-U7,,,,,beak,[bik],喙，鳥嘴,The parrot used its strong beak to crack open the hard nuts.,這隻鸚鵡用牠堅硬的喙來敲開堅果。,,,,,,,,,,,,(n.),,,,,,,,,,,
高中,三民-B3-U7,,,,,sinister,[ˋsɪnɪstɚ],不祥的，有凶兆的,"The old, abandoned house had a sinister atmosphere that made us feel uneasy.",那棟老舊的廢棄房屋散發著不祥的氣氛，讓我們感到不安。,,,,,,,,,,,,(adj.),,,,,,,,,,,
高中,三民-B3-U7,,L5,C2,,combat,[ˋkɑmbæt],戰鬥,The government is trying to combat the spread of misinformation on social media.,政府正試圖打擊社群媒體上不實資訊的傳播。,,,,,,,,,,,,(v.),,,"battle, fight",,,,,,,,
高中,三民-B3-U7,,L6,C1,,drastic,[ˋdræstɪk],激烈的,We need to take drastic measures to reduce our plastic waste and protect the environment.,我們需要採取激烈的措施來減少塑膠垃圾並保護環境。,,,,,,,,,,,,(adj.),,,,,,,,,,,
高中,三民-B3-U7,,,,,empower,[ɪmˋpaᴜɚ],給予 (某人)做…的權力，使能夠,Education can empower young people to make informed decisions about their future.,教育能賦予年輕人權力，讓他們對未來做出明智的決定。,,,,,,,,,,,,(v.),,,,,,,,,,,
高中,三民-B3-U7,,,,,fight off . . .,,擊退…，克服…,"Barry fought off his cold by drinking plenty of warm water and getting sufficient rest, and he is now feeling better.",Barry藉由多喝溫水和充足休息來擊退感冒，現在他感覺好多了。,,,,,,,,,,,,(phr.),,,,,,,,,,,
高中,三民-B3-U7,,,,,catch up on . . .,,了解最新情況,I need to catch up on what happened while I was away.,我需要更新我離開間發生的事情。,,,,,,,,,,,,(phr.),,,,,,,,,,,
高中,三民-B3-U8,,L3,B1,,athlete,[ˋæθlit],運動員,"Lionel Messi, one of the leading members of the Argentina national team, is a world-famous athlete.",萊納爾‧梅西，阿根廷國家代表隊的主要成員之一，是一位世界著名的運動員。,,,,,,,,,,,,(n.),n.複數：athletes,,,,,,,,,,
高中,三民-B3-U8,,L4,B2,,athletic,[æθˋlɛtɪk],運動的,"Having played football for many years, Randy looks tall, strong, and athletic.",由於踢了足球那麼多年，Randy看起來又高又壯，並有運動員的體格。,,,,,,,,,,,,(adj.),adj.比較級：more athletic；最高級：most athletic,,"active, muscular",,,,,,,,
高中,三民-B3-U8,,L3,B2,,muscle,[ˋmʌsḷ],肌肉,It is advisable that one eat a high protein diet after lifting weights to build muscle.,建議在舉重後食用高蛋白以增強肌肉。,,,,,,,,,,,,(n.),v.過去式：muscled；過去分詞：muscled；現在分詞：muscling | n.複數：muscles,,,,,,,,,,
高中,三民-B3-U8,,L4,B1,,workout,[ˋwɝk͵aᴜt],運動，訓練,"To help me lose weight, my fitness trainer made a daily workout plan.",為了幫助我減重，我的健身教練制定了一份每日的運動計畫。,,,,,,,,,,,,(n.),,,exercise,,,,,,,,
高中,三民-B3-U8,,L3,B1,,routine,[ruˋtin],例行公事，慣例,Getting into a routine of daily activities helps prevent me from forgetting to do things and panicking.,執行每日的例行公事有助於防止我忘記做事情而感到驚慌。,,,,,,,,,,,,(n.),,get/fall/settle into a routine,"procedure, function, ordinary, bit",,,,,,,,
高中,三民-B3-U8,,L2,B1,,peak,[pik],最佳的，巔峰的,"When the singer is on a concert tour, he avoids eating spicy food to keep his throat in peak condition.",這位歌手進行巡迴演唱會時，他避免食用辛辣食物，以保持喉嚨處於最佳狀態。,,,,,,,,,,,,(adj.),,,"flush, point, prime, high",,,,,,,,
高中,三民-B3-U8,,L2,B1,,peak,[pik],巔峰,The writer won three Pulitzer Prizes in a row. She is at the peak of her career.,這位作家連續三次贏得普立茲獎。她正處於事業的巔峰。,,,,,,,,,,,,(n.),,at the peak of something,"flush, point, prime, high",,,,,,,,
高中,三民-B3-U8,,L2,B1,,peak,[pik],達到最高點,"Since people tend to take vacations during the summer, prices of airline tickets always peak in July.",由於人們傾向於夏季度假，航空公司機票價格總是在七月達到最高峰。,,,,,,,,,,,,(v.),,,"flush, point, prime, high",,,,,,,,
高中,三民-B3-U8,,L4,B2,,recovery,[rɪˋkʌvrɪ],(身體健康) 恢復，痊癒,The basketball player is on the road to recovery and can soon return for the next season.,這位籃球運動員正在復原的路上，很快就能在下一個賽季回歸。,,,,,,,,,,,,(n.),n.複數：recoveries,,,,,,,,,,
高中,三民-B3-U8,,L2,B1,,recover,[rɪˋkʌvɚ],恢復，復原,"After two weeks of coughing and having a runny nose, Rick has finally fully recovered from the flu.",經過兩個星期的咳嗽和流鼻水，Rick終於從流感中完全康復了。,,,,,,,,,,,,(v.),v.過去式：recovered；過去分詞：recovered；現在分詞：recovering,recover from something,"find, retrieve",drop,,"re- (again, back (再次，返回))",,,,,
高中,三民-B3-U8,,L3,B2,,injury,[ˋɪndʒərɪ],傷害，受傷,"Thankfully, both drivers in the car accident only received minor injuries and didn’t need to stay in the hospital for long.",幸運的是，車禍中的兩位駕駛只受到輕傷，並且不需要在醫院待很長時間。,,,,,,,,,,,,(n.),n.複數：injuries,a minor/serious injury,"hurt, trauma, harm, wound",,,,,,,,
高中,三民-B3-U8,,L4,B1,,injure,[ˋɪndʒɚ],傷害，使受傷,The typhoon caused trees to fall and injured many people.,颱風導致樹木倒塌，傷及許多人。,,,,,,,,,,,,(v.),v.過去式：injured；過去分詞：injured；現在分詞：injuring,,"spite, hurt, offend, wound",,,,,,,,
高中,三民-B3-U8,,L3,B2,,stiff,[stɪf],(身體部位) 僵硬的,Louis has stiff legs because he just ran a marathon yesterday. He needs to rest for a few days.,Louis因為昨天剛跑完馬拉松，所以腿僵硬了。他需要休息幾天。,,,,,,,,,,,,(adj.),v.過去式：stiffed；過去分詞：stiffed；現在分詞：stiffing | n.複數：stiffs | adj.比較級：stiffer；最高級：stiffest,,"rigid, strong, hard, wet",,,,,,,,
高中,三民-B3-U8,,L3,B2,,stiff,[stɪf],堅硬的,The farmer’s pants became stiff because they were covered in dirt and mud.,農夫的褲子因沾滿了泥土和泥漿而變得硬梆梆的。,,,,,,,,,,,,(adj.),v.過去式：stiffed；過去分詞：stiffed；現在分詞：stiffing | n.複數：stiffs | adj.比較級：stiffer；最高級：stiffest,,"rigid, strong, hard, wet",,,,,,,,
高中,三民-B3-U8,,L2,B1,,Western,[ˋwɛstɚn],西方國家的,Many people in Taiwan like to eat Western food like hamburgers and spaghetti.,許多臺灣人喜歡吃西式食物，如漢堡和義大利麵。,,,,,,,,,,,,(adj.),,,"country, west, folk",eastern,,,,,,,
高中,三民-B3-U8,,L2,B1,,western,[ˋwɛstɚn],西部的,"Countries in the western part of Europe include France, Germany, and the United Kingdom.",歐洲西部的國家包括法國、德國和英國。,,,,,,,,,,,,(adj.),,,"country, west, folk",eastern,,,,,,,
高中,三民-B3-U8,,L4,A2,,bandage,[ˋbændɪdʒ],繃帶,The nurse carefully wrapped a bandage around the student’s elbow to keep the broken bone stable.,護士小心地將繃帶繞在學生的肘部，以保持斷裂的骨頭穩定。,,,,,,,,,,,,(n.),,,bind,,,,,,,,
高中,三民-B3-U8,,L4,A2,,bandage,[ˋbændɪdʒ],用繃帶包紮 (傷口或身體部位),"Mike accidentally cut his finger when using the scissors, so he carefully bandaged his wound to prevent infection.",Mike在使用剪刀時不小心割傷了手指，因此他小心地給傷口裹上繃帶，以防止感染。,,,,,,,,,,,,(v.),,,bind,,,,,,,,
高中,三民-B3-U8,,,,,swelling,[ˋswɛlɪŋ],腫脹，腫塊,The doctor said this cream could reduce the swelling caused by hitting the wall yesterday.,醫生說這種藥膏能減輕昨天撞牆造成的腫脹。,,,,,,,,,,,,(n.),,,,,,,,,,,
高中,三民-B3-U8,,L3,C2,,swell,[swɛl],腫脹,Being bitten by fire ants has caused my arm to start swelling up.,被火蟻咬了後，我的手臂開始腫脹。,,,,,,,,,,,,(v.),,,"keen, good, cool, great",,,,,,,,
高中,三民-B3-U8,,L4,C1,,insert,[ɪnˋsɝt],插入，放進,"Insert a coin into the video game machine, and you will be able to play the game.",將硬幣投入遊戲機，你就可以玩遊戲了。,,,,,,,,,,,,(v.),,insert something into/in/between something,"introduce, enclose, tuck, enter",,,,,,,,
高中,三民-B3-U8,,L2,B2,,needle,[ˋnidḷ],(醫療用的) 針,The doctor carefully stuck the needle into the patient’s arm to draw a blood sample for testing.,醫生小心地將針插入病人的手臂，以提取血樣進行檢測。,,,,,,,,,,,,(n.),v.過去式：needled；過去分詞：needled；現在分詞：needling | n.複數：needles,,,,,,,,,,
高中,三民-B3-U8,,L2,B2,,needle,[ˋnidḷ],(縫紉用的) 針,Jay used a needle and thread to sew the button back on his shirt.,Jay使用針和線將鈕扣縫回他的襯衫上。,,,,,,,,,,,,(n.),v.過去式：needled；過去分詞：needled；現在分詞：needling | n.複數：needles,,,,,,,,,,
高中,三民-B3-U8,,L3,C2,,suck,[sʌk],抽出 (氣、液體),"Open the door and turn the fan on to suck the cigarette smoke out, or the smell will fill the room.",打開門和風扇吸出煙霧，否則味道會充滿整個房間。,,,,,,,,,,,,(v.),,,"draw, absorb, nurse",,,,,,,,
高中,三民-B3-U8,,L3,C2,,suck,[sʌk],吸,"The baby sucked on the teat, drinking the milk happily.",嬰兒吸著奶嘴，開心地喝牛奶。,,,,,,,,,,,,(v.),,suck on/at something,"draw, absorb, nurse",,,,,,,,
高中,三民-B3-U8,,L2,B1,,smooth,[smuð],順利的，流暢的,The project manager’s careful planning and attention to detail played a key role in the smooth completion of the project.,能順利完成專案，專案經理仔細的計畫和對細節的關注扮演了關鍵角色。,,,,,,,,,,,,(adj.),,,"easy, fast, fluent, diplomatic",rough,,,,,,,
高中,三民-B3-U8,,L2,B1,,smooth,[smuð],平滑的，光滑的,The stone steps of the temple have been worn smooth by the many visitors’ footsteps over the years.,多年來，寺廟的石階被這些眾多遊客的腳步踩得光滑。,,,,,,,,,,,,(adj.),,,"easy, fast, fluent, diplomatic",rough,,,,,,,
高中,三民-B3-U8,,L2,B1,,smooth,[smuð],撫平，使平整,The speaker smoothed his hair back before going on stage to make sure that his hair wouldn’t get into his eyes.,演講者在上臺之前將頭髮向後梳理，以確保頭髮不會掉進眼睛裡。,,,,,,,,,,,,(v.),,,"easy, fast, fluent, diplomatic",rough,,,,,,,
高中,三民-B3-U8,,L2,B1,,doubt,,疑慮，懷疑,Jessica’s parents had doubt about her passing the challenging exam because they had never seen her study for it.,Jessica的父母對她能通過這次有難度的考試感到懷疑，因為他們從未見過她為此努力學習。,,,,,,,,,,,,(n.),,doubt about something,"question, suspect",certainty,,,,,,,
高中,三民-B3-U8,,L2,B1,,doubt,[daᴜt],懷疑，不確定,"Although the salesperson guaranteed that the face cream could fight against signs of aging, I still doubted its effectiveness.",儘管銷售人員保證這款面霜可以抗衰老，但我仍然懷疑其有效性。,,,,,,,,,,,,(v.),,,"question, suspect",certainty,,,,,,,
高中,三民-B3-U8,,L3,B2,,doubtful,[ˋdaᴜtfəl],懷疑的，有疑慮的,I was doubtful about Matthew’s story since he kept avoiding eye contact with me.,我對Matthew的故事感到懷疑，因為他一直避開我的目光。,,,,,,,,,,,,(adj.),,be doubtful about (doing) something,"dubious, tentative",,,,,,,,
高中,三民-B3-U8,,L4,C2,,circulation,[͵sɝkjəˋleʃən],(血液) 循環,"Older people tend to have bad circulation, which causes their fingers and toes to be cold in winter.",老年人往往循環不佳，導致他們手指和腳趾在冬天變得冰冷。,,,,,,,,,,,,(n.),n.複數：circulations,,,,,,,,,,
高中,三民-B3-U8,,L4,,,circulate,[ˋsɝkjə͵let],循環，流動,"The cooling system, which makes cold air circulate efficiently, keeps the inside of the car at a comfortable temperature.",冷卻系統使冷空氣有效循環，保持車內溫度舒適。,,,,,,,,,,,,(v.),v.過去式：circulated；過去分詞：circulated；現在分詞：circulating,,"circle, broadcast, mobilize, distribute",,,,,,,,
高中,三民-B3-U8,,L4,B2,,circular,[ˋsɝkjəlɚ],圓形的，環形的,"It’s part of Chinese culture to share dishes rather than have an individual meal, so it is common to see circular dining tables in Chinese restaurants.",中國文化中，人們更傾向於共享菜餚，而不是單獨用餐，因此在中國餐館常見圓形餐桌。,,,,,,,,,,,,(adj.),n.複數：circulars,,"round, global, bill",square,,,,,,,
高中,三民-B3-U8,,L3,B2,,reveal,[rɪˋvil],展現，顯露,"The magician surprised the audience with a simple wave of his hand, which revealed a hidden card from the deck.",這位魔術師僅僅一揮手就讓觀眾大為驚訝，從牌堆中露出了一張隱藏的牌。,,,,,,,,,,,,(v.),v.過去式：revealed；過去分詞：revealed；現在分詞：revealing | n.複數：reveals,,"display, break, show, declare",,,,,,,,
高中,三民-B3-U8,,L3,B2,,reveal,[rɪˋvil],揭露，洩漏,"The two close friends made a promise never to reveal their secrets to anyone, no matter what happens.",這兩位密友許下承諾，無論發生什麼事，永遠不向任何人透露彼此的秘密。,,,,,,,,,,,,(v.),v.過去式：revealed；過去分詞：revealed；現在分詞：revealing | n.複數：reveals,reveal something to someone,"display, break, show, declare",,,,,,,,
高中,三民-B3-U8,,L3,B1,,perform,[pɚˋfɔrm],執行，施行,"A computer performs various tasks at the same time, such as running programs, handling tasks in the background, and doing calculations.",電腦同時執行各種任務，如運行程序、處理後臺任務和進行計算。,,,,,,,,,,,,(v.),v.過去式：performed；過去分詞：performed；現在分詞：performing,,"execute, do",,,,,,,,
高中,三民-B3-U8,,L3,B1,,perform,[pɚˋfɔrm],表演，演出,Connie sang out of tune on purpose when performing the song to make her parents laugh.,Connie演唱這首歌時故意唱走音，讓她的父母笑起來。,,,,,,,,,,,,(v.),v.過去式：performed；過去分詞：performed；現在分詞：performing,,"execute, do",,,,,,,,
高中,三民-B3-U8,,L3,B1,,performance,[pɚˋfɔrməns],表演，演出,"With all the actors and costumes well-prepared, my class will give a performance of Hamlet for the whole school.",所有演員和服裝都萬事俱備，我們班將為學校演出《哈姆雷特》。,,,,,,,,,,,,(n.),n.複數：performances,a performance of something,"execution, operation",,,,-ance / -ence (action or state (行動或狀態)),,,,
高中,三民-B3-U8,,L5,B2,,stimulate,[ˋstɪmjə͵let],促進，激發,"As the country’s tourist industry has been greatly affected by the pandemic, the government is looking for ways to stimulate the economy.",由於疫情對該國的旅遊業產生了很大的影響，政府正在尋找促進經濟的方式。,,,,,,,,,,,,(v.),v.過去式：stimulated；過去分詞：stimulated；現在分詞：stimulating,,"induce, provoke, stir, arouse",calm,,,,,,,
高中,三民-B3-U8,,,,,relieve,[rɪˋliv],紓解，解除,"After Delia took some medicine to relieve the pain in her knees, she felt much better and fell asleep on the sofa.",Delia吃了一些藥物來緩解膝蓋的疼痛後，她感覺好多了，然後就在沙發上睡著了。,,,,,,,,,,,,(v.),,relieve pain/anxiety/stress/guilt,,,,,,,,,
高中,三民-B3-U8,,L3,B2,,relief,[rɪˋlif],寬慰，放心,"To my relief, the doctor told me that my sister was fine and would get well soon.",讓我感到欣慰的是，醫生告訴我，我妹妹沒事，很快就會康復。,,,,,,,,,,,,(n.),n.複數：reliefs,to one’s relief,"ease, substitute, rest",,,,,,,,
高中,三民-B3-U8,,L4,A2,,competition,[͵kɑmpəˋtɪʃən],競爭,There is strong competition among hotels in the city center to attract guests.,市中心的酒店為了吸引客人存在激烈的競爭。,,,,,,,,,,,,(n.),n.複數：competitions,competition between/among . . .,"contention, contest, rival, competitor",cooperation,,,,,,,
高中,三民-B3-U8,,L3,B1,,compete,[kəmˋpit],競爭，對抗,This small local business tries to compete with big companies through creative marketing strategies and personalized services.,這家當地小型企業試圖透過創意的行銷策略和客製化服務來與大公司競爭。,,,,,,,,,,,,(v.),v.過去式：competed；過去分詞：competed；現在分詞：competing,compete with/against . . .,contend,,,,,,,,
高中,三民-B3-U8,,L4,B2,,competitive,[kəmˋpɛtətɪv],競爭的，競賽的,"Basketball, soccer, and baseball are examples of competitive sports. They usually end with one team winning and the other losing.",籃球、足球和棒球是競技運動的例子。它們通常以一隊獲勝，另一隊失敗而告終。,,,,,,,,,,,,(adj.),,a competitive sport/game,"aggressive, capitalist",,,,,,,,
高中,三民-B3-U8,,L3,C1,,shorten,[ˋʃɔrtṇ],縮短，變短,"Because there wasn’t enough time, the organizers had to shorten the meeting and only covered the essential topics.",因為時間不夠，主辦單位必須縮短會議，且只討論了必要的話題。,,,,,,,,,,,,(v.),v.過去式：shortened；過去分詞：shortened；現在分詞：shortening,,"reduce, contract, abbreviate, cut",lengthen,,,,,,,
高中,三民-B3-U8,,,,,delayed onset muscle soreness,[dɪˋled ˋɑn͵sɛt ˋmʌsḷ ˋsornɪs],延遲性肌肉痠痛,"After my first intense workout, I experienced severe delayed onset muscle soreness for days.",第一次劇烈運動後，我經歷了數天的嚴重延遲性肌肉痠痛。,,,,,,,,,,,,(n.),,,,,,,,,,,
高中,三民-B3-U8,,L6,C1,,discomfort,[dɪsˋkʌmfɚt],不適,He felt some discomfort in his knee after running the marathon.,跑完馬拉松後，他感到膝蓋有些不適。,,,,,,,,,,,,(n.),,,,comfort,,,,,,,
高中,三民-B3-U8,,,,,compression,[kəmˋprɛʃən],壓緊，壓縮,Applying compression to a sprained ankle can help reduce swelling and pain.,對於扭傷的腳踝施加壓力可以幫助減少腫脹和疼痛。,,,,,,,,,,,,(n.),,,,,,,,,,,
高中,三民-B3-U8,,,,,compress,[kəmˋprɛs],壓緊,You should compress the wound with a clean cloth to stop the bleeding.,你應該用乾淨的布壓緊傷口以止血。,,,,,,,,,,,,(v.),,,,,,,,,,,
高中,三民-B3-U8,,,,,elevation,[͵ɛləˋveʃən],提高，墊高,Doctors recommend elevation of the injured leg to reduce swelling.,醫生建議抬高受傷的腿以減少腫脹。,,,,,,,,,,,,(n.),,,,,,,,,,,
高中,三民-B3-U8,,L6,,,elevate,[ˋɛlə͵vet],抬高，舉起,Please elevate your feet above your heart to help improve circulation.,請將你的腳抬高過心臟，以幫助改善血液循環。,,,,,,,,,,,,(v.),v.過去式：elevated；過去分詞：elevated；現在分詞：elevating,,"advance, promote, raise, lift","break, lower, bump",,,,,,,
高中,三民-B3-U8,,,,,acupuncture,[͵ækjᴜˋpʌŋktʃɚ],針灸,Many people try acupuncture to relieve chronic pain when other treatments don't work.,當其他治療無效時，許多人會嘗試針灸來緩解慢性疼痛。,,,,,,,,,,,,(n.),,,,,,,,,,,
高中,三民-B3-U8,,,,,cupping,[ˋkʌpɪŋ],拔罐,"After intense training, some athletes use cupping therapy to help their muscles recover faster.",經過高強度訓練後，一些運動員會使用拔罐療法來幫助肌肉更快恢復。,,,,,,,,,,,,(n.),,,,,,,,,,,
高中,三民-B3-U8,,,,,Michael Phelps,[ˋmaɪkḷ fɛlps],麥可．菲爾普斯,"Michael Phelps is widely regarded as the greatest swimmer of all time, with many Olympic medals.",麥可．菲爾普斯被廣泛認為是有史以來最偉大的游泳運動員，擁有許多奧運獎牌。,,,,,,,,,,,,(n.),,,,,,,,,,,
高中,三民-B3-U8,,,,,the Olympics,[ðə oˋlɪmpɪks],奧林匹克運動會，奧運會,"Every four years, athletes from all over the world compete in the Olympics.",每四年，來自世界各地的運動員都會在奧運會上競爭。,,,,,,,,,,,,(n.),,,,,,,,,,,
高中,三民-B3-U8,,,,,Olympic,[oˋlɪmpɪk],奧林匹克運動會的,She dreams of becoming an Olympic athlete and winning a gold medal for her country.,她夢想成為一名奧運選手，並為她的國家贏得一枚金牌。,,,,,,,,,,,,(adj.),,,,,,,,,,,
高中,三民-B3-U8,,,,,Universiade,[ˋjunə͵vɝsɪaɪd],世界大學生運動會,"Taipei hosted the Universiade in 2017, welcoming student athletes from around the globe.",台北於2017年主辦了世界大學生運動會，歡迎來自全球的學生運動員。,,,,,,,,,,,,(n.),,,,,,,,,,,
高中,三民-B3-U8,,,,,speed up something,,使…加速,"Jogging, swimming, and biking can all speed up your heart rate and reduce the chance of heart problems.",慢跑、游泳和騎自行車都能加快心率，減少心臟問題發生的機會。,,,,,,,,,,,,(phr.),,,,,,,,,,,
高中,三民-B3-U8,,,,,stem from something,,由…造成,Many environmental problems we face today stem from unsustainable practices and the overuse of natural resources.,我們今天面臨的許多環境問題源於不可永續的做法和對自然資源的過度使用。,,,,,,,,,,,,(phr.),,,,,,,,,,,
高中,三民-B3-U8,,,,,result in . . .,,導致…發生,Poor communication often results in misunderstandings and arguments.,糟糕的溝通常導致誤解和爭執。,,,,,,,,,,,,(phr.),,,,,,,,,,,
高中,三民-B3-U8,,,,,engage in something,,參與…，參加…,The teacher encouraged her students to engage in lively discussions to promote critical thinking.,老師鼓勵她的學生參與熱烈的討論，以促進批判性思維。,,,,,,,,,,,,(phr.),,,,,,,,,,,
高中,三民-B3-U8,,,,,turn to . . .,,求助於…,"Daniel didn’t know how to complete the assignment, so he turned to his classmates for guidance.　",Daniel不知道如何完成作業，所以他向同學尋求指導。,,,,,,,,,,,,(phr.),,,,,,,,,,,
高中,三民-B3-U8,,,,,at home,,在家裡,"Rita loves spending weekends at home, catching up on her reading and enjoying some quiet time.",Rita喜歡在家度過週末，趕上她閱讀的進度，並享受一些寧靜的時光。,,,,,,,,,,,,(phr.),,,,,,,,,,,
高中,三民-B3-U8,,,,,make/grab/hit headlines,,成為重要新聞、頭條,The discovery of a gold mine under the castle made the headlines around the country. People nearby were very excited about the news.,在城堡下發現金礦的消息登上了全國的頭條新聞。附近的人們對這個消息非常興奮。,,,,,,,,,,,,(phr.),,,,,,,,,,,
高中,三民-B3-U9,,L2,C2,,motion,[ˋmoʃən],移動，運動,Keep your seat belt on when the bus is in motion so you don’t get badly injured in an accident.,當公車行駛時，請繫好安全帶，這樣在事故中就不會受重傷。,,,,,,,,,,,,(n.),v.過去式：motioned；過去分詞：motioned；現在分詞：motioning | n.複數：motions,in motion,"question, gesture",,,,,mov/mot (move (移動)),,,
高中,三民-B3-U9,,L4,B1,,atmosphere,[ˋætməs͵fɪr],氣氛，氛圍,"The restaurant had a friendly atmosphere, so we felt very relaxed when we ate there.",這家餐廳氣氛愉快，所以我們在那裡用餐時感到非常放鬆。,,,,,,,,,,,,(n.),n.複數：atmospheres,a friendly/good/cheerful/welcoming atmosphere,air,,sphere;hemisphere,,,,,,
高中,三民-B3-U9,,L4,B1,,atmosphere,[ˋætməs͵fɪr],大氣層,These factories are releasing dangerous gas into the atmosphere.,這些工廠正在排放危險氣體至大氣層。,,,,,,,,,,,,(n.),n.複數：atmospheres,,air,,sphere;hemisphere,,,,,,
高中,三民-B3-U9,,L4,C1,,graceful,[ˋgresfəl],優雅的，優美的,The beauty pageant contestants walked on the stage with graceful moves.,選美比賽的參賽者以優雅的動作走上舞臺。,,,,,,,,,,,,(adj.),,,"gracious, elegant, slender, smooth",awkward,,,,,,,
高中,三民-B3-U9,,L4,C1,,grace,[gres],優雅，優美,"As a member of the royal family, the prince is expected to speak and act with grace.",身為皇室成員，王子被期望以優雅的言行示人。,,,,,,,,,,,,(n.),,,"blessing, ornament, deck, decorate",,,,,,,,
高中,三民-B3-U9,,L4,,,curl,[kɝl],彎曲,"For the evening event, Ella curled her hair with hot rollers to make it look more attractive.",為了晚宴，Ella使用電棒捲捲曲頭髮，使其看起來更吸引人。,,,,,,,,,,,,(v.),,,"wave, curve, roll, loop",,,,,,,,
高中,三民-B3-U9,,L2,C2,,melody,[ˋmɛlədɪ],旋律，曲調,Pop songs usually have catchy melodies that stick in listeners’ minds.,流行歌曲通常有朗朗上口的旋律，會深深留在聽眾的腦海中。,,,,,,,,,,,,(n.),n.複數：melodies,,"strain, line, air, tune",,,,,,,,
高中,三民-B3-U9,,L4,B2,,rhythm,[ˋrɪðəm],節奏，律動,The steady rhythm of the soft song caused the baby to fall asleep.,輕音樂穩定的節奏讓嬰兒入睡。,,,,,,,,,,,,(n.),n.複數：rhythms,a steady/fast/slow rhythm,"round, beat, cycle",,,,,,,,
高中,三民-B3-U9,,L4,B2,,stroke,[strok],一筆，一畫,"Lydia drew a cat with smooth strokes of her pencil, making it come alive on the paper.",Lydia用鉛筆輕柔的筆觸畫了一隻貓，在紙上栩栩如生。,,,,,,,,,,,,(n.),,,"throw, shot, slash",,,,,,,,
高中,三民-B3-U9,,L4,B2,,stroke,[strok],中風,"Last year, my grandfather had a stroke. With treatment, he’s slowly getting stronger and more active again.",去年，我爺爺中風了。經過治療，他慢慢地又變得更強壯、更活躍了。,,,,,,,,,,,,(n.),,,"throw, shot, slash",,,,,,,,
高中,三民-B3-U9,,L2,B1,,director,[dəˋrɛktɚ],導演,"The director, who has won many awards, makes movies that usually become huge hits.",這位曾獲得許多獎項的導演拍攝的電影通常都大獲成功。,,,,,,,,,,,,(n.),n.複數：directors,,"manager, conductor",,,,,,,,
高中,三民-B3-U9,,L2,B1,,direct,[dəˋrɛkt],管理，指揮,Kelly directs all the activities that take place at the dance club.,Kelly負責指導舞蹈社的所有活動。,,,,,,,,,,,,(v.),,,"address, conduct, lead, blunt",,,,,,,,
高中,三民-B3-U9,,L2,A2,,direction,[dəˋrɛkʃən],方向,"The detective noticed fresh footprints leading in the direction of the empty building, indicating recent activity in the area.",警探注意到新腳印指向空蕩蕩的建築物，表明該地區最近有活動。,,,,,,,,,,,,(n.),n.複數：directions,,"charge, counsel, guidance, commission",,,,,,,,
高中,三民-B3-U9,,L4,B2,,combination,[͵kɑmbəˋneʃən],結合，組合,"The disease can develop owing to a combination of several factors, including age, gender, and diet.",這種疾病可能是由幾個因素的組合引起的，包括年齡、性別和飲食。,,,,,,,,,,,,(n.),n.複數：combinations,a combination of something,combine,,,,,,,,
高中,三民-B3-U9,,L2,B2,,combine,[kəmˋbaɪn],結合，組合,"To make a cake, you need to combine some eggs, flour, and milk with baking powder in a big bowl.",要做蛋糕，你需要在一個大碗裡將一些雞蛋、麵粉和牛奶與泡打粉混合在一起。,,,,,,,,,,,,(v.),v.過去式：combined；過去分詞：combined；現在分詞：combining | n.複數：combines,combine something with something,"trust, compound, merge, fuse",,,,,,,,
高中,三民-B3-U9,,L4,B2,,impression,[ɪmˋprɛʃən],印象,The company’s well-designed website leaves a good impression on its own customers.,公司設計良好的網站給它的客戶留下好印象。,,,,,,,,,,,,(n.),n.複數：impressions,leave/make/give/create an impression,"notion, effect, feeling, belief",,,,-sion (state or action (狀態或行動)),,,,
高中,三民-B3-U9,,L3,B1,,audience,[ˋɔdɪəns],觀眾，聽眾,The singer’s excellent performance impressed the audience and gave them a wonderful experience.,歌手出色的表演使觀眾印象深刻，並給他們帶來美妙的體驗。,,,,,,,,,,,,(n.),n.複數：audiences,,"interview, consultation",,,,,aud (to hear (聽)),,,
高中,三民-B3-U9,,L4,C1,,privilege,[ˋprɪvlɪdʒ],榮幸,It has been a real privilege to spend my last three years at this school.,我很榮幸前三年能在這間學校度過。,,,,,,,,,,,,(n.),,privilege to do something,favor,,,,,,,,
高中,三民-B3-U9,,L4,C1,,privilege,[ˋprɪvlɪdʒ],特權，特別待遇,Priority of service is a privilege given to the elderly at this hospital.,這家醫院給予老年人服務優先權的特權。,,,,,,,,,,,,(n.),,,favor,,,,,,,,
高中,三民-B3-U9,,,,,attend,[əˋtɛnd],出席，參加,The famous writer was invited to attend the opening of the new bookstore and give a short speech there.,那位著名作家受邀參加新書店的開幕典禮並在那裡發表簡短的演講。,,,,,,,,,,,,(v.),,,,,,,,,,,
高中,三民-B3-U9,,L4,C2,,blend,[blɛnd],融合，混合,"With  many tall buildings and ancient temples spread throughout, the city is a perfect blend of the modern and the traditional.",這座城市遍布許多高樓大廈和古老的寺廟，是現代與傳統完美的融合。,,,,,,,,,,,,(n.),,,"merge, fuse, mix",,,,,,,,
高中,三民-B3-U9,,L4,C2,,blend,[blɛnd],使混合，使交融,Blend the chicken with some garlic and white wine to give it extra flavor.,將雞肉與一些大蒜和白葡萄酒混合在一起，使其味道更加豐富。,,,,,,,,,,,,(v.),,blend . . . with . . .,"merge, fuse, mix",,,,,,,,
高中,三民-B3-U9,,L4,B1,,element,[ˋɛləmənt],要素,Regular practice is a key element in the player’s success in games.,在比賽中，定期練習是球員成功的關鍵要素。,,,,,,,,,,,,(n.),n.複數：elements,a(n) key/essential/critical element,"easy, simple, basic, primary",,,,,,,,
高中,三民-B3-U9,,,,,visually,[ˋvɪʒᴜəlɪ],視覺上,A children’s book must have plenty of drawings in order to be visually appealing to them.,童書必須有大量的插畫，才能在視覺上吸引他們。,,,,,,,,,,,,(adv.),,,,,,,,,,,
高中,三民-B3-U9,,L4,B2,,visual,[ˋvɪʒᴜəl],視覺的,Computer technology has helped create the amazing visual effects in movies such as the Marvel series.,電腦技術有助於製作像漫威系列電影中驚人的視覺效果。,,,,,,,,,,,,(adj.),,,visible,,,,,,,,
高中,三民-B3-U9,,,,,fascinating,[ˋfæsṇ͵etɪŋ],迷人的，極好的,"The colorful underwater world is fascinating, attracting people who love exploring its beauty.",這個色彩繽紛的水下世界令人著迷，吸引著熱愛探索其美麗的人們。,,,,,,,,,,,,(adj.),,,,,,,,,,,
高中,三民-B3-U9,,L5,C1,,fascinate,[ˋfæsṇ͵et],使…著迷，迷住,The bright and colorful illustrations in the book caught the attention of young readers and fascinated them.,書中明亮多彩的插圖吸引了年輕讀者的注意，並使他們著迷。,,,,,,,,,,,,(v.),v.過去式：fascinated；過去分詞：fascinated；現在分詞：fascinating,,"charm, intrigue, grip, entrance",,,,,,,,
高中,三民-B3-U9,,L4,B1,,intend,[ɪnˋtɛnd],計畫，想要,The tourist didn’t pack a change of clothes because she didn’t intend to spend the night in this town.,這位遊客沒有準備更換的衣服，因為她沒有打算在這個小鎮過夜。,,,,,,,,,,,,(v.),v.過去式：intended；過去分詞：intended；現在分詞：intending,intend to do something,"mean, think, specify",,,,,,,,
高中,三民-B3-U9,,L4,B2,,intention,[ɪnˋtɛnʃən],意圖,"Barton appeared to believe that I was trying to make trouble, which was never my intention.",Barton似乎認為我在故意製造麻煩，這從來不是我的意圖。,,,,,,,,,,,,(n.),n.複數：intentions,,"purpose, design, intent, aim",,,,,,,,
高中,三民-B3-U9,,L2,A2,,form,[fɔrm],形成，構成,"The team has worked together for ten years, so the members have formed a strong bond.",這個團隊已經共事十年了，所以成員之間形成一種堅定的關係。,,,,,,,,,,,,(v.),,,"constitute, strain, cast, kind",,,,,,,,
高中,三民-B3-U9,,L2,A2,,form,[fɔrm],表格,I need to fill out a form at the doctor’s office with my personal information and medical history.,我需要在醫生辦公室填寫一份表格，上面包含我的個人資料和病歷。,,,,,,,,,,,,(n.),,,"constitute, strain, cast, kind",,,,,,,,
高中,三民-B3-U9,,L4,C2,,formation,[fɔrˋmeʃən],結構,The teacher explained the formation of a rainbow in today’s physics class.,老師在今天的物理課上解釋了彩虹的結構。,,,,,,,,,,,,(n.),n.複數：formations,,"organization, constitution",,,,,,,,
高中,三民-B3-U9,,L4,B2,,elegant,[ˋɛləgənt],優美的，雅致的,The queen gave elegant waves from her carriage to the people who lined the streets.,女王從她的馬車上向沿街站立的人們優雅地揮手。,,,,,,,,,,,,(adj.),,,"gracious, fine, simple, neat",,,,,,,,
高中,三民-B3-U9,,L3,B2,,award,[əˋwɔrd],獎，獎項,"After years of research, the scientist won a major award for his important discovery about the human brain.",經過多年的研究，這位科學家因他對人腦的重要發現獲得了一個重要獎項。,,,,,,,,,,,,(n.),,an award for something,"present, prize, grant, honor",,,,,,,,
高中,三民-B3-U9,,L3,B2,,award,[əˋwɔrd],授予，獎勵,These medals will be awarded to those who have made significant contributions to our company over the past years.,這些獎章將授予那些在過去幾年中對我們公司付出重大貢獻的人。,,,,,,,,,,,,(v.),,award something to someone,"present, prize, grant, honor",,,,,,,,
高中,三民-B3-U9,,L4,B2,,demonstrate,[ˋdɛmən͵stret],顯示，表明,"Though studies have demonstrated the health risks of smoking to people, many still can’t kick the bad habit.",儘管研究已經證明吸煙對人們的健康有風險，但許多人仍然無法戒掉這個壞習慣。,,,,,,,,,,,,(v.),v.過去式：demonstrated；過去分詞：demonstrated；現在分詞：demonstrating,demonstrate something to someone,"exhibit, manifest, present, show",,,,,,,,
高中,三民-B3-U9,,L5,B2,,exceptional,[ɪkˋsɛpʃənḷ],傑出的，卓越的,Mozart showed exceptional talent for music from his early childhood.,莫札特自幼展現出對音樂的非凡天賦。,,,,,,,,,,,,(adj.),,,"extraordinary, particular, special",,,,,,,,
高中,三民-B3-U9,,L4,B2,,exception,[ɪkˋsɛpʃən],例外，除外,"The trade agreement allows imports of agricultural products, but pineapples are exceptions.",這項貿易協議允許進口農產品，但鳳梨例外。,,,,,,,,,,,,(n.),n.複數：exceptions,,exclusion,,,,,,,,
高中,三民-B3-U9,,L6,,,calligraphy,[kəˋlɪgrəfɪ],書法,"My grandmother practices Chinese calligraphy every morning, and her handwriting is truly beautiful.",我的奶奶每天早上練習中國書法，她的字寫得非常漂亮。,,,,,,,,,,,,(n.),,,,,,,,,,,
高中,三民-B3-U9,,,,,calligrapher,[kəˋlɪgrəfɚ],書法家,My grandfather is a talented calligrapher who can write beautiful Chinese characters with a brush.,我的爺爺是一位才華洋溢的書法家，他能用毛筆寫出漂亮的漢字。,,,,,,,,,,,,(n.),,,,,,,,,,,
高中,三民-B3-U9,,,,,twirl,[twɝl],旋轉，轉動,"The little girl loved to twirl around in her new dress, feeling like a princess.",小女孩喜歡穿著她的新裙子轉圈，感覺自己像個公主。,,,,,,,,,,,,(v.),,,,,,,,,,,
高中,三民-B3-U9,,,,,whirl,[hwɝl],迴旋，旋轉,"The dancers began to whirl across the stage, creating a beautiful and dynamic performance.",舞者們開始在舞台上迴旋，創造出一個美麗而充滿活力的表演。,,,,,,,,,,,,(v.),,,,,,,,,,,
高中,三民-B3-U9,,L4,B2,,harmony,[ˋhɑrmənɪ],和諧，和睦,"Everyone in our class tries to live in harmony, respecting each other's opinions and differences.",我們班上的每個人都努力和睦相處，尊重彼此的意見和差異。,,,,,,,,,,,,(n.),n.複數：harmonies,,,,,,,,,,
高中,三民-B3-U9,,,,,harmonious,[hɑrˋmonɪəs],和諧的，協調的,The colors in the painting are so harmonious that they create a very pleasant feeling for the viewer.,這幅畫的顏色非常和諧，為觀者帶來一種非常愉悅的感覺。,,,,,,,,,,,,(adj.),,,,,,,,,,,
高中,三民-B3-U9,,,,,Wild Cursive,[waɪld ˋkɝsɪv],《狂草》,"Cloud Gate Dance Theatre's ""Wild Cursive"" is a renowned performance that combines traditional calligraphy with modern dance.",雲門舞集的《狂草》是一場結合傳統書法與現代舞的著名表演。,,,,,,,,,,,,(n.),,,,,,,,,,,
高中,三民-B3-U9,,,,,cursive,[ˋkɝsɪv],草書的,"In elementary school, we learned how to write in cursive, connecting all the letters in a word.",在小學時，我們學會了寫草書，將一個單字裡的所有字母連起來。,,,,,,,,,,,,(adj.),,,,,,,,,,,
高中,三民-B3-U9,,,,,Cloud Gate Dance Theatre,[klaᴜd get dæns ˋθiətɚ],雲門舞集,Cloud Gate Dance Theatre is famous for its unique blend of traditional Asian aesthetics and contemporary dance.,雲門舞集以其獨特的傳統亞洲美學與當代舞蹈融合而聞名。,,,,,,,,,,,,(n.),,,,,,,,,,,
高中,三民-B3-U9,,,,,trilogy,[ˋtrɪlədʒɪ],三部曲,"""The Lord of the Rings"" is a famous fantasy trilogy that many people enjoy reading or watching.",《魔戒》是一部著名的奇幻三部曲，許多人都喜歡閱讀或觀看。,,,,,,,,,,,,(n.),,,,,,,,,,,
高中,三民-B3-U9,,,,,brushstroke,[ˋbrʌʃ͵strok],筆法，筆觸,"You can clearly see each brushstroke in Van Gogh's paintings, which gives them a unique texture.",你可以在梵谷的畫作中清楚地看到每一筆筆觸，這賦予了它們獨特的質感。,,,,,,,,,,,,(n.),,,,,,,,,,,
高中,三民-B3-U9,,,,,backdrop,[ˋbæk͵drɑp],背景布幕,The beautiful mountain scenery served as a perfect backdrop for the outdoor concert.,美麗的山景成為戶外音樂會的完美背景布幕。,,,,,,,,,,,,(n.),,,,,,,,,,,
高中,三民-B3-U9,,,,,onstage,[͵ɑnˋstedʒ],上臺表演地,"The singer felt nervous before going onstage, but once the music started, she felt confident.",這位歌手在上台表演前感到緊張，但音樂一開始，她就充滿了自信。,,,,,,,,,,,,(adv.),,,,,,,,,,,
高中,三民-B3-U9,,,,,brilliance,[ˋbrɪljəns],才華，聰慧,Everyone was amazed by the brilliance of the young scientist who discovered a new way to solve the problem.,這位年輕科學家發現了解決問題的新方法，他的才華讓所有人驚嘆不已。,,,,,,,,,,,,(n.),,,,,,,,,,,
高中,三民-B3-U9,,L2,A2,,brilliant,[ˋbrɪljənt],聰穎的,My physics teacher is brilliant; he can explain complex concepts in a way that everyone understands.,我的物理老師非常聰穎；他能用大家都能理解的方式解釋複雜的概念。,,,,,,,,,,,,(adj.),n.複數：brilliants | adj.比較級：more brilliant；最高級：most brilliant,,"glorious, bright, vivid, impressive",,,,,,,,
高中,三民-B3-U9,,,,,set . . . apart,,使…與眾不同,Nancy’s unique and interesting scientific ideas set her apart from the other students at this school.,Nancy獨特且有趣的科學思維使她在這所學校與眾不同。,,,,,,,,,,,,(phr.),,,,,,,,,,,
高中,三民-B3-U9,,,,,at times,,有時候，偶爾,"At times, Sheila sings softly, bringing joy to the room with her beautiful melodies.",有時，Sheila會輕聲唱歌，用她美麗的旋律為房間帶來喜悅。,,,,,,,,,,,,(phr.),,,,,,,,,,,
高中,三民-B3-U9,,,,,go the extra mile,,(為…)加倍努力,The salesman provides more services for his clients because he is willing to go the extra mile for them.,這位銷售員為他的客戶提供更多服務，因為他願意為他們多做一點。,,,,,,,,,,,,(phr.),,,,,,,,,,,
高中,三民-B4-U1,,,,,workforce,[ˋwɝkfɔrs],勞動力,"As the population ages, there will be a growing demand for a younger workforce.",隨著人口老化，對年輕勞動力的需求將會日益增加。,,,,,,,,,,,,(n.),,,,,,,,,,,
高中,三民-B4-U1,,,,,workforce,[ˋwɝkfɔrs],勞工，員工,The company is investing in training programs to improve the skills of its workforce.,公司正在投資培訓計畫，以提升員工的技能。,,,,,,,,,,,,(n.),,,,,,,,,,,
高中,三民-B4-U1,,,,,industrialized,[ɪnˋdʌstrɪəl͵aɪzd],工業化的,Environmental concerns have grown as more industrialized countries contribute to global pollution.,隨著更多工業化國家對全球汙染的影響增加，環境問題日益嚴峻。,,,,,,,,,,,,(adj.),,,,,,,,,,,
高中,三民-B4-U1,,L6,,,industrialize,[ɪnˋdʌstrɪəl͵aɪz],工業化,The small town has industrialized very quickly over the last decade. Many large factories have been set up during this period.,這個小鎮在過去十年間迅速工業化，期間設立了許多大型工廠。,,,,,,,,,,,,(v.),v.過去式：industrialized；過去分詞：industrialized；現在分詞：industrializing,,,,,,-ize / -ise (to make or become (使成為／使…化)),,,,
高中,三民-B4-U1,,L3,B2,,dramatic,[drəˋmætɪk],巨大的，驟然的,The dramatic shift in technology over the years has changed how students learn and communicate in class.,這些年來，技術的劇變改變了學生在課堂上的學習和交流方式。,,,,,,,,,,,,(adj.),,a dramatic shift/change/improvement,"impressive, striking, spectacular",,,,,,,,
高中,三民-B4-U1,,L6,C2,,flourish,[ˋflɝɪʃ],繁茂，興旺,"With full sun and rich soil, the plants in the garden are able to  flourish.",因為有充足的陽光和肥沃的土壤，花園裡的植物得以茁壯成長。,,,,,,,,,,,,(v.),,,"expand, wave, boom, thrive",,,,,,,,
高中,三民-B4-U1,,L3,B2,,fade,[fed],(逐漸) 消失，衰弱,"Over the years, the once-popular fashion trend started to fade from the runways and street styles.",這幾年來，曾經流行的時尚趨勢逐漸從伸展臺和街頭風格中消退。,,,,,,,,,,,,(v.),v.過去式：faded；過去分詞：faded；現在分詞：fading,,"pass, fleet, slice, wither",,,,,,,,
高中,三民-B4-U1,,L3,B2,,fade,[fed],褪色,The bright red curtains began to fade after months of sunlight streaming through the windows.,經過幾個月的陽光透過窗戶照射，鮮紅色的窗簾開始褪色。,,,,,,,,,,,,(v.),v.過去式：faded；過去分詞：faded；現在分詞：fading,,"pass, fleet, slice, wither",,,,,,,,
高中,三民-B4-U1,,,,,prominence,[ˋprɑmənəns],顯著,The local environmental group gained prominence after their successful campaign to clean up the river.,當地的環保團體在成功發起清理河川的活動後，聲譽日漸提升。,,,,,,,,,,,,(n.),,,,,,,,,,,
高中,三民-B4-U1,,L4,C1,,prominent,[ˋprɑmənənt],重要的，知名的,"Bach, the father of Western music, is widely recognized as one of the most prominent musicians in history.",巴哈，西方音樂之父，被公認為歷史上最具代表性的音樂家之一。,,,,,,,,,,,,(adj.),,,"obvious, large, big, outstanding",,,,,,,,
高中,三民-B4-U1,,L4,B1,,generation,[͵dʒɛnəˋreʃən],一代 (人),The invention of the Internet has shaped a generation of students who enjoy online learning.,網際網路的發明塑造了一代喜愛線上學習的學生。,,,,,,,,,,,,(n.),n.複數：generations,a generation of students/artists/doctors,,,,,,,,,
高中,三民-B4-U1,,L3,B2,,decade,[ˋdɛked],十年,Wayne hasn’t heard from his aunt for a decade. The last time he got a call from her was ten years ago.,Wayne 已經有十年沒收到他姑姑的消息了。他最後一次接到姑姑的電話是在十年前。,,,,,,,,,,,,(n.),n.複數：decades,,,,,,,,,,
高中,三民-B4-U1,,L4,B2,,physical,[ˋfɪzɪkəl],身體的,Regular exercise and a balanced diet are essential for maintaining  good physical health.,規律運動和均衡飲食對保持良好的身體健康至關重要。,,,,,,,,,,,,(adj.),n.複數：physicals,physical health,"active, natural, energetic, personal",mental,,,,,,,
高中,三民-B4-U1,,L6,,,symbolize,[ˋsɪmbḷ͵aɪz],象徵，代表,The dove has long been used to symbolize peace and harmony across cultures.,長久以來鴿子被用來象徵和平與和諧，跨越了不同文化界限。,,,,,,,,,,,,(v.),v.過去式：symbolized；過去分詞：symbolized；現在分詞：symbolizing,,represent,,,,,,,,
高中,三民-B4-U1,,L5,C2,,symbolic,[sɪmˋbɑlɪk],象徵性的,The ringing of bells at midnight is symbolic of the start of a new year.,午夜鐘聲象徵著新年開始。,,,,,,,,,,,,(adj.),,be symbolic of something,representative,,,,,,,,
高中,三民-B4-U1,,L4,B2,,rural,[ˋrᴜrəl],鄉村的,Life in rural areas is usually slower and quieter than that in big cities.,鄉村生活通常比大城市生活更為緩慢且寧靜。,,,,,,,,,,,,(adj.),,,agricultural,urban,,,,,,,
高中,三民-B4-U1,,L5,B2,,specialize,[ˋspɛʃəl͵aɪz],專精 (某領域),The university offers programs for students who want to specialize in AI.,這所大學為想要專攻人工智慧的學生提供相關課程。,,,,,,,,,,,,(v.),v.過去式：specialized；過去分詞：specialized；現在分詞：specializing,specialize in something,"narrow, specify","diversify, broaden",,,-ize / -ise (to make or become (使成為／使…化)),,,,
高中,三民-B4-U1,,L5,,,specialty,[ˋspɛʃəltɪ],專業，專長,"Sam’s specialty in the IT field is network security, which refers to protecting businesses from cyber threats.",Sam 在資訊科技領域的專長是網路安全，這指的是保護企業免受網路威脅。,,,,,,,,,,,,(n.),n.複數：specialties,,strength,,,,,,,,
高中,三民-B4-U1,,L5,C1,,modify,[ˋmɑdə͵faɪ],修改，更動,"After reviewing my essay, my teacher suggested I modify a few sentences to make them clearer.",在檢閱我的文章後，老師建議我修改幾個句子，使其更清晰。,,,,,,,,,,,,(v.),v.過去式：modified；過去分詞：modified；現在分詞：modifying,,qualify,,,,-ify (to make; cause (使…化；使成…)),,,,
高中,三民-B4-U1,,L5,,,boom,[bum],迅速發展,There was a sudden boom in online shopping during the holiday season.,在假期季節，線上購物突然間大幅增長。,,,,,,,,,,,,(n.),,a boom in something,"flourish, expand, blast, smash",,,,,,,,
高中,三民-B4-U1,,L5,,,boom,[bum],快速發展,Online learning platforms boomed during the pandemic as schools shifted to remote education.,在疫情期間，隨著學校轉為遠距教學，線上學習平臺迅速崛起。,,,,,,,,,,,,(v.),,,"flourish, expand, blast, smash",,,,,,,,
高中,三民-B4-U1,,,,,manufacturing,[͵mænjəˋfæktʃərɪŋ],製造業,"After the invention of new technology, manufacturing processes became faster and more efficient.",在新技術發明後，製造過程變得更快速且更有效率。,,,,,,,,,,,,(n.),,,,,,,,,,,
高中,三民-B4-U1,,L4,B2,,manufacture,[͵mænjəˋfæktʃɚ],(大量) 製造,The company manufactures high-quality sneakers that are popular among athletes.,這家公司製造高品質的運動鞋，深受運動員喜愛。,,,,,,,,,,,,(v.),,,"construct, invent, industry",,,,,"fac/fact (to do, to make (做、製造)); manu ((to make by) hand (手工))",,,
高中,三民-B4-U1,,L4,B2,,manufacture,[͵mænjəˋfæktʃɚ],(大量) 製造,The manufacture of advanced electronic products requires precise engineering and high-quality materials.,先進電子產品的製造需要精確的工程技術和高品質的材料。,,,,,,,,,,,,(n.),,,"construct, invent, industry",,,,,"fac/fact (to do, to make (做、製造)); manu ((to make by) hand (手工))",,,
高中,三民-B4-U1,,L4,B2,,manufacturer,[͵mænjəˋfæktʃərɚ],製造商，生產商,"As a leading manufacturer in the fashion industry, the company is known for its attractive and durable clothing.",作為時尚產業的領頭羊，該公司以其吸引人且耐穿的服飾聞名。,,,,,,,,,,,,(n.),n.複數：manufacturers,,producer,,,,,,,,
高中,三民-B4-U1,,L4,B2,,era,[ˋɪrə],時代，年代,The invention of the Internet marked the beginning of an era of rapid technological progress.,網際網路的發明標誌著快速科技進步時代的開始。,,,,,,,,,,,,(n.),n.複數：eras,an era of something,,,,,,,,,
高中,三民-B4-U1,,L4,C1,,significance,[sɪgˋnɪfəkəns],重要性，意義,The decrease in the number of patients is of great significance; it means that the spread of the flu is now under control.,病患人數的減少具有重要意義；這意味著流感的蔓延已經得到控制。,,,,,,,,,,,,(n.),n.複數：statistical significances,,"implication, meaning, import",,,,,,,,
高中,三民-B4-U1,,L3,B2,,significant,[sɪgˋnɪfəkənt],重大的，顯著的,"The peace talks were very significant in improving the relationship between the two countries, leading them to stop fighting over their borders.",和平談判對改善兩國關係具有重大意義，使兩國停止邊界爭端。,,,,,,,,,,,,(adj.),n.複數：significants | adj.比較級：more significant；最高級：most significant,,"profound, substantial, remarkable, fundamental",,,,,,,,
高中,三民-B4-U1,,L6,,,apprentice,[əˋprɛntɪs],學徒,"During the summer break, Karen worked as an apprentice at a local bike repair shop to improve her mechanical skills.",在暑假期間，Karen 在當地的一家自行車修理店擔任學徒，藉此提升她的機械技能。,,,,,,,,,,,,(n.),n.複數：apprentices,,,,,,,,,,
高中,三民-B4-U1,,L5,B2,,alter,[ˋɔltɚ],改變，更改,"Dissatisfied with her small eyes, Ms. Carter decided to undergo  double eyelid surgery to alter the appearance of her eyes.",對於自己小眼睛不滿意，Carter 女士決定接受雙眼皮手術，以改變眼睛的外觀。,,,,,,,,,,,,(v.),v.過去式：altered；過去分詞：altered；現在分詞：altering,,"change, vary",leave,,,,,,,
高中,三民-B4-U1,,L4,B2,,reflect,[rɪˋflɛkt],顯示，反映,The feedback from the survey will reflect customer satisfaction.,調查回饋將反映顧客的滿意度。,,,,,,,,,,,,(v.),v.過去式：reflected；過去分詞：reflected；現在分詞：reflecting,,"contemplate, speculate, shine, meditate",,,,,,,,
高中,三民-B4-U1,,L4,B2,,reflect,[rɪˋflɛkt],映出 (影像),The tall skyscrapers were magnificently reflected in the shiny glass windows of the nearby buildings.,高聳的摩天大樓在附近建築物光亮的玻璃窗中壯麗地倒映出來。,,,,,,,,,,,,(v.),v.過去式：reflected；過去分詞：reflected；現在分詞：reflecting,be reflected in something,"contemplate, speculate, shine, meditate",,,,,,,,
高中,三民-B4-U1,,L4,B2,,reflection,[rɪˋflɛkʃən],倒影,The baker didn’t notice the flour on his cheek until he saw his reflection in the window.,烘焙師直到看見自己在窗戶中的倒影才注意到臉頰上的麵粉。,,,,,,,,,,,,(n.),n.複數：reflections,,"expression, observation, meditation",,,,,,,,
高中,三民-B4-U1,,L6,,,reflective,[rɪˋflɛktɪv],沉思的,"Philip was in a reflective mood on New Year’s Eve, thinking about what he had gained and lost over the past year.",在除夕夜，Philip陷入沉思當中，回想過去一年自己獲得和失去的事物。,,,,,,,,,,,,(adj.),,,"thoughtful, intellectual",,,,,,,,
高中,三民-B4-U1,,L5,C2,,transition,[trænˋzɪʃən],轉變,The transition from high school to college is an important change in a student’s life.,從高中到大學的過渡是學生人生中重要的轉變。,,,,,,,,,,,,(n.),n.複數：transitions,,"conversion, passage",,,,,,,,
高中,三民-B4-U1,,L5,,,transit,[ˋtrænzɪt],運輸，運送,"Please track the status of your order, as it is currently in transit.",請追蹤你的訂單狀態，因為訂單目前正在運送中。,,,,,,,,,,,,(n.),,in transit,"transportation, passage",,,,,,,,
高中,三民-B4-U1,,L5,,,transit,[ˋtrænzɪt],通過,The travelers will transit through several stations before reaching their accommodations.,旅客們在抵達住宿地點之前，會經過數個車站。,,,,,,,,,,,,(v.),,,"transportation, passage",,,,,,,,
高中,三民-B4-U1,,L4,B2,,category,[ˋkætə͵gorɪ],種類，類別,"During the debate, we discussed which category each topic belonged to: social issues, environment, or technology.",在辯論期間，我們討論了每個議題屬於哪個類別：社會議題、環境或科技。,,,,,,,,,,,,(n.),n.複數：categories,,"class, family",,,,,,,,
高中,三民-B4-U1,,,,,categorize,[ˋkætəgɚaɪz],分類,"For the science project, students had to categorize the different types of rocks they collected from the field trip.",針對此次的科學專題，學生們必須將從實地考察中蒐集到的不同種類的岩石進行分類。,,,,,,,,,,,,(v.),,,,,,,,,,,
高中,三民-B4-U1,,L4,C1,,arise,[əˋraɪz],出現，產生,"New trends arise in fashion every season, reflecting changes in style and culture.",每個季節，時尚中會出現新的趨勢，反映出風格和文化的變化。,,,,,,,,,,,,(v.),v.過去式：arose；過去分詞：arisen；現在分詞：arising,,"rise, lift, rebel, grow","lie, fall, descend, sit",,,,,,,
高中,三民-B4-U1,,L4,C1,,arise,[əˋraɪz],發生,"We are prepared to give up all the work we’ve done so far and start all over again, if the need arises.",如果有需要，我們已經準備好放棄迄今為止所做的所有工作，並重新開始。,,,,,,,,,,,,(v.),v.過去式：arose；過去分詞：arisen；現在分詞：arising,,"rise, lift, rebel, grow","lie, fall, descend, sit",,,,,,,
高中,三民-B4-U1,,L4,B2,,craft,[kræft],(運用技巧) 製作,The old carpenter likes to craft beautiful wooden furniture by hand using traditional tools.,這位老木匠喜歡用傳統工具手工製作漂亮的木製家具。,,,,,,,,,,,,(v.),,,"cunning, trade",,,,,,,,
高中,三民-B4-U1,,L4,B2,,craft,[kræft],工藝，技術,Learning the craft of pottery takes many years of practice and patience to master.,學習陶藝這項工藝需要多年的練習和耐心才能精通。,,,,,,,,,,,,(n.),v.過去式：crafted；過去分詞：crafted；現在分詞：crafting | n.複數：crafts,,"cunning, trade",,,,,,,,
高中,三民-B4-U1,,,,,Being a Craftsman,[ˋbiɪŋ ə ˋkræftsmən],《我的黑手父親》,"The film ""Being a Craftsman"" tells a touching story about a father and his son's relationship.",電影《我的黑手父親》講述了一個關於父親與兒子關係的感人故事。,,,,,,,,,,,,(n.),,,,,,,,,,,
高中,三民-B4-U1,,,,,trailer,[ˋtrelɚ],拖車,We rented a small trailer to carry our camping gear on our road trip last summer.,去年夏天我們租了一輛小拖車，用來在公路旅行中載運露營裝備。,,,,,,,,,,,,(n.),,,,,,,,,,,
高中,三民-B4-U1,,,,,white-collar,[͵hwaɪtˋkɑlɚ],白領的，腦力勞動的,Many students hope to get a white-collar job in an office after they graduate from university.,許多學生希望大學畢業後能在辦公室找到一份白領工作。,,,,,,,,,,,,(adj.),,,,,,,,,,,
高中,三民-B4-U1,,,,,blue-collar,[͵bluˋkɑlɚ],藍領的，做體力工作的,"Blue-collar workers often perform manual labor, such as construction or factory work, which is essential for society.",藍領工人通常從事體力勞動，例如建築或工廠工作，這對社會至關重要。,,,,,,,,,,,,(adj.),,,,,,,,,,,
高中,三民-B4-U1,,,,,post-industrial,[͵post ɪnˋdʌstrɪəl],後工業化的,"Many cities in developed countries are now considered post-industrial, focusing on services rather than manufacturing.",許多已開發國家的城市現在被視為後工業化的，專注於服務業而非製造業。,,,,,,,,,,,,(adj.),,,,,,,,,,,
高中,三民-B4-U1,,,,,hands-on,[͵hændˋzɑn],實務的,"Our science class offers a lot of hands-on experiments, which makes learning more fun and effective.",我們的自然科學課提供了許多實務操作的實驗，這讓學習更有趣、更有效。,,,,,,,,,,,,(adj.),,,,,,,,,,,
高中,三民-B4-U1,,,,,societal,[səˋsaɪətḷ],與社會相關的,Addressing climate change requires not only technological solutions but also significant societal changes in our daily habits.,應對氣候變遷不僅需要科技解決方案，還需要我們日常習慣上重大的社會性改變。,,,,,,,,,,,,(adj.),,,,,,,,,,,
高中,三民-B4-U1,,L5,B1,,update,[͵ʌpˋdet],更新,Please remember to update the software on your computer regularly to ensure it has the latest security features.,請記得定期更新你電腦上的軟體，以確保它擁有最新的安全功能。,,,,,,,,,,,,(v.),,,,,,,,,,,
高中,三民-B4-U1,,,,,as a result of,,由於,"As a result of Eartha’s excellent performance in the competition, she was invited to join the national team.",由於Eartha在比賽中的優異表現，她獲邀加入國家隊。,,,,,,,,,,,,(phr.),,,,,,,,,,,
高中,三民-B4-U1,,,,,take off,,成功,The online course took off when people realized it was an easy way to learn new skills from home.,當人們意識到這是一種在家輕鬆學習新技能的方式時，這門線上課程迅速受到歡迎。,,,,,,,,,,,,(phr.),,,,,,,,,,,
高中,三民-B4-U1,,,,,start out,,開始，起步,"When you start out learning a new language, it’s helpful to practice basic phrases and vocabulary daily.",當你開始學習一門新語言時，每天練習基本的片語和詞彙會很有幫助。,,,,,,,,,,,,(phr.),,,,,,,,,,,
高中,三民-B4-U1,,,,,in demand,,備受需要的，受歡迎的,"Since the pandemic, online learning tools and platforms have been in high demand among students and teachers.",自從疫情以來，學生和老師對線上學習工具和平臺的需求大增。,,,,,,,,,,,,(phr.),,,,,,,,,,,
高中,三民-B4-U2,,L5,B1,,journalist,[ˋdʒɝnəlɪst],新聞記者,Jeremy became a journalist to give a voice to those who are often unheard.,Jeremy 成為一名記者，目的是為那些常被忽視的群體發聲。,,,,,,,,,,,,(n.),n.複數：journalists,,,,,,,,,,
高中,三民-B4-U2,,L2,C1,,journal,[ˋdʒɝnḷ],(某學科或專業的)期刊，刊物,The doctor often shares her findings in medical journals to help people have a better understanding of the side effects of certain medicines.,這位醫生經常在醫學期刊上分享她的研究結果，以幫助人們更好地了解某些藥物的副作用。,,,,,,,,,,,,(n.),n.複數：journals,a(n) medical/scientific/academic journal,diary,,,,,,,,
高中,三民-B4-U2,,L4,B2,,genuine,[ˋdʒɛnjᴜɪn],真誠的，誠懇的,I have a couple of genuine friends who always support and encourage me whenever I get into trouble.,我有幾位真誠的朋友，每當我遇到困難時，他們總是支持和鼓勵我。,,,,,,,,,,,,(adj.),adj.比較級：more genuine；最高級：most genuine,,"good, true, authentic, actual",,,,,,,,
高中,三民-B4-U2,,L4,B2,,genuine,[ˋdʒɛnjᴜɪn],真正的,These bags are expensive because they are made of genuine leather.,這些包包很昂貴，因為它們是用真皮製成的。,,,,,,,,,,,,(adj.),adj.比較級：more genuine；最高級：most genuine,,"good, true, authentic, actual",,,,,,,,
高中,三民-B4-U2,,,,,neglected,[nɪˋglɛktɪd],被疏忽的，被疏,The old and neglected library is filled with dusty shelves and torn books.,這座老舊且被忽視的圖書館裡，滿是布滿灰塵的書架和破爛的書本。,,,,,,,,,,,,(adj.),,,,,,,,,,,
高中,三民-B4-U2,,L4,C1,,neglect,[nɪˋglɛkt],忽略，疏於照顧,Parents should never neglect spending quality time with their children to maintain healthy relationships.,父母絕不應忽視與孩子共度美好時光，以維持健康的親子關係。,,,,,,,,,,,,(v.),,,"overlook, miss, drop, ignore",,,,,,,,
高中,三民-B4-U2,,L4,C1,,neglect,[nɪˋglɛkt],忽略，疏忽,The neglect of the old car caused it to break down while being driven on the highway.,那輛舊車疏於保養，導致它在公路上行駛時拋錨。,,,,,,,,,,,,(n.),,neglect of . . .,"overlook, miss, drop, ignore",,,,,,,,
高中,三民-B4-U2,,,,,misunderstood,[ˏmɪsʌndɚˋstᴜd],不為人理解的,The misunderstood genius struggled to find acceptance in a world that failed to appreciate his intelligence.,這位被誤解的天才在一個無法欣賞他才華的世界中掙扎著尋找認同。,,,,,,,,,,,,(adj.),,,,,,,,,,,
高中,三民-B4-U2,,L4,B2,,misunderstand,[ˏmɪsʌndɚˋstænd],誤解，誤會,"Sometimes, written messages can be easily misunderstood because one can’t see the writer’s facial expressions.",有時候，書面訊息容易被誤解，因為無法看到寫信者的面部表情。,,,,,,,,,,,,(v.),v.過去式：misunderstood；過去分詞：misunderstood；現在分詞：misunderstanding,,,,,"mis- (wrong, incorrect (錯誤))",,,,,
高中,三民-B4-U2,,L3,B1,,promote,[prəˋmot],促進,The volunteers organize events to promote healthy eating at schools.,義工們在學校舉辦活動推廣健康飲食。,,,,,,,,,,,,(v.),v.過去式：promoted；過去分詞：promoted；現在分詞：promoting,,"advance, elevate, push, raise","break, bump",,pro- (in favor of (向前，支持)),,,,,
高中,三民-B4-U2,,L4,B2,,promotion,[prəˋmoʃən],宣傳，推廣,The school organized a promotion for the upcoming dance to encourage more students to attend.,學校為即將舉行的舞會舉辦了宣傳活動，以鼓勵更多學生參加。,,,,,,,,,,,,(n.),n.複數：promotions,,publicity,,,,,,,,
高中,三民-B4-U2,,L5,C1,,assumption,[ə`sʌmpʃən],假設，臆測,"Esther made an assumption about the test material, but it turned out to be different.",Esther 對測驗內容做出了假設，但結果卻不一樣。,,,,,,,,,,,,(n.),n.複數：assumptions,make an assumption about . . .,premise,,,,,,,,
高中,三民-B4-U2,,L3,B2,,assume,[ə`sum],假設，認為,"Mr. Bush assumed that more than fifty people would attend his housewarming party, but only ten guests showed up.",Bush 先生假設會有超過五十人參加他的喬遷派對，但實際上只有十位賓客出席。,,,,,,,,,,,,(v.),v.過去式：assumed；過去分詞：assumed；現在分詞：assuming,assume that . . .,"acquire, presume, take, accept",,,,,,,,
高中,三民-B4-U2,,L5,C1,,discrimination,[dɪ͵skrɪməˋneʃən],歧視,It's important to learn about age discrimination to understand how it affects people.,了解年齡歧視很重要，這有助於理解它如何影響人們。,,,,,,,,,,,,(n.),n.複數：discriminations,age/racial/gender/sex discrimination,,,,,,,,,
高中,三民-B4-U2,,L5,C1,,discriminate,[dɪˋskrɪmə͵net],辨別,Donald learned to discriminate healthy foods from unhealthy snacks during his health education class at school.,Donald 在學校的健康教育課程中學會了區分健康食品和不健康的零食。,,,,,,,,,,,,(v.),v.過去式：discriminated；過去分詞：discriminated；現在分詞：discriminating,discriminate something from something,"nice, separate",,,,,,,,
高中,三民-B4-U2,,,,,transformation,[͵trænsfɚˋmeʃən],轉變,The transformation from a shy freshman to a confident senior is a common experience as students grow.,從一個害羞的大一新生到自信的大四生的轉變，是學生成長過程中常見的經歷。,,,,,,,,,,,,(n.),,,,,,,,,,,
高中,三民-B4-U2,,L5,,,compassionate,[kəmˋpæʃənɪt],富同情心的,Sophia is known for her compassionate nature and willingness to help others.,Sophia 以她富有同情心的個性和樂於助人的態度而聞名。,,,,,,,,,,,,(adj.),,,"sorry, pity",,,,,,,,
高中,三民-B4-U2,,L5,,,compassion,[kəmˋpæʃən],同情,Understanding someone's struggles with compassion can strengthen friendships.,理解他人的掙扎並以同情心對待，可以增進友誼。,,,,,,,,,,,,(n.),n.複數：compassions,,pity,,,,,,,,
高中,三民-B4-U2,,,,,alternatively,[ɔlˋtɝnə͵tɪvlɪ],或者,"If you don't want to cook dinner, alternatively, you could order takeout from your favorite restaurant.",如果你不想做晚餐，你也可以選擇從你最喜歡的餐廳訂外賣。,,,,,,,,,,,,(adv.),,,,,,,,,,,
高中,三民-B4-U2,,L4,B2,,alternative,[ɔlˋtɝnətɪv],可供選擇的,"Some students prefer using alternative methods of studying, like group discussions, instead of reading alone.",有些學生偏好使用替代的學習方法，例如小組討論，而不是獨自閱讀。,,,,,,,,,,,,(adj.),,,"choice, option, secondary, alternate",,,,,,,,
高中,三民-B4-U2,,L4,B2,,alternative,[ɔlˋtɝnətɪv],選擇,Remote work has become a popular alternative for employees seeking more freedom in their schedules.,遠端工作已成為尋求更多時間彈性的員工的熱門選擇。,,,,,,,,,,,,(n.),,an alternative for someone,"choice, option, secondary, alternate",,,,,,,,
高中,三民-B4-U2,,L4,C1,,flee,[fli],逃離，逃避,Wendy and her family decided to flee the crowded city for a weekend camping trip in the mountains.,Wendy和她的家人決定逃離擁擠的城市，到山區露營度過週末。,,,,,,,,,,,,(v.),v.過去式：fled；過去分詞：fled；現在分詞：fleeing,,fly,,,,,,,,
高中,三民-B4-U2,,L5,B1,,extraordinary,[ɪk`strɔrdṇ͵ɛrɪ],非凡的，奇特的,The actress was given an award for her extraordinary contribution to the movie industry. She has starred in over 50 movies throughout her lifetime.,這位女演員因為對電影產業的卓越貢獻而獲得獎項。她一生中主演了超過 50 部電影。,,,,,,,,,,,,(adj.),,,"remarkable, exceptional, great, tremendous",ordinary,,,,,,,
高中,三民-B4-U2,,L4,B2,,remarkable,[rɪˋmɑrkəbḷ],卓越的,The scientist's remarkable discovery could change the way we understand the life sciences.,這位科學家的非凡發現可能改變我們對生命科學的理解方式。,,,,,,,,,,,,(adj.),,,"significant, important, extraordinary, singular",,,,,,,,
高中,三民-B4-U2,,L4,B2,,remark,[rɪˋmɑrk],評論,"During the class discussion, Warner remarked on the significance of historical events.",在課堂討論中，Warner 評論了歷史事件的重要性。,,,,,,,,,,,,(v.),,remark on/upon something,"observe, note, observation, notice",,,,,,,,
高中,三民-B4-U2,,L4,B2,,remark,[rɪˋmɑrk],評論,"Students are taught to think before they speak, as making a casual remark might unintentionally hurt others.",學生被教導在發言前先思考，因為隨意的評論可能無意中傷害他人。,,,,,,,,,,,,(n.),,make a remark,"observe, note, observation, notice",,,,,,,,
高中,三民-B4-U2,,L4,C1,,glimpse,[glɪmps],一瞥,The artist’s drawing gave us a glimpse of what the finished painting would look like.,這位藝術家的素描讓我們窺見了完成畫作的樣子。,,,,,,,,,,,,(n.),,a glimpse of . . .,glance,,,,,,,,
高中,三民-B4-U2,,L5,B2,,undoubtedly,[ʌnˋdaᴜtɪdlɪ],毫無疑問地,Reading regularly will undoubtedly expand your vocabulary and knowledge.,經常閱讀無疑會擴展你的詞彙量和知識。,,,,,,,,,,,,(adv.),,,,,,,,,,,
高中,三民-B4-U2,,L5,C1,,dissolve,[dɪˋzɑlv],消失,The confusion over the math problem dissolved once the teacher explained the concept in a different way.,當老師以不同的方式解釋概念後，數學問題的困惑便消除了。,,,,,,,,,,,,(v.),v.過去式：dissolved；過去分詞：dissolved；現在分詞：dissolving | n.複數：dissolves,,,,,,,,,,
高中,三民-B4-U2,,L5,C1,,dissolve,[dɪˋzɑlv],分解,The sugar cube dissolved quickly in the hot coffee.,方糖在熱咖啡中迅速溶解。,,,,,,,,,,,,(v.),v.過去式：dissolved；過去分詞：dissolved；現在分詞：dissolving | n.複數：dissolves,,,,,,,,,,
高中,三民-B4-U2,,,,,replace,[rɪˋples],取代,The coach plans to replace the injured player with someone else for the upcoming game.,教練計畫在即將到來的比賽中用其他人取代受傷的球員。,,,,,,,,,,,,(v.),v.過去式：replaced；過去分詞：replaced；現在分詞：replacing,replace . . . with/by . . .,,,,,,,,,
高中,三民-B4-U2,,,,,replacement,[rɪˋplesmənt],更換，替換,The store offered a replacement skateboard for free when the one Kevin bought had a crack in it.,當Kevin購買的滑板出現裂縫時，商店提供了免費更換的滑板。,,,,,,,,,,,,(n.),,,,,,,,,,,
高中,三民-B4-U2,,L3,B2,,sweat,[swɛt],流汗,The farmer started to sweat heavily when working in the hot sun.,農夫在烈日下工作時開始大汗淋漓。,,,,,,,,,,,,(v.),,sweat heavily,"effort, water, stew",,,,,,,,
高中,三民-B4-U2,,L3,B2,,sweat,[swɛt],汗水,"After a five-mile jog, Tim’s shirt was wet with sweat from the exercise.",經過五英里的慢跑後，Tim 的襯衫因運動而汗水淋漓。,,,,,,,,,,,,(n.),,,"effort, water, stew",,,,,,,,
高中,三民-B4-U2,,L3,B2,,beneath,[bɪˋniθ],在…的下面,We were lucky to have such nice weather during the camping trip that we were able to lie beneath the stars and enjoy the beautiful night sky.,在露營旅行期間，我們很幸運有如此美好的天氣，得以躺在星空下，享受美麗的夜空。,,,,,,,,,,,,(prep.),,,below,above,,,,,,,
高中,三民-B4-U2,,L4,B2,,disability,[dɪsəˋbɪlətɪ],(pl. disabilities) 殘疾,The club organized events to raise awareness about the challenges faced by people with physical disabilities.,這個俱樂部舉辦活動，提升人們對身心障礙者所面臨挑戰的認識。,,,,,,,,,,,,(n.),n.複數：disabilities,a(n) physical/developmental/intellectual disability,handicap,,,,,,,,
高中,三民-B4-U2,,L4,B2,,immigrant,[ˋɪməgrənt],移民,Learning about the experiences of immigrants broadens our understanding of different cultures.,了解移民的經歷能夠擴展我們對不同文化的理解。,,,,,,,,,,,,(n.),n.複數：immigrants,,,,,,,,,,
高中,三民-B4-U2,,L4,,,immigrate,[ˋɪmə͵græt],移民,George’s family decided to immigrate to the United States for better job opportunities.,George 的家人決定移民到美國，以尋找更好的工作機會。,,,,,,,,,,,,(v.),v.過去式：immigrated；過去分詞：immigrated；現在分詞：immigrating,,,emigrate,emigrate,,,,,,
高中,三民-B4-U2,,,,,retire,[rɪˋtaɪr],退休,Candice decided to retire from professional basketball after playing for 15 years.,Candice 在打了 15 年的職業籃球後，決定退休。,,,,,,,,,,,,(v.),v.過去式：retired；過去分詞：retired；現在分詞：retiring,retire from something,,,,,,,,,
高中,三民-B4-U2,,,,,retirement,[rɪˋtaɪrmənt],退休,"After working for 30 years, Philip took early retirement and plans to travel around the world.",Philip 工作了 30 年後，選擇了提前退休，並計畫環遊世界。,,,,,,,,,,,,(n.),,take early retirement,,,,,,,,,
高中,三民-B4-U2,,,,,initially,[ɪˋnɪʃəlɪ],最初，起初,"My new smartphone worked well initially, but a week later it failed to ring when people called.",我的新智慧型手機一開始運作正常，但一週後，當人家打來時它竟然不會響。,,,,,,,,,,,,(adv.),,,,,,,,,,,
高中,三民-B4-U2,,L4,B1,,initial,[ɪˋnɪʃəl],最初的，開始的,"In the initial stages of this disease, patients lose the ability to control their movements as their muscles begin to weaken.",在這種疾病的初期階段，患者會失去控制動作的能力，因為肌肉開始變弱。,,,,,,,,,,,,(adj.),,an initial stage/phase/period,first,,,,,,,,
高中,三民-B4-U2,,,,,norms,[nɔrmz],規範,Understanding social norms can prevent misunderstandings in friendships and interactions.,理解社會規範可以避免在友誼和互動中產生誤解。,,,,,,,,,,,,(n.),,social/cultural norms,,,,,,,,,
高中,三民-B4-U2,,,,,Ronni Abergel,[ˋrɔni ˋæbɚdʒɛl],羅尼‧艾柏格,"Ronni Abergel is known for his work in creating the ""Human Library"" concept, which promotes dialogue and understanding.",羅尼‧艾柏格以其創立「人類圖書館」概念而聞名，該概念旨在促進對話與理解。,,,,,,,,,,,,(n.),,,,,,,,,,,
高中,三民-B4-U2,,,,,empathy,[ˋɛmpəθɪ],同理心，同感,"Developing empathy helps us understand other people's feelings and perspectives, which is important for building strong relationships.",培養同理心有助於我們理解他人的感受和觀點，這對於建立良好關係很重要。,,,,,,,,,,,,(n.),,,,,,,,,,,
高中,三民-B4-U2,,,,,empathetic,[ɛmpəˋθɛtɪk],有同感的,A good friend is often empathetic and tries to understand your feelings and experiences.,一個好朋友通常很有同感，並試圖理解你的感受和經歷。,,,,,,,,,,,,(adj.),,,,,,,,,,,
高中,三民-B4-U2,,,,,Anders Fransen,[ˋændɚz ˋfrænsṇ],安德斯‧弗蘭森,Anders Fransen is a researcher who studies how people learn and develop new skills in different environments.,安德斯‧弗蘭森是一位研究人們如何在不同環境中學習和發展新技能的研究員。,,,,,,,,,,,,(n.),,,,,,,,,,,
高中,三民-B4-U2,,,,,Bryan Stevenson,[ˋbraɪən ˋstivənsṇ],布萊恩‧史蒂文森,Bryan Stevenson is a lawyer and social justice activist who works to help those unfairly treated by the legal system.,布萊恩‧史蒂文森是一位律師和社會正義活動家，致力於幫助那些受到法律體系不公平對待的人。,,,,,,,,,,,,(n.),,,,,,,,,,,
高中,三民-B4-U2,,,,,Mister Rogers,[ˋmɪstɚ ˋrɑdʒɚz],羅傑斯先生,Mister Rogers taught generations of children about kindness and understanding through his beloved television show.,羅傑斯先生透過他深受喜愛的電視節目，教導了幾代孩子關於善良和理解的道理。,,,,,,,,,,,,(n.),,,,,,,,,,,
高中,三民-B4-U2,,,,,walk of life,,各行各業,Learning about different careers helps us understand the various walks of life people choose.,了解不同的職業有助於我們理解人們選擇的各種人生道路。,,,,,,,,,,,,(phr.),,,,,,,,,,,
高中,三民-B4-U2,,,,,awaken someone to something,,使意識到，使領悟,Nathan’s speech on environmental issues aims to awaken people to the importance of conservation.,Nathan 關於環境議題的演講旨在使人們意識到保護環境的重要性。,,,,,,,,,,,,(phr.),,,,,,,,,,,
高中,三民-B4-U2,,,,,stand out,,顯眼，突出,Good grades and active participation in clubs can help you stand out when applying to college.,優異的成績和積極參與社團活動有助於你在申請大學時脫穎而出。,,,,,,,,,,,,(phr.),,,,,,,,,,,
高中,三民-B4-U3,,L3,B2,,bang,[bæŋ],(槍聲等突然的巨響) 砰,“Bang! Bang! Bang!”The sound of gunshots in the night made Donald feel terrified.,「砰！砰！砰！」夜裡的槍聲讓Donald感到害怕。,,,,,,,,,,,,(exc.),,,"strike, flush, charge, bolt",,,,,,,,
高中,三民-B4-U3,,L3,B2,,bang,[bæŋ],猛敲，重擊,"Someone banged loudly on Lisa’s door last night, but she was too afraid to answer it because she lived alone.",昨晚有人重重地敲了Lisa的門，但她因為獨自一人，太害怕而沒有開門。,,,,,,,,,,,,(v.),,bang on something,"strike, flush, charge, bolt",,,,,,,,
高中,三民-B4-U3,,L4,B2,,insult,[ˋɪnsʌlt],侮辱,"“Carrot” is Anne’s nickname at school because of her red hair, and she takes it as an insult.",「Carrot」是Anne在學校的綽號，因為她有紅色頭髮，而她把這個綽號當作侮辱。,,,,,,,,,,,,(n.),,take/regard . . . as an insult,abuse,,,,,,,,
高中,三民-B4-U3,,L4,B2,,insult,[ɪnˋsʌlt],侮辱,Jack got drunk at the party and started insulting people. He made some very mean remarks to his co-workers.,Jack在派對上喝醉後開始侮辱人。他對同事說了些非常刻薄的話。,,,,,,,,,,,,(v.),,,abuse,,,,,,,,
高中,三民-B4-U3,,L4,B2,,addict,[ˋædɪkt],上癮的人,Emily’s parents grew concerned when they discovered their daughter staying up all night playing online games. They worried that she had become a video game addict.,當Emily的父母發現她整晚熬夜玩線上遊戲時，他們開始感到憂慮。他們擔心她已經變成了遊戲成癮者。,,,,,,,,,,,,(n.),,,hook,,,,,,,,
高中,三民-B4-U3,,,,,addicted,[əˋdɪktɪd],上癮的，對…入迷的,Sophia drinks at least five cups of strong coffee every day. She seems to be addicted to caffeine.,Sophia每天至少喝五杯濃咖啡，她似乎對咖啡因上癮了。,,,,,,,,,,,,(adj.),,be addicted to something,,,,,,,,,
高中,三民-B4-U3,,L3,B2,,stare,[stɛr],盯著看，注視,"Sherry often sits quietly, staring into space, lost in her own thoughts.",Sherry經常靜靜地坐著，發呆陷入自己的思緒中。,,,,,,,,,,,,(v.),,stare into space,gaze,,,,,,,,
高中,三民-B4-U3,,L3,B2,,stare,[stɛr],凝視,"As the actor walked onto the stage, he was met with an intense stare from the audience.",當這位演員走上舞臺時，觀眾投以熱烈的注視。,,,,,,,,,,,,(n.),,,gaze,,,,,,,,
高中,三民-B4-U3,,L6,,,stride,[straɪd],闊步前行,Emma strode confidently onto the stage with her head held high and her shoulders back.,Emma 自信地走上舞臺，抬頭挺胸，步伐穩健。,,,,,,,,,,,,(v.),,,"pace, step, march",,,,,,,,
高中,三民-B4-U3,,L5,,,mentor,[ˋmɛntɚ],良師益友，心靈導師,Michael Jordan was not only a superstar in the NBA but a mentor to many young basketball players worldwide.,Michael Jordan不僅是NBA的超級巨星，還是全球許多年輕籃球員的心靈導師。,,,,,,,,,,,,(n.),v.過去式：mentored；過去分詞：mentored；現在分詞：mentoring | n.複數：mentors,,,,,,,,,,
高中,三民-B4-U3,,L3,B1,,zone,[zon],區域，地帶,"Bombs were dropped over the war zone day after day, causing thousands of deaths and widespread damage.",一天又一天，炸彈在戰區上空投下，造成數千人死亡和大規模的破壞。,,,,,,,,,,,,(n.),,a war zone,district,,,,,,,,
高中,三民-B4-U3,,L3,B1,,zone,[zon],劃為…區域,The local residents were happy to know that this piece of land had been zoned for a new community park.,當地居民得知這塊土地被規劃為新社區公園時，感到非常高興。,,,,,,,,,,,,(v.),,zone something (for something),district,,,,,,,,
高中,三民-B4-U3,,L6,,,locker,[ˋlɑkɚ],置物櫃,Isaac put his backpack and clothes in a locker before going swimming in the pool.,Isaac在去游泳池游泳之前，將背包和衣物放進了置物櫃。,,,,,,,,,,,,(n.),n.複數：lockers,,cabinet,,,,,,,,
高中,三民-B4-U3,,L3,C1,,toss,[tɔs],投擲，扔,Many tourists toss a coin into the water and make a wish when they visit the world-famous Trevi Fountain.,許多觀光客在參觀世界知名的特雷維噴泉時，會往水中投下一枚硬幣並許願。,,,,,,,,,,,,(v.),,toss something into/onto something,"pitch, pass, stir, discard",,,,,,,,
高中,三民-B4-U3,,L3,C1,,toss,[tɔs],投擲，扔,"Since neither of the brothers wanted to do the dishes, their mom suggested they decide on a toss of a coin.",由於兩兄弟都不想洗碗，他們的媽媽建議用擲硬幣來決定。,,,,,,,,,,,,(n.),,a toss of a coin,"pitch, pass, stir, discard",,,,,,,,
高中,三民-B4-U3,,L3,B2,,aside,[əˋsaɪd],往旁邊,The coach took Toby aside and privately warned him not to be late for practice again.,教練把Toby叫到一旁，私下警告他不要再遲到練習。,,,,,,,,,,,,(adv.),n.複數：asides,,"apart, by, away",,,,,,,,
高中,三民-B4-U3,,L3,B1,,breeze,[briz],微風,"Yvonne sat under a tree reading a book, with her hair blowing lightly in the breeze.",Yvonne 坐在樹下看書，微風輕輕吹拂著她的頭髮。,,,,,,,,,,,,(n.),,in the breeze,air,,freeze;sneeze,,,,,,
高中,三民-B4-U3,,L3,B1,,breeze,[briz],自信而輕鬆地行走,"As soon as the bell rang, our English teacher dismissed the class and breezed out of the classroom.",鐘聲一響，我們的英文老師便讓大家下課，輕鬆地走出教室。,,,,,,,,,,,,(v.),,breeze out/in/into somewhere,air,,freeze;sneeze,,,,,,
高中,三民-B4-U3,,L4,B2,,absolute,[ˋæbsə͵lut],絕對的，完全的,Vera’s parents have absolute confidence in her. They know she can take good care of herself when they are away.,Vera 的父母對她有絕對的信心。他們知道她在他們不在時可以好好照顧自己。,,,,,,,,,,,,(adj.),n.複數：absolutes,,"implicit, direct, complete, pure",relative,obsolete,,,,,,
高中,三民-B4-U3,,L5,B2,,chaos,[ˋkeɑs],混亂，亂成一團,"Because an accident involving many cars occurred during rush hour, the highway was in complete chaos.",因為在尖峰時刻發生了一起多車事故，公路陷入一片混亂。,,,,,,,,,,,,(n.),,in chaos,,,,,,,,,
高中,三民-B4-U3,,L5,C1,,rival,[ˋraɪvḷ],敵人，競爭者,"In the Olympic Games, athletes compete with outstanding rivals from around the world for medals.",在奧林匹克運動會中，運動員與來自世界各地的傑出對手爭奪獎牌。,,,,,,,,,,,,(n.),,,"touch, match, competition, competitor",,,,,,,,
高中,三民-B4-U3,,L5,C1,,rival,[ˋraɪvḷ],競爭的,"Despite fierce competition from a rival company, we have managed to increase our market share this year.",儘管面對來自競爭對手公司的激烈競爭，我們今年仍成功提高市場占有率。,,,,,,,,,,,,(adj.),,a rival company/team/firm,"touch, match, competition, competitor",,,,,,,,
高中,三民-B4-U3,,L5,C1,,rival,[ˋraɪvḷ],比得上，媲美,"Having traveled to more than thirty countries around the world, Andrew thinks nothing rivals the Grand Canyon for the beauty of scenery.",Andrew曾經走訪世界上三十多個國家，他認為沒有任何地方能比得上大峽谷的美麗景色。,,,,,,,,,,,,(v.),,rival . . . (for/in something),"touch, match, competition, competitor",,,,,,,,
高中,三民-B4-U3,,,,,assign,[əˋsaɪn],指派,The teacher assigned each student to research a different topic for their presentation.,老師指派每位學生研究不同的主題來做報告。,,,,,,,,,,,,(v.),v.過去式：assigned；過去分詞：assigned；現在分詞：assigning,assign someone to do something,,,,,,,,,
高中,三民-B4-U3,,,,,assignment,[əˋsaɪnmənt],(學業、工作方面的) 功課，任務,The student received a low grade on her assignment because she didn’t follow the instructions.,這位學生因為沒有遵照指示完成作業，得到了低分。,,,,,,,,,,,,(n.),,,,,,,,,,,
高中,三民-B4-U3,,L4,B1,,translate,[træns`let],轉化,"Instead of shouting calls, let’s take a moment to translate words into action.",與其大聲呼喊，不如花點時間將言語轉化為行動。,,,,,,,,,,,,(v.),v.過去式：translated；過去分詞：translated；現在分詞：translating,translate something (into something),"understand, transform, interpret, read",,,"trans- (across, beyond (跨越))",,,,,
高中,三民-B4-U3,,L4,B1,,translate,[træns`let],翻譯，譯作,The novel was written in English; now it has been translated into many languages.,這本小說是用英語寫的，現在已經被翻譯成多種語言。,,,,,,,,,,,,(v.),v.過去式：translated；過去分詞：translated；現在分詞：translating,translate something (from something) into something,"understand, transform, interpret, read",,,"trans- (across, beyond (跨越))",,,,,
高中,三民-B4-U3,,L4,B1,,translation,[træns`leʃən],翻譯,Nick is an American who is fascinated with Chinese literature. He has read the English translation of Journey to the West three times.,Nick是一位對中國文學著迷的美國人。他已經讀過三次《西遊記》的英譯本。,,,,,,,,,,,,(n.),n.複數：translations,,"transformation, version",,,,,,,,
高中,三民-B4-U3,,L5,C2,,trauma,[ˋtrɔmə],創傷,The trauma of the kitchen fire made Aunt Cathie afraid of cooking for years.,廚房火災的創傷讓Cathie阿姨多年來都不敢再煮飯。,,,,,,,,,,,,(n.),n.複數：traumata,,"hurt, harm, injury",,,,,,,,
高中,三民-B4-U3,,L3,C2,,mighty,[ˋmaɪtɪ],強大的,The sound of the mighty waterfall could be heard from miles away.,那道雄偉的瀑布聲音從數英里外就能聽見。,,,,,,,,,,,,(adj.),adj.比較級：mightier；最高級：mightiest,,"powerful, right",,,,,,,,
高中,三民-B4-U3,,L3,B2,,sword,[sord],劍,"According to legend, Arthur became king by pulling the magic sword from the stone.",根據傳說，亞瑟王是透過拔出石中的魔法劍成為國王的。,,,,,,,,,,,,(n.),n.複數：swords,,"brand, steel, blade",,,,,,,,
高中,三民-B4-U3,,L3,B2,,release,[rɪˋlis],釋放，允許…離開,"After the doctors were sure that the patient had fully recovered from her illness, she was released from the hospital.",在醫生確定病人已經完全康復後，她被准許出院。,,,,,,,,,,,,(v.),,release . . . from something,"free, issue, discharge, liberation","hold, block, freeze, confine",,,,,,,
高中,三民-B4-U3,,L3,B2,,release,[rɪˋlis],釋放，解脫,The man has turned over a new leaf since his release from prison last year.,這名男子自從去年出獄以來，已經洗心革面。,,,,,,,,,,,,(n.),,release from something,"free, issue, discharge, liberation","hold, block, freeze, confine",,,,,,,
高中,三民-B4-U3,,L4,C1,,hatred,[ˋhetrɪd],憎恨，厭惡,"Seeing the news about the war, Emily couldn’t help but feel hatred for the country that had attacked innocent citizens.",看到有關戰爭的新聞，Emily不禁對那個攻擊無辜市民的國家感到憤恨。,,,,,,,,,,,,(n.),n.複數：hatreds,hatred for/of . . .,hate,love,,,,,,,
高中,三民-B4-U3,,L4,B2,,aggressive,[əˋgrɛsɪv],攻擊性的，侵略性的,Bill’s dog is very aggressive and will bite strangers who come close to it.,Bill的狗非常具有攻擊性，會咬靠近牠的陌生人。,,,,,,,,,,,,(adj.),,,"ambitious, rough, hostile",,,,,"grad/gress (step, go (步伐、前進))",,,
高中,三民-B4-U3,,L4,,,blossom,[ˋblɑsəm],發展成,"After years of personal growth and self-discovery, Ella has blossomed into a very attractive woman.",經過多年來的自我成長和發現，Ella已成長為一位非常有魅力的女性。,,,,,,,,,,,,(v.),,blossom into . . .,"flush, prime, peak, unfold",,,,,,,,
高中,三民-B4-U3,,L4,,,blossom,[ˋblɑsəm],開花,"With proper care and attention, the garden began to blossom in the spring.",在適當的照料和關注下，花園在春天開始綻放。,,,,,,,,,,,,(v.),,,"flush, prime, peak, unfold",,,,,,,,
高中,三民-B4-U3,,L4,,,blossom,[ˋblɑsəm],花朵，花簇,"The scent of cherry blossoms filled the air, signaling the arrival of spring.",櫻花的香氣瀰漫在空氣中，預示著春天的到來。,,,,,,,,,,,,(n.),,,"flush, prime, peak, unfold",,,,,,,,
高中,三民-B4-U3,,L3,B2,,dare,[dɛr],膽敢，敢於,"Mr. Gibbon is a very strict teacher, so his students don’t dare to doze off during class.",Gibbon老師是一位非常嚴厲的教師，因此他的學生在上課時不敢打瞌睡。,,,,,,,,,,,,(v.),,dare (to) do something,defy,,,,,,,,
高中,三民-B4-U3,,,,,gunshot,[ˋgʌn͵ʃɑt],槍聲,The sudden sound of a gunshot in the distance made everyone in the quiet neighborhood feel very nervous.,遠處突然傳來的槍聲讓這個安靜社區裡的每個人都感到非常緊張。,,,,,,,,,,,,(n.),,,,,,,,,,,
高中,三民-B4-U3,,,,,voluntary integration,[ˋvɑlən͵tɛrɪ ˋɪntə͵greʃən],自願融合,The school encouraged voluntary integration by organizing activities where students from different backgrounds could interact.,學校透過組織讓不同背景學生互動的活動，鼓勵自願融合。,,,,,,,,,,,,(n.),,,,,,,,,,,
高中,三民-B4-U3,,L4,C1,,voluntary,[ˋvɑlən͵tɛrɪ],自願的,"Participating in the school's environmental cleanup project is completely voluntary, but many students still choose to join.",參與學校的環境清潔計畫是完全自願的，但許多學生仍然選擇加入。,,,,,,,,,,,,(adj.),n.複數：voluntaries,,"free, willing, volunteer",,,,,,,,
高中,三民-B4-U3,,,,,ace,[es],表現好,"If you study hard and prepare well for the exam, you will surely ace it and get a great score.",如果你努力學習並為考試做好充分準備，你一定會表現出色並取得好成績。,,,,,,,,,,,,(v.),,,,,,,,,,,
高中,三民-B4-U3,,,,,Shakespeare,[ˋʃek͵spɪr],莎士比亞著作,Many high school students find it challenging but rewarding to read and analyze Shakespeare's plays in English class.,許多高中生覺得在英文課閱讀和分析莎士比亞的戲劇既具挑戰性又很有收穫。,,,,,,,,,,,,(n.),,,,,,,,,,,
高中,三民-B4-U3,,,,,Pythagorean theorem,[pɪ͵θægəˋrɪən ˋθiərəm],畢氏定理,"We learned about the Pythagorean theorem in math class today, which helps us calculate the sides of a right triangle.",我們今天在數學課上學了畢氏定理，它幫助我們計算直角三角形的邊長。,,,,,,,,,,,,(n.),,,,,,,,,,,
高中,三民-B4-U3,,,,,empathize,[ˋɛmpə͵θaɪz],有同感，感同身受,It's important to empathize with people who are going through difficult times.,感同身受那些正在經歷困難時期的人是很重要的。,,,,,,,,,,,,(v.),,,,,,,,,,,
高中,三民-B4-U3,,,,,the Holocaust,[ðə ˋhɑlə͵kɔst],猶太人大屠殺,Learning about the Holocaust in history class helps us understand the importance of tolerance and human rights.,在歷史課上學習猶太人大屠殺有助於我們理解寬容和人權的重要性。,,,,,,,,,,,,(n.),,,,,,,,,,,
高中,三民-B4-U3,,,,,Anne Frank,[ˋæn ˋfræŋk],安妮‧法蘭克,Anne Frank's diary provides a powerful and moving personal account of life during World War II.,安妮‧法蘭克的日記提供了二戰期間生活一個強大而感人的個人記述。,,,,,,,,,,,,(n.),,,,,,,,,,,
高中,三民-B4-U3,,,,,good-for-nothing,[͵gᴜd fɔr ˋnʌθɪŋ],毫無價值的，一無是處的,Don't let anyone make you feel like you are good-for-nothing; everyone has unique talents and strengths.,不要讓任何人讓你覺得自己一無是處；每個人都有獨特的才能和優點。,,,,,,,,,,,,(adj.),,,,,,,,,,,
高中,三民-B4-U3,,,,,troublemaker,[ˋtrʌbḷ͵mekɚ],愛惹事生非的人,"My younger brother is often a troublemaker in class, always talking when the teacher is speaking.",我弟弟在班上常常是個愛惹事生非的人，老師講話時他總是在說話。,,,,,,,,,,,,(n.),,,,,,,,,,,
高中,三民-B4-U3,,,,,size . . . up,,評估…，判斷…,The firefighters sized up every inch of the scene in order to understand how the fire broke out.,消防員仔細檢查現場的每一個細節，以了解火災是如何發生的。,,,,,,,,,,,,(phr.),,,,,,,,,,,
高中,三民-B4-U3,,,,,in the air,,瀰漫著,"Although Valentine’s Day is still a week away, Susanna already feels that love is in the air.",雖然情人節還有一週的時間，Susanna已經感覺到愛的氛圍在空氣中瀰漫。,,,,,,,,,,,,(phr.),,,,,,,,,,,
高中,三民-B4-U3,,,,,collect/gather dust,,閒置不用,"Since my sister got married and moved out, her piano has been collecting dust in our living room.",自從我妹妹結婚搬走後，她的鋼琴就一直在我們家的客廳裡積灰塵。,,,,,,,,,,,,(phr.),,,,,,,,,,,
高中,三民-B4-U3,,,,,the survival of the fittest,,適者生存,"The concept of the survival of the fittest applies not only to wild animals but also to the competitive world of professional sports, where only the top athletes succeed.",適者生存的概念不僅適用於野生動物，也適用於競爭激烈的職業運動世界，只有頂尖的運動員才能成功。,,,,,,,,,,,,(phr.),,,,,,,,,,,
高中,三民-B4-U3,,,,,end up,,最後成為,"We wanted to surprise Mom with a homemade cake, but it ended up being a disaster, and the kitchen was a total mess.",我們想自製蛋糕給媽媽一個驚喜，但結果卻是一場災難，廚房也變得一團亂。,,,,,,,,,,,,(phr.),,,,,,,,,,,
高中,三民-B4-U4,,L5,B2,,virtual,[`vɝtʃᴜəl],虛擬的,The online community provided a virtual space for people with similar interests to connect.,網路社群為擁有相似興趣的人提供了一個虛擬空間來互相連結。,,,,,,,,,,,,(adj.),,,practical,,,,,,,,
高中,三民-B4-U4,,,,,entertainer,[ˏɛntɚ`tenɚ],表演者，藝人,"The theme park hired a diverse group of entertainers, including street performers, character actors, and magicians.",主題樂園聘請了一群多元化的表演者，包括街頭藝人、角色演員和魔術師。,,,,,,,,,,,,(n.),,,,,,,,,,,
高中,三民-B4-U4,,,,,entertain,[ˏɛntɚ`ten],娛樂,The museum exhibit entertained the children with interactive displays about dinosaurs.,博物館的展覽透過互動式的恐龍展吸引了孩子們。,,,,,,,,,,,,(v.),v.過去式：entertained；過去分詞：entertained；現在分詞：entertaining,entertain someone with something,,,,,,,,,
高中,三民-B4-U4,,,,,entertainment,[ˏɛntɚ`tenmənt],娛樂,"Amy organized a variety of entertainment activities for the party, including games and music.",Amy為派對策劃了各種娛樂活動，包括遊戲和音樂。,,,,,,,,,,,,(n.),,,,,,,,,,,
高中,三民-B4-U4,,L5,,,utilize,[ˋjutḷˏaɪz],應用，利用,Social media influencers often utilize hashtags to increase the visibility of their content.,社群媒體影響者常常使用標籤來提高他們內容的曝光度。,,,,,,,,,,,,(v.),v.過去式：utilized；過去分詞：utilized；現在分詞：utilizing,,"apply, use, implement",,,,,,,,
高中,三民-B4-U4,,L4,B1,,content,[ˋkɑntɛnt],內容,"The content of the graduation speech deeply moved the students, encouraging them to take positive action in their future.",畢業演講的內容深深感動了學生，鼓勵他們在未來採取積極的行動。,,,,,,,,,,,,(n.),,,"subject, substance, happy, capacity",,,,,,,,
高中,三民-B4-U4,,,,,contents,[ˋkɑntɛnts],內容物,Tony carefully examined the contents of the box before packing it and sending it off to his client.,Tony 在打包並寄送給客戶之前，仔細檢查箱子裡的內容物。,,,,,,,,,,,,(n.),,,,,,,,,,,
高中,三民-B4-U4,,L5,B2,,viewer,[`vjuɚ],觀眾,The director thanked the viewers for their continued support over the years.,導演感謝觀眾多年來的持續支持。,,,,,,,,,,,,(n.),n.複數：viewers,,"spectator, witness",,,,,,,,
高中,三民-B4-U4,,L6,C1,,notable,[`notəbḷ],顯著的，值得注意的,The historical event marked a notable turning point in the country’s development.,這個歷史事件標誌著該國發展中的一個關鍵時刻。,,,,,,,,,,,,(adj.),,,"renowned, famous, worthy",,,,,,,,
高中,三民-B4-U4,,L4,B2,,popularity,[ˏpɑpjə`lærətɪ],流行,Social media influencers often use hashtags to help their posts grow in popularity.,社交媒體網紅經常使用標籤來幫助他們的貼文增加人氣。,,,,,,,,,,,,(n.),,gain/grow/increase in popularity,,,,,,,,,
高中,三民-B4-U4,,L3,A2,,adventure,[ədˋvɛntʃɚ],冒險,The children excitedly gathered food and water for a little adventure in the forest behind the village where they lived.,孩子們興奮地收集食物和水，準備去他們所居住的村莊後面的森林展開一場小冒險。,,,,,,,,,,,,(n.),v.過去式：adventured；過去分詞：adventured；現在分詞：adventuring | n.複數：adventures,,"venture, chance, stake, gamble",,,,,,,,
高中,三民-B4-U4,,,,,frequently,[ˋfrikwəntlɪ],常常地，頻繁地,"The travel guide contains many frequently used English expressions, which can be helpful when you travel abroad.",這本旅遊指南包含了許多常用的英語表達，對於出國旅行時非常有幫助。,,,,,,,,,,,,(adv.),,,,,,,,,,,
高中,三民-B4-U4,,L3,B1,,frequent,[ˋfrikwənt],常常的，頻繁的,Wilbert is a frequent visitor to the museum. He goes there at least twice a month.,Wilbert是博物館的常客，他每個月至少去那裡兩次。,,,,,,,,,,,,(adj.),,,"common, steady, regular, sponsor",boycott,,,,,,,
高中,三民-B4-U4,,L4,,,frequency,[ˋfrikwənsɪ],頻率,The doctor inquired about the frequency of my headaches to determine the cause.,醫生詢問了我頭痛的頻率，以便確定病因。,,,,,,,,,,,,(n.),n.複數：frequencies,frequency of something,,,,,,,,,
高中,三民-B4-U4,,L3,B2,,constant,[ˋkɑnstənt],持續不斷的，經常發生的,"Whenever I go on a business trip overseas, I keep in constant contact with my family.",每次出國出差時，我都會與家人保持密切聯繫。,,,,,,,,,,,,(adj.),,,"true, steady, continual, continuous",,,,,,,,
高中,三民-B4-U4,,,,,subscriber,[səb`skraɪbɚ],訂閱者,I am a subscriber to a monthly book club that sends me new reads every month.,我訂閱了一個每月書籍俱樂部，每個月會寄給我新的書籍。,,,,,,,,,,,,(n.),,a subscriber to something,,,,,,,,,
高中,三民-B4-U4,,L6,,,subscribe,[səb`skraɪb],訂閱,John decided to subscribe to an online fitness program to help him stay motivated and active.,John決定訂閱一個線上健身計畫，以幫助他保持動力和活力。,,,,,,,,,,,,(v.),v.過去式：subscribed；過去分詞：subscribed；現在分詞：subscribing,subscribe to something,"support, take, stand, sign",,,,,,,,
高中,三民-B4-U4,,L5,C1,,debut,[`debju],首次亮相,"The brand debuted a new marketing campaign, aiming to capture the attention of their target audience.",這個品牌推出全新的行銷活動，目的是吸引目標觀眾的注意。,,,,,,,,,,,,(v.),,,"entry, introduction",,,,,,,,
高中,三民-B4-U4,,L5,C1,,debut,[`debju],首演,The talented singer made her debut on the popular talent show and became a superstar overnight.,這位才華橫溢的歌手在熱門的選秀節目中首度亮相，並一夜成為超級巨星。,,,,,,,,,,,,(n.),n.複數：debuts,make one’s debut,"entry, introduction",,,,,,,,
高中,三民-B4-U4,,L4,B2,,dynamic,[daɪˋnæmɪk],不斷變化的，不斷發展的,The dynamic nature of technology requires us to adapt to rapid development.,科技的動態特性要求我們適應快速發展。,,,,,,,,,,,,(adj.),,,active,,,,,,,,
高中,三民-B4-U4,,L4,B2,,dynamic,[daɪˋnæmɪk],精力充沛的,"Sally is always dynamic and full of brilliant ideas, which makes her an ideal leader.",Sally 總是充滿活力且擁有絕妙的點子，這使她成為理想的領袖。,,,,,,,,,,,,(adj.),,,active,,,,,,,,
高中,三民-B4-U4,,L4,B2,,bond,[bɑnd],連結，關係,Victor and Samuel have been close friends since they were in kindergarten. There is a solid bond between them.,Victor和Samuel從幼稚園開始就成為摯友，彼此間有著深厚的友誼。,,,,,,,,,,,,(n.),,a bond between . . .,"bind, stick, hamper, tie",,,,,,,,
高中,三民-B4-U4,,L4,B2,,bond,[bɑnd],使黏合，結合,"By using glue, Paul bonded the broken piece back to the plate.",Paul用膠水將破碎的部分黏回盤子上。,,,,,,,,,,,,(v.),,bond something to something,"bind, stick, hamper, tie",,,,,,,,
高中,三民-B4-U4,,L4,B1,,comment,[ˋkɑmɛnt],評論，意見,"In this online learning program, viewers can leave comments below to share their thoughts with others.",在這個線上學習平臺上，觀眾可以在下面留言與他人分享自己的想法。,,,,,,,,,,,,(n.),,leave/make/have a comment,"remark, commentary, notice, gossip",,,,,,,,
高中,三民-B4-U4,,L4,B1,,comment,[ˋkɑmɛnt],評論，表達意見,"Yesterday, Penny’s parents kept commenting on her clothes, thinking they weren’t suitable for a job interview.",昨天，Penny的父母不停評論她的衣服，認為這些衣服不適合面試。,,,,,,,,,,,,(v.),,comment on something,"remark, commentary, notice, gossip",,,,,,,,
高中,三民-B4-U4,,L3,A2,,chat,[tʃæt],閒聊，聊天,"Tom and Sheldon haven’t seen each other for a year, so they have planned to meet at a restaurant on the weekend to have a long chat.",Tom 和 Sheldon 已經一年沒見面了，所以他們計畫週末在餐廳見面，聊聊近況。,,,,,,,,,,,,(n.),,have a chat,"visit, jaw, gossip",,,,,,,,
高中,三民-B4-U4,,L3,A2,,chat,[tʃæt],閒聊，聊天,"Every evening, Andrew enjoys chatting with his sister to share his stories of the day.",每晚 Andrew 都喜歡和他的妹妹聊天，分享他一天的故事。,,,,,,,,,,,,(v.),,chat with/to someone (about . . . ),"visit, jaw, gossip",,,,,,,,
高中,三民-B4-U4,,,,,companionship,[kəmˋpænjənˏʃɪp],陪伴，情誼,"Studying in the UK by myself, I missed the companionship of my friends in my hometown.",在英國獨自讀書時，我很想念家鄉朋友的陪伴。,,,,,,,,,,,,(n.),,,,,,,,,,,
高中,三民-B4-U4,,L4,B2,,companion,[kəmˋpænjən],同伴，夥伴,A good traveling companion makes long journeys more enjoyable and memorable.,一位好的旅伴能讓長途旅行變得更加愉快且難忘。,,,,,,,,,,,,(n.),n.複數：companions,,"familiar, fellow, comrade, accompany",,,,,,,,
高中,三民-B4-U4,,L4,B2,,loyal,[ˋlɔɪəl],忠實的，忠誠的,Allie has been a loyal worker. She has been in this company for almost 30 years.,Allie 是一位忠誠的員工，她在這家公司工作已經將近 30 年了。,,,,,,,,,,,,(adj.),,,"true, firm, constant, fast",,,,,,,,
高中,三民-B4-U4,,L4,B2,,loyalty,[ˋlɔɪəltɪ],忠誠，忠實,The knights swore their loyalty to the king.,騎士們向國王宣誓效忠。,,,,,,,,,,,,(n.),n.複數：loyalties,loyalty to/toward . . .,"commitment, dedication",,,,,,,,
高中,三民-B4-U4,,,,,accessibility,[ækˏsɛsə`bɪlətɪ],易得到，易觸及,Online education provides greater accessibility to learning resources for students around the world.,線上教育為全球學生提供了更多學習資源的可及性。,,,,,,,,,,,,(n.),,accessibility to something,,,,,,,,,
高中,三民-B4-U4,,L5,B2,,accessible,[æk`sɛsəbḷ],可接近的，可得到的,The public transportation system should be accessible to commuters with disabilities.,公共交通系統應該為身有殘疾的通勤者提供無障礙服務。,,,,,,,,,,,,(adj.),,be accessible to someone,"convenient, available, handy",,,,,,,,
高中,三民-B4-U4,,L5,B1,,visa,[ˋvizə],簽證,"To study abroad next year, Penny has been applying for a student visa.",為了明年出國留學，Penny 一直在申請學生簽證。,,,,,,,,,,,,(n.),v.過去式：visaed；過去分詞：visaed；現在分詞：visaing | n.複數：visas,a student/work/tourist visa,,,,,,,,,
高中,三民-B4-U4,,,,,notification,[͵notəfəˋkeʃən],通知 (訊息),"Once James received the notification from the shopping website, he ran to the convenience store to pick up his package.",一收到購物網站的通知，James 馬上跑到便利商店領取包裹。,,,,,,,,,,,,(n.),,,,,,,,,,,
高中,三民-B4-U4,,,,,notification,[͵notəfəˋkeʃən],(正式) 通知，告示,"Before any major events, this elementary school will send notifications to both students and their parents.",在任何重大活動之前，這所小學會發送通知給學生和家長。,,,,,,,,,,,,(n.),,,,,,,,,,,
高中,三民-B4-U4,,L5,C1,,notify,[ˋnotə͵faɪ],(正式) 告知,"When Kent was notified that he got the job at the company, he danced around happily and then told all his friends.",當 Kent 收到通知說他獲得公司的工作後，他高興地手舞足蹈，然後告訴所有的朋友。,,,,,,,,,,,,(v.),v.過去式：notified；過去分詞：notified；現在分詞：notifying,,advise,,,,-ify (to make; cause (使…化；使成…)),,,,
高中,三民-B4-U4,,L3,B2,,signal,[ˋsɪgnḷ],示意,"The traffic policeman stood at the busy intersection, raising his arm to signal drivers to stop.",交通警察站在繁忙的路口，舉起手臂示意駕駛人停車。,,,,,,,,,,,,(v.),,signal someone to do something,"indicate, impressive, point, sign",,,,,,,,
高中,三民-B4-U4,,L3,B2,,signal,[ˋsɪgnḷ],信號,"The student’s presentation was too long, so the professor gave a signal hinting that he should finish it quickly.",學生的報告時間太長，因此教授給個暗示，示意他應盡快結束。,,,,,,,,,,,,(n.),,give/receive a signal,"indicate, impressive, point, sign",,,,,,,,
高中,三民-B4-U4,,L3,B1,,lively,[ˋlaɪvlɪ],熱烈的,"In the debate course today, two parties had a lively debate about whether students should wear uniforms or not.",今天的辯論課上，雙方就學生是否應該穿制服進行激烈的辯論。,,,,,,,,,,,,(adj.),adj.比較級：livelier；最高級：liveliest,,"warm, active, energetic, live",dull,,,,,,,
高中,三民-B4-U4,,L3,B1,,lively,[ˋlaɪvlɪ],活潑的，精力充沛的,The lively boys kept running around in the playground without ever stopping to take a rest.,那群活潑的男孩在操場上不停地跑來跑去，從不停下來休息。,,,,,,,,,,,,(adj.),adj.比較級：livelier；最高級：liveliest,,"warm, active, energetic, live",dull,,,,,,,
高中,三民-B4-U4,,L6,,,span,[spæn],跨越 (區域),"The Great Wall of China spans various landscapes, including mountains and deserts.",長城跨越各種地形，包括山脈和沙漠。,,,,,,,,,,,,(v.),,,"bridge, sweep, cross, brace",,,,,,,,
高中,三民-B4-U4,,L6,,,span,[spæn],跨越 (時間),The Chinese New Year Holidays span a week. Many people go back home to reunite with family members they haven’t seen all year.,農曆新年假期長達一週，許多人會回家與一年來未見的家人團聚。,,,,,,,,,,,,(v.),,,"bridge, sweep, cross, brace",,,,,,,,
高中,三民-B4-U4,,L6,,,span,[spæn],一段時間,"Over the span of two decades, Jessica grew from a little girl to a beautiful lady.",在二十年的時間裡，Jessica 從小女孩成長為美麗的女子。,,,,,,,,,,,,(n.),,over/within/in a span of something,"bridge, sweep, cross, brace",,,,,,,,
高中,三民-B4-U4,,L5,,,ecosystem,[ˋikosɪstəm],生態系統,There are many creatures and plants living healthily in this pond. Human beings should not break this ecosystem.,這個池塘裡有許多生物和植物健康地生長。人類不應破壞這個生態系統。,,,,,,,,,,,,(n.),n.複數：ecosystems,,,,system,,,,,,
高中,三民-B4-U4,,,,,wonderland,[ˋwʌndɚ͵lænd],,The amusement park felt like a true wonderland with all its colorful rides and exciting shows.,這座遊樂園有著繽紛的遊樂設施和精彩的表演，感覺就像一個真正的仙境。,,,,,,,,,,,,(n.),,,,,,,,,,,
高中,三民-B4-U4,,,,,Vtuber,[ˋvi͵tjubɚ],,Many teenagers enjoy watching a Vtuber who uses an animated avatar to interact with their audience online.,許多青少年喜歡觀看虛擬YouTuber，他們使用動畫虛擬形象在線上與觀眾互動。,,,,,,,,,,,,(n.),,,,,,,,,,,
高中,三民-B4-U4,,,,,YouTuber,[ˋjutjubɚ],,My dream is to become a successful YouTuber and share my travel experiences with people around the world.,我的夢想是成為一名成功的YouTuber，並與世界各地的人分享我的旅行經驗。,,,,,,,,,,,,(n.),,,,,,,,,,,
高中,三民-B4-U4,,,,,avatar,[ˋævətɑr],,"In many online games, players can customize their avatar to look exactly how they want it to be.",在許多線上遊戲中，玩家可以自訂他們的虛擬形象，讓它看起來完全符合他們想要的樣子。,,,,,,,,,,,,(n.),,,,,,,,,,,
高中,三民-B4-U4,,,,,Kizuna AI,[ˋkizunɑ ˋaɪ],,"Kizuna AI is considered one of the pioneers in the world of virtual YouTubers, gaining massive popularity worldwide.",絆愛被認為是虛擬YouTuber世界的先驅之一，在全球範圍內獲得了巨大的人氣。,,,,,,,,,,,,(n.),,,,,,,,,,,
高中,三民-B4-U4,,,,,captivating,[ˋkæptəˏvetɪŋ],,The magician's performance was so captivating that the audience couldn't take their eyes off the stage.,魔術師的表演如此引人入勝，讓觀眾的目光無法從舞台上移開。,,,,,,,,,,,,(adj.),,,,,,,,,,,
高中,三民-B4-U4,,,,,anime,[ˋænə͵meɪ],,Many students enjoy watching anime series after school because of their unique art style and interesting stories.,許多學生放學後喜歡看動漫系列，因為它們獨特的藝術風格和有趣的故事。,,,,,,,,,,,,(n.),,,,,,,,,,,
高中,三民-B4-U4,,,,,Vox Akuma,[ˋvɑks ˋɑkᴜmɑ],,Vox Akuma is a popular male Vtuber known for his deep voice and engaging personality during live streams.,Vox Akuma 是一位受歡迎的男性虛擬YouTuber，以其低沉的嗓音和在直播中引人入勝的個性而聞名。,,,,,,,,,,,,(n.),,,,,,,,,,,
高中,三民-B4-U4,,,,,demon,[ˋdimən],,"In many ancient legends, a powerful demon often tries to trick humans into doing bad things.",在許多古老的傳說中，強大的惡魔經常試圖誘騙人類去做壞事。,,,,,,,,,,,,(n.),,,,,,,,,,,
高中,三民-B4-U4,,,,,live stream,[ˋlaɪv ͵strim],,My favorite gamer hosts a live stream every Friday night where he plays new video games and chats with fans.,我最喜歡的遊戲玩家每週五晚上都會進行直播，玩新的電玩遊戲並與粉絲聊天。,,,,,,,,,,,,(n.),,,,,,,,,,,
高中,三民-B4-U4,,,,,hang out,,(與…)消磨時間，閒晃,"After working a whole day, Zack likes to hang out with his friends to relax for a while.",工作一整天後，Zack 喜歡和朋友們出去放鬆一下。,,,,,,,,,,,,(phr.),,,,,,,,,,,
高中,三民-B4-U4,,,,,in person,,親自，本人,"Since Elsa was informed that she had won the chance to meet her favorite author in person, she has been looking forward to it every day.",自從 Elsa 得知她贏得與最喜愛的作家見面的機會後，她每天都在期待著這個時刻。,,,,,,,,,,,,(phr.),,,,,,,,,,,
高中,三民-B4-U5,,L4,B2,,nuclear,[ˋnjuklɪɚ],核子武器的,Nuclear weapons are so powerful that they could even lead to the end of civilization.,核子武器的威力是如此強大，它甚至可能導致文明的終結。,,,,,,,,,,,,(adj.),,a nuclear weapon,"atomic, central",conventional,,,,,,,
高中,三民-B4-U5,,L4,B2,,nuclear,[ˋnjuklɪɚ],核能的,"While nuclear energy is one of the sources of electricity, other sources like solar and wind power are preferred because they are more environmentally friendly.",雖然核能是電力來源之一，太陽能和風能等其他能源更受青睞，因為它們更加環境友善。,,,,,,,,,,,,(adj.),,nuclear energy,"atomic, central",conventional,,,,,,,
高中,三民-B4-U5,,L4,C1,,genius,[ˋdʒinjəs],(pl. geniuses) 天才,The child established a reputation as a musical genius after playing the piano perfectly at a concert.,這個孩子在音樂會上完美演奏鋼琴後，建立了音樂天才的名聲。,,,,,,,,,,,,(n.),n.複數：geniuses,a musical/comic/mathematical genius,"sensation, brain, star",,,,,,,,
高中,三民-B4-U5,,L4,C1,,genius,[ˋdʒinjəs],天賦，才華,"Mozart started showing unusual musical talent at a very young age, and many of his compositions were seen as works of genius.",莫札特在年幼時就展現出非凡的音樂天賦，許多他的作品被視為天才之作。,,,,,,,,,,,,(n.),n.複數：geniuses,a work/writer/man of genius,"sensation, brain, star",,,,,,,,
高中,三民-B4-U5,,L4,B2,,atomic,[əˋtɑmɪk],原子 (能) 的,"In terms of efficiency, an atomic power plant is better than other sources of electricity generation.",就效率而言，原子能發電廠比其他發電方式更好。,,,,,,,,,,,,(adj.),,atomic power/energy,"small, minute, nuclear",conventional,,,,,,,
高中,三民-B4-U5,,L4,B2,,atom,[ˋætəm],原子,"In this science project, the teacher asked students to study the behavior of an oxygen atom in different chemical reactions.",在這個科學專題中，老師要求學生研究氧原子在不同化學反應中的行為。,,,,,,,,,,,,(n.),n.複數：atoms,,"particle, molecule",,,,,,,,
高中,三民-B4-U5,,L3,B1,,bomb,[bɑm],炸彈,"While filming this movie, the director demanded that safety experts be on set to make sure the actors didn’t get hurt when the bomb went off.",在拍攝這部電影時，導演要求安全專家到場，以確保爆破時演員不會受傷。,,,,,,,,,,,,(n.),,a bomb goes off/explodes,"fail, flunk","pass, nail",,,,,,,
高中,三民-B4-U5,,L3,B1,,bomb,[bɑm],轟炸,"According to the news report, a suspect was arrested for threatening to bomb a train station.",根據新聞報導，一名嫌疑犯因威脅要炸毀火車站而被逮捕。,,,,,,,,,,,,(v.),,,"fail, flunk","pass, nail",,,,,,,
高中,三民-B4-U5,,L4,B2,,invasion,[ɪnˋveʒən],入侵，侵略,The invasion of the country caused widespread panic among the citizens.,該國的入侵在民眾之間引起了廣泛的恐慌。,,,,,,,,,,,,(n.),n.複數：invasions,,,,,,,,,,
高中,三民-B4-U5,,L4,B2,,invade,[ɪn`ved],入侵，侵略,Historical records show how the Roman Empire sought to invade countries across Europe.,歷史記載顯示羅馬帝國如何試圖入侵其歐洲各國。,,,,,,,,,,,,(v.),v.過去式：invaded；過去分詞：invaded；現在分詞：invading,,occupy,,,,,,,,
高中,三民-B4-U5,,L3,B2,,horror,[ˋhɔrɚ],令人驚恐的事,"After reading about the horrors of war, Elsa had deep sympathy for those affected by the conflict.",閱讀了關於戰爭的恐怖後，Elsa對受衝突影響的人們深感同情。,,,,,,,,,,,,(n.),n.複數：horrors,,,,,,,,,,
高中,三民-B4-U5,,L3,B2,,horror,[ˋhɔrɚ],恐懼，震驚,The horror of the accident left the witnesses speechless.,這場事故的恐怖讓目擊者驚恐地啞口無言。,,,,,,,,,,,,(n.),n.複數：horrors,,,,,,,,,,
高中,三民-B4-U5,,L5,A2,,document,[ˋdɑkjəmənt],記錄，記載,This book focuses on nineteenth-century British history and documents the lives of people living in Britain at that time.,這本書聚焦於十九世紀的英國歷史，記錄當時英國人民的生活。,,,,,,,,,,,,(v.),,,,,,,,,,,
高中,三民-B4-U5,,L5,A2,,document,[ˋdɑkjəmənt],文件，公文,"The identity card serves as an official document that records a person’s information, including the name and date of birth.",身分證作為正式文件，記載個人資訊，包括姓名和出生日期。,,,,,,,,,,,,(n.),,a(n) official/legal document,,,,,,,,,
高中,三民-B4-U5,,L3,B1,,invent,[ɪnˋvɛnt],發明，創造,"Before airplanes were invented, traveling great distances was difficult and time-consuming.",在飛機發明之前，長途旅行既困難又耗時。,,,,,,,,,,,,(v.),v.過去式：invented；過去分詞：invented；現在分詞：inventing,,"devise, forge, formulate, manufacture",,,,,,,,
高中,三民-B4-U5,,L4,B1,,invention,[ɪnˋvɛnʃən],發明,The invention of smartphones has made a huge impact on how modern people live their lives.,智慧型手機的發明對現代人的生活方式產生了巨大的影響。,,,,,,,,,,,,(n.),n.複數：inventions,,"conception, innovation, design",,,,-tion (state or action (狀態或行動)),,,,
高中,三民-B4-U5,,L4,B1,,invention,[ɪnˋvɛntɚ],發明物,"Since the Internet has changed the way people communicate, it is considered to be a great invention.",由於網際網路改變人們溝通的方式，它被認為是一項偉大的發明。,,,,,,,,,,,,(n.),n.複數：inventions,,"conception, innovation, design",,,,-tion (state or action (狀態或行動)),,,,
高中,三民-B4-U5,,L3,B2,,inventor,[ɪnˋvɛntɚ],發明家,Steve Jobs was an inventor of devices that completely changed how we communicate and listen to music.,史蒂夫．賈伯斯是改變我們溝通和聆聽音樂方式的裝置發明者。,,,,,,,,,,,,(n.),n.複數：inventors,an inventor of something,,,,,-er / -or (one who/that does (做某事的人／物)),,,,
高中,三民-B4-U5,,L3,B2,,weapon,[ˋwɛpən],武器,The guards protecting the president of the country are well-trained and armed with weapons.,保護該國總統的警衛受過良好的訓練，並且配備武器。,,,,,,,,,,,,(n.),n.複數：weapons,,arm,,,,,,,,
高中,三民-B4-U5,,L4,B2,,tension,[`tɛnʃən],(精神上的) 緊張，焦慮,The tension in the classroom was high before the important exam.,在重要考試前，教室裡的緊張氣氛高漲。,,,,,,,,,,,,(n.),v.過去式：tensioned；過去分詞：tensioned；現在分詞：tensioning | n.複數：tensions,,stress,,,,-sion (state or action (狀態或行動)),"ten/tend (stretch, hold (伸展、持有))",,,
高中,三民-B4-U5,,L4,B1,,tense,[tɛns],緊張的,The atmosphere was tense during the final minutes of the soccer game.,在足球賽的最後幾分鐘，氣氛十分緊張。,,,,,,,,,,,,(adj.),,,"strain, tight, nervous, electric",relax,,,,,,,
高中,三民-B4-U5,,,,,wrestle,[ˋrɛsḷ],艱難對付,"Despite John’s fatigue, he continued to wrestle with the complex math problem until he found a solution.",儘管John感到疲憊，他仍繼續解決複雜的數學問題，直到他找到答案。,,,,,,,,,,,,(v.),,wrestle with something,,,,,,,,,
高中,三民-B4-U5,,,,,stunning,[ˋstʌnɪŋ],極迷人的,"The view from the top of the mountain was stunning, and many visitors were fascinated by it.",山頂的景色令人驚嘆，許多遊客都為之著迷。,,,,,,,,,,,,(adj.),,,,,,,,,,,
高中,三民-B4-U5,,L6,,,stun,[stʌn],使震驚,The magician’s final trick stunned the entire audience.,魔術師的最後一個把戲讓全場觀眾驚訝不已。,,,,,,,,,,,,(v.),v.過去式：stunned；過去分詞：stunned；現在分詞：stunning,,"shock, floor",,,,,,,,
高中,三民-B4-U5,,L4,,,audio,[ˋɔdɪ͵o],聲音的,"This communication app allows users to leave an audio message, which is very convenient, especially for visually impaired people.",這款通訊應用程式允許用戶留下語音訊息，這非常方便，尤其對視障人士來說。,,,,,,,,,,,,(adj.),,an audio message/recording/file/clip,sound,,,,,aud (to hear (聽)),,,
高中,三民-B4-U5,,L3,B2,,capture,[ˋkæptʃɚ],拍攝，錄製,"As a wedding photographer, Niki’s job is to capture the important moments for each couple at their wedding.",身為一位婚禮攝影師，Niki的工作是為每對新人的婚禮捕捉重要時刻。,,,,,,,,,,,,(v.),,,"charm, seize, entrance, get",,,,,"cap/cept (take, hold (拿、持有))",,,
高中,三民-B4-U5,,L3,B2,,capture,[ˋkæptʃɚ],擄獲，捕獲,"The prisoner was quickly captured after escaping from jail, which was a relief for the local people.",這名囚犯在逃獄後迅速被捕，這讓當地居民鬆了一口氣。,,,,,,,,,,,,(v.),,,"charm, seize, entrance, get",,,,,"cap/cept (take, hold (拿、持有))",,,
高中,三民-B4-U5,,L3,B2,,capture,[ˋkæptʃɚ],逮捕，抓住,"To escape capture, the thief had plastic surgery to change his appearance.",為了逃避抓捕，該名竊賊整形以改變自己的外貌。,,,,,,,,,,,,(n.),,,"charm, seize, entrance, get",,,,,"cap/cept (take, hold (拿、持有))",,,
高中,三民-B4-U5,,L6,C1,,subjective,[səbˋdʒɛktɪv],主觀的,"The debate over the best pizza topping often boils down to subjective opinions, with each person championing their favorites.",有關最佳披薩配料的辯論往往歸結於主觀意見，每個人都會推崇自己最喜愛的配料。,,,,,,,,,,,,(adj.),,subjective opinion/experience,personal,objective,,,,,,,
高中,三民-B4-U5,,L5,C2,,ethical,[ˋɛθɪkḷ],有關道德的，倫理的,"The use of animals in experiments is an ethical issue, and there is a growing trend against it.",在實驗中使用動物是一個倫理問題，反對這種做法的趨勢逐漸增加。,,,,,,,,,,,,(adj.),,an ethical issue/question,"right, moral, honorable",,,,,,,,
高中,三民-B4-U5,,L4,C2,,portray,[por`tre],描寫,The film portrays a brave and selfless hero fighting against evil.,這部電影描繪一位勇敢且無私的英雄，與邪惡勢力對抗。,,,,,,,,,,,,(v.),v.過去式：portrayed；過去分詞：portrayed；現在分詞：portraying,,"present, depict",,,,,,,,
高中,三民-B4-U5,,L4,B2,,explosion,[ɪkˋsploʒən],爆炸,"Although the explosion took place miles away, everyone was shocked by how loud it was.",儘管爆炸發生在幾英里外，每個人都對它的巨大聲響感到震驚。,,,,,,,,,,,,(n.),n.複數：explosions,,burst,,,,,,,,
高中,三民-B4-U5,,L4,C2,,explosive,[ɪkˋsplosɪv],易爆炸的,The fireworks display featured several explosive bursts that lit up the night sky.,煙火表演中有幾次爆炸性的綻放，照亮了夜空。,,,,,,,,,,,,(adj.),,an explosive burst,sudden,,,,,,,,
高中,三民-B4-U5,,L3,B1,,explode,[ɪkˋsplod],(使) 爆炸,The chef warned that the pressure cooker could explode if not used correctly.,廚師警告，如果壓力鍋使用不當可能會爆炸。,,,,,,,,,,,,(v.),v.過去式：exploded；過去分詞：exploded；現在分詞：exploding,,burst,,,,,,,,
高中,三民-B4-U5,,L3,C1,,quote,[kwot],引用,David liked to quote a line from famous philosophers in his speeches.,David喜歡在他的演講中引用著名哲學家的名言。,,,,,,,,,,,,(v.),,quote something from . . .,"cite, quotation",,,,,,,,
高中,三民-B4-U5,,L3,C1,,quote,[kwot],引文,"“You must be the change you wish to see in the world,” is one of Gandhi’s most famous quotes.",「你必須成為你希望看到的改變」，是甘地最著名的名言之一。,,,,,,,,,,,,(n.),,,"cite, quotation",,,,,,,,
高中,三民-B4-U5,,,,,destroyer,[dɪˋstrɔɪɚ],摧毀者，破壞者,Tom never stays up late because he knows this behavior is a destroyer of good health.,Tom從不熬夜，因為他知道這種行為對健康有毀滅性的影響。,,,,,,,,,,,,(n.),,,,,,,,,,,
高中,三民-B4-U5,,L3,B1,,destroy,[dɪˋstrɔɪ],破壞，毀滅,"All of the mountain trails were destroyed by the typhoon, so there is no way to reach the top now.",所有的山徑都被颱風摧毀了，因此現在無法到達山頂。,,,,,,,,,,,,(v.),v.過去式：destroyed；過去分詞：destroyed；現在分詞：destroying,,ruin,,,,,,,,
高中,三民-B4-U5,,L4,B2,,destruction,[dɪˋstrʌkʃən],破壞，毀滅,The destruction of any house made of wood is certain if white ants are not found in time.,如果沒有及時發現白蟻，任何木製房屋的毀壞都是必然的。,,,,,,,,,,,,(n.),,destruction of . . .,"death, end",,,,,,,,
高中,三民-B4-U5,,L6,C1,,realization,[͵riələˋzeʃən],明白,The realization that Kelvin had won the lottery left him at a loss for words.,Kelvin意識到自己中獎後，感到無言以對。,,,,,,,,,,,,(n.),n.複數：realizations,,recognition,,,,,,,,
高中,三民-B4-U5,,L5,C2,,profound,[prəˋfaᴜnd],思想深遠的,The book had a profound impact on Tina’s understanding of history.,這本書對Tina關於歷史的理解有深遠的影響。,,,,,,,,,,,,(adj.),adj.比較級：profounder；最高級：profoundest,a profound impact/thought,"significant, intense, fundamental, intimate",superficial,,,,,,,
高中,三民-B4-U5,,L5,C2,,profound,[prəˋfaᴜnd],強烈的，極度的,The profound beauty of the landscape took everyone’s breath away.,風景的極致之美讓所有人感到驚嘆。,,,,,,,,,,,,(adj.),adj.比較級：profounder；最高級：profoundest,,"significant, intense, fundamental, intimate",superficial,,,,,,,
高中,三民-B4-U5,,L4,B2,,consequence,[ˋkɑnsə͵kwɛns],結果,The consequences of climate change affected populations living in low-lying areas.,氣候變遷的結果影響了生活在低窪地區的人口。,,,,,,,,,,,,(n.),n.複數：consequences,a consequence of . . .,"issue, effect, outcome, result",,,,,,,,
高中,三民-B4-U5,,L3,,,weave,[wiv],編造，把…編進,"Cathy wove her personal experience into her novel, and it added a lot of color to her writing.",Cathy將她的個人經歷編進她的小說中，為她的寫作增添了許多色彩。,,,,,,,,,,,,(v.),,weave (something into) something,"thread, wind, tissue",,,,,,,,
高中,三民-B4-U5,,L3,,,weave,[wiv],編織,This beautiful carpet is not machine-made. It was woven by Carla’s grandmother.,這條美麗的地毯不是機器製造的。它是Carla的祖母親手編織的。,,,,,,,,,,,,(v.),,,"thread, wind, tissue",,,,,,,,
高中,三民-B4-U5,,L3,,,weave,[wiv],編織法,"This handmade sweater has a tight weave, so it is warm and durable.",這件手工毛衣的編織緊密，因此保暖且耐用。,,,,,,,,,,,,(n.),,a tight/traditional weave,"thread, wind, tissue",,,,,,,,
高中,三民-B4-U5,,,,,renewed,[rɪˋnjud],重新產生的,"There was a renewed interest in traditional crafts, leading to more workshops.",人們對傳統工藝重新產生興趣，造成更多工作坊的開設。,,,,,,,,,,,,(adj.),,renewed interest/enthusiasm,,,,,,,,,
高中,三民-B4-U5,,L4,B2,,renew,[rɪˋnju],更換，更新,The city council approved a project to renew the old park and add new playground equipment.,市議會批准了一個項目，以翻新舊公園並增設新的遊樂設施。,,,,,,,,,,,,(v.),v.過去式：renewed；過去分詞：renewed；現在分詞：renewing,,,,,,,,,,
高中,三民-B4-U5,,L5,C1,,implication,[͵ɪmplɪˋkeʃən],影響，後果,The increasing number of wildfires has severe implications for the animals which live in the forests.,不斷增加的森林野火對生活在森林中的動物造成了嚴重的影響。,,,,,,,,,,,,(n.),n.複數：implications,implications for/of something,"significance, import",,,,,,,,
高中,三民-B4-U5,,,,,J. Robert Oppenheimer,[ˋdʒe ˋrɑbɚt ˋɑpən͵haɪmɚ],羅伯特‧奧本海默,J. Robert Oppenheimer was a brilliant physicist who led the scientific efforts of the Manhattan Project during World War II.,羅伯特·奧本海默是一位傑出的物理學家，在第二次世界大戰期間領導了曼哈頓計畫的科學工作。,,,,,,,,,,,,(n.),,,,,,,,,,,
高中,三民-B4-U5,,,,,Ukraine,[juˋkren],烏克蘭,Ukraine is a large country in Eastern Europe known for its rich history and beautiful cultural traditions.,烏克蘭是東歐一個大國，以其豐富的歷史和美麗的文化傳統而聞名。,,,,,,,,,,,,(n.),,,,,,,,,,,
高中,三民-B4-U5,,,,,Christopher Nolan,[ˋkrɪstəfɚ ˋnolən],克里斯多福‧諾蘭,"Christopher Nolan is a renowned film director famous for his complex narratives and visually stunning movies like ""Inception.""",克里斯多福·諾蘭是一位著名的電影導演，以其複雜的敘事和視覺震撼的電影（如《全面啟動》）而聞名。,,,,,,,,,,,,(n.),,,,,,,,,,,
高中,三民-B4-U5,,,,,Cillian Murphy,[ˋkɪljənˋmɝfi],席尼‧墨菲,"Cillian Murphy delivered a powerful performance as the lead character in the critically acclaimed movie ""Oppenheimer.""",席尼·墨菲在備受好評的電影《奧本海默》中飾演主角，表現出色。,,,,,,,,,,,,(n.),,,,,,,,,,,
高中,三民-B4-U5,,,,,Manhattan Project,[mænˋhætṇ ˋprɑdʒɛkt],曼哈頓計畫,The Manhattan Project was a secret research and development undertaking during World War II that produced the first nuclear weapons.,曼哈頓計畫是第二次世界大戰期間一項秘密的研發計畫，旨在製造出第一批核武器。,,,,,,,,,,,,(n.),,,,,,,,,,,
高中,三民-B4-U5,,,,,Nazi,[ˋnɑtsɪ],納粹黨員,The documentary showed how the Nazis rose to power in Germany before the start of World War II.,這部紀錄片展示了納粹黨在第二次世界大戰爆發前如何在德國掌權。,,,,,,,,,,,,(n.),,,,,,,,,,,
高中,三民-B4-U5,,,,,Hiroshima,[͵hɪroˋʃimə],廣島,Hiroshima is a city in Japan that tragically became the first target of an atomic bomb in August 1945.,廣島是日本的一個城市，在1945年8月不幸成為原子彈的第一個目標。,,,,,,,,,,,,(n.),,,,,,,,,,,
高中,三民-B4-U5,,,,,Nagasaki,[͵nɑgəˋsɑki],長崎,"Just three days after Hiroshima, Nagasaki also suffered the devastating impact of a second atomic bomb during World War II.",在廣島之後僅三天，長崎也在第二次世界大戰期間遭受了第二枚原子彈的毀滅性衝擊。,,,,,,,,,,,,(n.),,,,,,,,,,,
高中,三民-B4-U5,,,,,Hindu,[ˋhɪndu],印度教的,"Many Hindu festivals are celebrated with vibrant colors, traditional music, and delicious food throughout India.",印度各地會以鮮豔的色彩、傳統音樂和美味的食物來慶祝許多印度教節日。,,,,,,,,,,,,(adj.),,,,,,,,,,,
高中,三民-B4-U5,,,,,scripture,[ˋskrɪptʃɚ],宗教經文,Many people find comfort and wisdom by reading ancient scripture from their religious traditions.,許多人透過閱讀他們宗教傳統中的古老經文來尋求慰藉和智慧。,,,,,,,,,,,,(n.),,,,,,,,,,,
高中,三民-B4-U5,,,,,twists and turns,,千迴百轉,"Jimmy has experienced many twists and turns in his life, which have led him to better appreciate the present rather than focus on the past or future.",Jimmy的人生經歷了千迴百轉，這使他更能把握當下，而不是專注於過去或未來。,,,,,,,,,,,,(phr.),,,,,,,,,,,
高中,三民-B4-U5,,,,,hang over someone,,(疑慮)在某人心中揮之不去,Worries about money hung over Leonard as he had just lost his job and didn’t know how he could pay his rent.,Leonard對金錢的擔憂在心中揮之不去，因為他剛失去工作，不知道該如何支付他的租金。,,,,,,,,,,,,(phr.),,,,,,,,,,,
高中,三民-B4-U6,,L5,C2,,perception,[pɚˋsɛpʃən],認知，感覺,"The musician closed his eyes, focusing his entire perception on the subtle changes in sound.",音樂家閉上雙眼，將所有感知集中在音調的微妙變化上。,,,,,,,,,,,,(n.),n.複數：perceptions,,,,,,,,,,
高中,三民-B4-U6,,L5,C1,,perceive,[pɚˋsiv],見解，看法,The artist challenged traditional perceptions of beauty with her unconventional work.,這位藝術家用她不同尋常的作品挑戰了人們對美的傳統觀念。,,,,,,,,,,,,(n.),,,comprehend,,,,,,,,
高中,三民-B4-U6,,L5,C1,,perceive,[pɚˋsiv],認為,New technology is perceived to be a threat to many people’s jobs in the near future.,新技術被認為在不久的將來會對許多人的工作構成威脅。,,,,,,,,,,,,(v.),v.過去式：perceived；過去分詞：perceived；現在分詞：perceiving,perceive . . . to be/as . . .,comprehend,,,,,,,,
高中,三民-B4-U6,,L5,C1,,random,[ˋrændəm],隨意的，隨機的,"During the magic show, the magician invited an audience member to draw a random card from the pile.",在魔術表演中，魔術師邀請一位觀眾從一疊牌卡中隨機抽出一張。,,,,,,,,,,,,(adj.),,,,,,,,,,,
高中,三民-B4-U6,,L5,C2,,attribute,[ə`trɪbjᴜt],把…歸因於,"The chef attributes the delicious flavor of the dish to the use of fresh, high-quality ingredients. She says if she used other ingredients, the dish would taste totally different.",這位廚師將這道菜的美味歸因於其使用的新鮮、高品質食材。她說如果使用其他食材，這道菜嚐起來會完全不同。,,,,,,,,,,,,(v.),v.過去式：attributed；過去分詞：attributed；現在分詞：attributing | n.複數：attributes,attribute something to something,"dimension, property",,,,,,,,
高中,三民-B4-U6,,L3,B1,,mystery,[`mɪstərɪ],難以理解的事物，謎,How ancient Egyptians built the pyramids is one of the great mysteries. People are not sure how they moved such large stones.,古埃及人如何建造金字塔是最偉大的謎團之一。人們仍不確定他們是如何搬運這些巨大的石塊的。,,,,,,,,,,,,(n.),n.複數：mysteries,,secret,,,,,,,,
高中,三民-B4-U6,,L4,B2,,mysterious,[mɪs`tɪrɪəs],神祕的,Amanda received a mysterious letter in the mail with no return address.,Amanda收到了一封沒有回郵地址的神祕信件。,,,,,,,,,,,,(adj.),,,"deep, secret",,,,,,,,
高中,三民-B4-U6,,L3,B2,,clue,[klu],提示，線索,A person’s eating habits can provide clues about their body shape. Those who eat slowly tend to be slimmer than those who eat fast.,一個人的飲食習慣可以提供關於身形的線索。那些吃得慢的人通常比吃得快的人苗條。,,,,,,,,,,,,(n.),v.過去式：clued；過去分詞：clued；現在分詞：cluing | n.複數：clues,a clue about/(as) to something,"hint, cue",,,,,,,,
高中,三民-B4-U6,,L3,B2,,clue,[klu],警方辦案的線索,The police are asking witnesses to offer any information or clues to help solve the bank robbery.,警方正在呼籲目擊者提供任何資訊或線索，以幫助他們破解這起銀行搶案。,,,,,,,,,,,,(n.),v.過去式：clued；過去分詞：clued；現在分詞：cluing | n.複數：clues,offer/provide/give a clue,"hint, cue",,,,,,,,
高中,三民-B4-U6,,L3,B1,,shadow,[`ʃædo],影子,"In a cinema, anyone who stands and blocks the projector would cast a shadow on the screen.",在電影院裡，任何站著並遮擋放映機的人都會在螢幕上投下陰影。,,,,,,,,,,,,(n.),,cast/throw a shadow on something,"trace, dark, tail, dwarf",,shade,,,,,,
高中,三民-B4-U6,,L3,B1,,shadow,[`ʃædo],尾隨,"The police have been shadowing the suspect for a month, trying to gather information to find out if he was involved in the crime.",警方已經尾隨嫌疑人一個月，試圖收集證據以確定他是否涉及犯罪。,,,,,,,,,,,,(v.),,,"trace, dark, tail, dwarf",,shade,,,,,,
高中,三民-B4-U6,,,,,surrounding,[səˋraᴜndɪŋ],周圍的,The restaurant draws customers from many surrounding areas.,這家餐廳吸引了來自許多周邊地區的顧客。,,,,,,,,,,,,(adj.),,,,,,,,,,,
高中,三民-B4-U6,,L4,B2,,surroundings,[səˋraᴜndɪŋz],周圍環境,Chameleons blend in with their surroundings so effectively that they are challenging to spot.,變色龍能與周圍環境完美地融為一體，因此非常難以被發現。,,,,,,,,,,,,(n.),,,"environment, surround",,surrounding;sounding,,,,,,
高中,三民-B4-U6,,L3,B1,,surround,[səˋraᴜnd],環繞，圍繞,The castle is surrounded by a high stone wall for protection.,城堡被高大的石牆圍繞，以提供保護。,,,,,,,,,,,,(v.),v.過去式：surrounded；過去分詞：surrounded；現在分詞：surrounding | n.複數：surrounds,,"ring, environment, round, circle",,,,,,,,
高中,三民-B4-U6,,L5,C2,,interpretation,[ɪn͵tɝprɪˋteʃən],理解，闡釋,The beauty of literature and artwork is that they are open to interpretation. Everyone can view the same piece but experience different emotions.,文學與藝術作品的美在於其解釋的開放性，每個人對同一件作品的情感體驗都不同。,,,,,,,,,,,,(n.),n.複數：interpretations,,version,,,,,,,,
高中,三民-B4-U6,,L4,B2,,interpret,[ɪnˋtɝprɪt],解釋，詮釋,Mr. Heming interpreted the data collected about the market trends and planned a future strategy for the product.,Heming先生解讀了市場趨勢的數據，並為該產品制定了未來策略。,,,,,,,,,,,,(v.),v.過去式：interpreted；過去分詞：interpreted；現在分詞：interpreting,,"render, understand, represent, read",,,inter- (between (之間)),,,,,
高中,三民-B4-U6,,L6,C2,,infer,[ɪn`fɝ],推斷，推論,Sherlock Holmes was able to infer the time the crime was committed from the footprints discovered at the crime scene.,福爾摩斯能根據犯罪現場留下的腳印推論出犯案時間。,,,,,,,,,,,,(v.),v.過去式：inferred；過去分詞：inferred；現在分詞：inferring,infer something from something,"understand, derive, gather, deduct",,,,,,,,
高中,三民-B4-U6,,L5,B2,,deceive,[dɪˋsiv],欺騙,The child deceived her parents into letting her stay up late by claiming she had finished all her homework.,這個孩子聲稱自己已經完成所有作業，藉此欺騙父母讓她熬夜。,,,,,,,,,,,,(v.),v.過去式：deceived；過去分詞：deceived；現在分詞：deceiving,deceive someone into doing something,betray,,,,,,,,
高中,三民-B4-U6,,L5,C2,,depict,[dɪ`pɪkt],描繪,"The painting depicted the king as a kind, old gentleman with a long white beard, sitting on his throne with little children surrounding him.",這幅畫將國王描繪成一位和藹可親的老紳士。他留著又長又白的鬍鬚，坐在寶座上，周圍圍繞著小孩。,,,,,,,,,,,,(v.),v.過去式：depicted；過去分詞：depicted；現在分詞：depicting,depict . . . as something,"draw, show, portray, describe",,,,,,,,
高中,三民-B4-U6,,,,,dimly,[`dɪmlɪ],昏暗地，微弱地,"A lamp glowed dimly in the corner of the children’s bedroom, creating a warm and comfortable atmosphere for sleeping.",一盞燈在兒童臥室的角落微弱地發光，營造出溫暖舒適的睡眠氛圍。,,,,,,,,,,,,(adv.),,,,,,,,,,,
高中,三民-B4-U6,,L3,C2,,dim,[dɪm],(燈光) 昏暗的，暗淡的,"In the dim light of the room, I could hardly read the words in my book.",在房間昏暗的光線下，我幾乎無法閱讀書中的文字。,,,,,,,,,,,,(adj.),,,"dull, black, dark, dense","bright, focus",,,,,,,
高中,三民-B4-U6,,L3,C2,,dim,[dɪm],變昏暗，變暗淡,The lights in the music hall dimmed as the performance began.,隨著表演開始，音樂廳的燈光變暗。,,,,,,,,,,,,(v.),,,"dull, black, dark, dense","bright, focus",,,,,,,
高中,三民-B4-U6,,L6,,,illuminate,[ɪˋlumə͵net],照亮，為…照明,"The streetlights illuminated the path, making it safe to walk at night.",路燈照亮了小路，使夜晚行走變得安全。,,,,,,,,,,,,(v.),v.過去式：illuminated；過去分詞：illuminated；現在分詞：illuminating,,"light, clear, clarify","obscure, blur, confuse",,,,,,,
高中,三民-B4-U6,,L3,B2,,theory,[`θɪərɪ],學說，理論,The famous scholar is widely recognized for proposing a theory about how negative emotions influence people’s health.,這位著名學者因提出一個關於負面情緒如何影響人類健康的理論而廣受認可。,,,,,,,,,,,,(n.),n.複數：theories,a theory about/on something,"hypothesis, possibility",,,,,,,,
高中,三民-B4-U6,,L5,C2,,speculate,[ˋspɛkjə͵let],猜測，推測,Fans around the world began to speculate that the singer was planning a surprise album release after her posts.,全球的粉絲在看到這位歌手的貼文後，開始猜測她是否計畫推出一張驚喜專輯。,,,,,,,,,,,,(v.),v.過去式：speculated；過去分詞：speculated；現在分詞：speculating,,"contemplate, reflect, job, suppose",,,,,,,,
高中,三民-B4-U6,,L5,C1,,noticeable,[ˋnotɪsəbḷ],明顯的，顯而易見的,"Brian’s absence was noticeable at the meeting, as his input was always valued.",Brian的缺席在會議中顯而易見，因為他的意見一直備受重視。,,,,,,,,,,,,(adj.),,,"broad, strong, evident",,,,,,,,
高中,三民-B4-U6,,,,,blurred,[blɝd],模糊的,The artist created a blurred image on purpose to suggest a sense of motion in the painting.,藝術家特意創作了一幅模糊的圖像，以暗示畫作中的律動感。,,,,,,,,,,,,(adj.),,a blurred image/picture,,,,,,,,,
高中,三民-B4-U6,,L5,,,blur,[blɝ],變模糊,The details of the distant mountains began to blur as the fog rolled in.,遠處山脈的細節隨著霧氣瀰漫逐漸變得模糊。,,,,,,,,,,,,(v.),,,"obscure, dim, confuse","clear, focus, illuminate, clarify",,,,,,,
高中,三民-B4-U6,,L5,,,blur,[blɝ],模糊的東西,Everything is a blur when Mike takes his glasses off.,Mike摘下眼鏡時，所有東西都變得模糊不清。,,,,,,,,,,,,(n.),,,"obscure, dim, confuse","clear, focus, illuminate, clarify",,,,,,,
高中,三民-B4-U6,,L3,B2,,outline,[ˋaᴜt͵laɪn],輪廓,The outline of the ship could be seen against the setting sun as it sailed away.,在夕陽映照下，可以看到船的輪廓逐漸航行遠去。,,,,,,,,,,,,(n.),,an outline of something,"abstract, trace, draw, line",,,,,,,,
高中,三民-B4-U6,,L3,B2,,outline,[ˋaᴜt͵laɪn],大綱，摘要,"Before you write the essay, it is advisable to create an outline.",在撰寫論文前，最好先制定一份大綱。,,,,,,,,,,,,(n.),,,"abstract, trace, draw, line",,,,,,,,
高中,三民-B4-U6,,L3,B2,,outline,[ˋaᴜt͵laɪn],略述，概括,The professor outlined the main topics for the semester during the first class.,教授在第一堂課簡要概述了這學期的主要主題。,,,,,,,,,,,,(v.),,,"abstract, trace, draw, line",,,,,,,,
高中,三民-B4-U6,,L3,B2,,faint,[fent],微弱的，不清晰的,"I could see a faint glow in the distance, which turned out to be the lights of a small village.",我可以看到遠處微弱的光芒，結果發現是小村莊的燈光。,,,,,,,,,,,,(adj.),,a faint glow/light,"timid, light, feeble, dim",,,,,,,,
高中,三民-B4-U6,,L3,B2,,faint,[fent],昏厥，暈倒,"Despite her remarkable academic performance, Julia didn’t want to go to medical school because she always faints at the sight of blood.",儘管Julia的學業表現非常優秀，但她不想念醫學院因為她一看到血就會暈倒。,,,,,,,,,,,,(v.),,faint at/from/with something,"timid, light, feeble, dim",,,,,,,,
高中,三民-B4-U6,,L3,B2,,faint,[fent],昏厥，暈倒,"On receiving the unexpected news, Rachel was so shocked that she fell into a faint.",當Rachel收到意外的消息時，她是如此震驚以至於暈了過去。,,,,,,,,,,,,(n.),,fall into a (dead) faint,"timid, light, feeble, dim",,,,,,,,
高中,三民-B4-U6,,L4,B1,,concentrate,[ˋkɑnsṇ͵tret],專注，專心,Taylor found it difficult to concentrate on studying with all the noise in the library.,Taylor發現自己在圖書館嘈雜的環境中很難專心讀書。,,,,,,,,,,,,(v.),v.過去式：concentrated；過去分詞：concentrated；現在分詞：concentrating | n.複數：concentrates,concentrate on (doing) something,"focus, reduce, contract, condense",,,,,,,,
高中,三民-B4-U6,,L4,B2,,concentration,[͵kɑnsṇˋtreʃən],全神貫注,"To achieve peak performance, the athlete needed to maintain concentration throughout the entire race.",為了達到最佳表現，運動員需要在整場比賽中保持全神貫注。,,,,,,,,,,,,(n.),n.複數：concentrations,,density,distribution,,,,,,,
高中,三民-B4-U6,,L5,,,comprehend,[͵kɑmprɪˋhɛnd],充分理解，領悟,The manual was written in a way that allowed beginners to comprehend its content easily.,這本手冊寫得簡單明瞭，使初學者能夠輕鬆理解其內容。,,,,,,,,,,,,(v.),v.過去式：comprehended；過去分詞：comprehended；現在分詞：comprehending,,"embrace, cover, perceive, dig",,,,,,,,
高中,三民-B4-U6,,L5,,,comprehension,[͵kɑmprɪˋhɛnʃən],理解力，領悟能力,The book includes questions at the end of each chapter to check comprehension.,這本書在每章的結尾設計了題目，方便檢核讀者的理解程度。,,,,,,,,,,,,(n.),,,,,,,,,,,
高中,三民-B4-U6,,L5,B2,,controversial,[ˏkɑntrə`vɝʃəl],有爭議的,"The dress code at school became a controversial issue, with students and parents having different opinions.",這所學校的著裝規範成為一個爭議話題，學生和家長持不同的意見。,,,,,,,,,,,,(adj.),,a controversial issue/topic/subject,,,,,,,,,
高中,三民-B4-U6,,L5,C1,,controversy,[`kɑntrəˏvɝsɪ],爭議,The controversy over the company’s decision to automate jobs has led to heated debates among employees and labor unions.,公司自動化工作的決策引發了員工和工會之間的激烈爭議。,,,,,,,,,,,,(n.),n.複數：controversies,a controversy over/about/surrounding . . .,"contention, tilt",,,,,,,,
高中,三民-B4-U6,,L5,C2,,contemplate,[`kɑntəmˏplet],沉思,"Before writing the novel, the author contemplated the characters’ motivations and the development of the plot.",在開始寫這本小說之前，作者深入思考了角色的動機與情節發展。,,,,,,,,,,,,(v.),v.過去式：contemplated；過去分詞：contemplated；現在分詞：contemplating,,"speculate, study, reflect, meditate",,,,,,,,
高中,三民-B4-U6,,L5,C2,,contemplate,[`kɑntəmˏplet],考量，盤算,"April has contemplated what to major in for quite a while, but she still can’t make a decision.",April考慮了很長時間要主修哪個專業，但她仍無法做出決定。,,,,,,,,,,,,(v.),v.過去式：contemplated；過去分詞：contemplated；現在分詞：contemplating,,"speculate, study, reflect, meditate",,,,,,,,
高中,三民-B4-U6,,,,,viral,[ˋvaɪrəl],在網路上如病毒般快速傳播的,"That funny cat video went viral on social media overnight, getting millions of views in just a few hours.",那個有趣的貓咪影片在一夜之間在社群媒體上爆紅，短短幾小時內就獲得了數百萬次的觀看。,,,,,,,,,,,,(adj.),,,,,,,,,,,
高中,三民-B4-U6,,,,,seeing is believing,,眼見為憑,"I never believed it when you said Mark can get up early on Saturday mornings, but seeing is believing! Now I believe you.",當你說Mark可以在星期六上午早起，我從不相信，但眼見為憑！現在我相信你了。,,,,,,,,,,,,(phr.),,,,,,,,,,,
高中,三民-B4-U6,,,,,take something into account,,將…列入考慮，顧及…,"When we plan the budget of a project, we need to take both upfront costs and operating expenses into account.",在規劃一個項目的預算時，我們需要將前期成本和運營費用都納入考量。,,,,,,,,,,,,(phr.),,,,,,,,,,,
高中,三民-B4-U7,,,,,mankind,[mæn`kaɪnd],人類,The future of mankind depends on our ability to address climate change.,人類的未來取決於我們解決氣候變遷問題的能力。,,,,,,,,,,,,(n.),,,,,,,,,,,
高中,三民-B4-U7,,L5,B2,,biological,[͵baɪə`lɑdʒɪkḷ],生化的,The military was concerned about the potential use of biological weapons in the conflict.,軍方擔心在衝突中可能使用生化武器。,,,,,,,,,,,,(adj.),n.複數：biologicals,a biological weapon,natural,,,,,,,,
高中,三民-B4-U7,,L5,B2,,biological,[͵baɪə`lɑdʒɪkḷ],生物的,Scientists are studying the biological mechanisms behind aging to develop potential treatments.,科學家正在研究老化背後的生物機制，以開發潛在的治療方法。,,,,,,,,,,,,(adj.),n.複數：biologicals,,natural,,,,,,,,
高中,三民-B4-U7,,L4,A2,,biology,[baɪ`ɑlədʒɪ],生物學,Understanding biology helps us comprehend the diversity of life on Earth.,理解生物學能幫助我們認識地球上生命的多樣性。,,,,,,,,,,,,(n.),,,,,,,,bio (life (生命)),,,
高中,三民-B4-U7,,L4,,,gigantic,[dʒaɪ`gæntɪk],巨大的,The elephant at the zoo seemed gigantic compared to the other animals.,動物園裡的大象與其他動物相比顯得非常巨大。,,,,,,,,,,,,(adj.),,,"large, big",,,,,,,,
高中,三民-B4-U7,,,,,desperately,[`dɛspərɪtlɪ],拚命地,"The trapped animal desperately clawed at the cage, longing for freedom.",受困的動物拚命地抓籠子，渴望獲得自由。,,,,,,,,,,,,(adv.),,,,,,,,,,,
高中,三民-B4-U7,,L4,B2,,desperate,[`dɛspərɪt],(因絕望而) 不顧一切的,The hiker took a desperate chance by jumping off the cliff to escape the bear.,登山者不顧一切地跳下懸崖以躲避熊的追擊。,,,,,,,,,,,,(adj.),,,"imperative, critical, brave, dangerous",,,,,,,,
高中,三民-B4-U7,,L4,B2,,dominate,[`dɑmənet],統治，控制,The company’s CEO tried to dominate the board meeting with her aggressive proposals.,該公司的執行長試圖用她激進的提案主導董事會會議。,,,,,,,,,,,,(v.),v.過去式：dominated；過去分詞：dominated；現在分詞：dominating,,"command, prevail, overlook, master",,,,,,,,
高中,三民-B4-U7,,L4,C1,,dominant,[`dɑmənənt],主導的，占優勢的,Jenny’s dominant personality often leads her to take charge in group projects.,Jenny強勢的個性經常使她在團隊專案中擔任領導的角色。,,,,,,,,,,,,(adj.),n.複數：dominants,,"sovereign, superior",subordinate,,,,,,,
高中,三民-B4-U7,,L4,B2,,vast,[væst],巨大的,The Sahara Desert covers a vast area of northern Africa.,撒哈拉沙漠覆蓋了北非廣大的地區。,,,,,,,,,,,,(adj.),adj.比較級：vaster；最高級：vastest,,"immense, large, big, huge",,,,,,,,
高中,三民-B4-U7,,L4,B2,,poisonous,[ˋpɔɪzṇəs],有毒的,"The berries on this tree may appear delicious, but they are known to be poisonous to both humans and animals.",這棵樹上的漿果看起來可能很好吃，但已知對人類和動物都是有毒的。,,,,,,,,,,,,(adj.),,be poisonous to . . .,"vicious, toxic",,,,,,,,
高中,三民-B4-U7,,L2,B2,,poison,[ˋpɔɪzṇ],毒物，毒藥,"The poison from the snake bite quickly spread through the hiker’s body, so he needed medical help right away.",被蛇咬傷的毒液迅速地擴散到登山者的全身，因此他需要立即就醫。,,,,,,,,,,,,(n.),,,,,,,,,,,
高中,三民-B4-U7,,L2,B2,,poison,[ˋpɔɪzṇ],毒害，下毒,The cruel man confessed that he had poisoned his wife with a toxic substance.,那名殘忍的男子承認他用有毒物質毒害了他的妻子。,,,,,,,,,,,,(v.),,poison someone (with something),,,,,,,,,
高中,三民-B4-U7,,L3,B1,,jungle,[ˋdʒʌŋgḷ],叢林,"The Amazon rainforest is the biggest jungle on Earth, filled with many different plants and animals.",亞馬遜雨林是地球上最大的叢林，有許多不同的植物和動物。,,,,,,,,,,,,(n.),n.複數：jungles,,,,,,,,,,
高中,三民-B4-U7,,L5,B2,,deadly,[ˋdɛdlɪ],致命的,Researchers are working to find a cure for the deadly disease that has affected thousands of people worldwide.,研究人員正在努力尋找治療這種致命疾病的方法，這種疾病已經影響了全世界數千人。,,,,,,,,,,,,(adj.),,a deadly disease/weapon,"harmful, mortal, toxic, fatal",,,,,,,,
高中,三民-B4-U7,,L5,B2,,deadly,[ˋdɛdlɪ],非常，完全地,"As the doctor delivered the news, her tone became deadly serious, and she urged the patient to consider immediate treatment.",醫生宣布這個消息時，她的語氣變得極為嚴肅，並敦促患者考慮立即接受治療。,,,,,,,,,,,,(adv.),,,"harmful, mortal, toxic, fatal",,,,,,,,
高中,三民-B4-U7,,,,,gas,[gæs],氣體,Greenhouse gases trap heat in the atmosphere and contribute to global warming.,溫室氣體會在大氣中積聚熱量，造成全球暖化。,,,,,,,,,,,,(n.),,,,,,,,,,,
高中,三民-B4-U7,,,,,gasoline,[ˋgæsḷ͵in],汽油,"This car doesn’t consume as much gasoline as most others. In other words, it is more environmentally friendly.",這輛車的耗油量比大多數車輛少。也就是說，它更環保。,,,,,,,,,,,,(n.),,,,,,,,,,,
高中,三民-B4-U7,,L3,C2,,glow,[glo],發光,The city skyline glowed with the lights of skyscrapers against the evening sky.,城市的天際線在夜空的映襯下，映照著摩天大樓的燈光。,,,,,,,,,,,,(v.),,,"gleam, beam, radiate, shine",,,,,,,,
高中,三民-B4-U7,,L3,C2,,glow,[glo],光亮,The campfire provided a comforting glow on the chilly evening.,營火在寒冷的夜晚提供了溫暖的光輝。,,,,,,,,,,,,(n.),,,"gleam, beam, radiate, shine",,,,,,,,
高中,三民-B4-U7,,L3,,,beetle,[ˋbitḷ],甲蟲,The children collected beetles in a jar to observe them up close.,孩子們把甲蟲收集到罐子裡以便近距離觀察。,,,,,,,,,,,,(n.),n.複數：beetles,,,,,,,,,,
高中,三民-B4-U7,,L3,,,dragonfly,[ˋdrægən͵flaɪ],蜻蜓,The garden pond was filled with dragonflies during the summer months.,夏季時，花園池塘裡滿是蜻蜓。,,,,,,,,,,,,(n.),n.複數：dragonflies,,,,,,,,,,
高中,三民-B4-U7,,L5,B2,,toxic,[ˋtɑksɪk],有毒的,It’s important to avoid toxic chemicals in household products to protect your health and the environment.,避免使用含有毒化學物質的家用產品對保護健康和環境是很重要的。,,,,,,,,,,,,(adj.),,,"deadly, poisonous",,,,,,,,
高中,三民-B4-U7,,L3,B2,,kingdom,[ˋkɪŋdəm],王國,The fairy tale depicted a magical kingdom ruled by a wise and kind king.,這個童話故事描寫了一個由聰明且善良的國王統治的魔法王國。,,,,,,,,,,,,(n.),n.複數：kingdoms,,"realm, land",,,,,,,,
高中,三民-B4-U7,,L4,C1,,gifted,[ˋgɪftɪd],有天賦的,The writer is gifted with a vivid imagination. The imaginative worlds in her works never fail to fascinate readers.,這位作家擁有豐富想像力的天賦。她筆下的奇幻世界從不讓讀者失望。,,,,,,,,,,,,(adj.),,be gifted with something,,,,,,,,,
高中,三民-B4-U7,,L4,,,guardian,[ˋgɑrdɪən],保衛者，守護者,"The police are guardians of people, law, and order.",警察是人民、法律和秩序的守護者。,,,,,,,,,,,,(n.),n.複數：guardians,,protective,,,,,,,,
高中,三民-B4-U7,,L4,B2,,fierce,[fɪrs],駭人的,The fierce dog barked threateningly at the strangers approaching the gate.,那隻兇猛的狗對靠近大門的陌生人發出威脅的吠聲。,,,,,,,,,,,,(adj.),adj.比較級：fiercer；最高級：fiercest,,"intense, rough, violent, furious",,,,,,,,
高中,三民-B4-U7,,L6,,,purify,[ˋpjᴜrə͵faɪ],淨化，使純淨,Researchers have successfully invented a device that can purify waste water and make it drinkable.,研究人員成功發明了一種可以淨化廢水並使其可飲用的裝置。,,,,,,,,,,,,(v.),v.過去式：purified；過去分詞：purified；現在分詞：purifying,,,,,,,,,,
高中,三民-B4-U7,,L3,B1,,pure,[pjᴜr],純粹的,This pure cotton shirt not only feels soft against the skin but also absorbs sweat quickly.,這件純棉襯衫不僅穿起來柔軟舒適，還能快速吸汗。,,,,,,,,,,,,(adj.),adj.比較級：purer；最高級：purest,,"light, intense, clear, vivid",,,,,,,,
高中,三民-B4-U7,,L6,C2,,intervene,[͵ɪntɚˋvin],干涉，介入,The government decided to intervene in the economic crisis by introducing new policies.,政府決定透過引入新政策來干預經濟危機。,,,,,,,,,,,,(v.),v.過去式：intervened；過去分詞：intervened；現在分詞：intervening,intervene in something,interfere,,,,,,,,
高中,三民-B4-U7,,L5,C2,,intervention,[͵ɪntɚˋvɛnʃən],干涉,The government’s intervention in the housing market helped stabilize prices.,政府在房地產市場的干預幫助穩定了價格。,,,,,,,,,,,,(n.),n.複數：interventions,intervention in something,interference,,,,,,,,
高中,三民-B4-U7,,L6,,,nurture,[ˋnɝtʃɚ],養育，培育,Sue nurtures her plants with daily watering and proper sunlight.,Sue每天為她的植物澆水並提供充足的陽光來細心養育它們。,,,,,,,,,,,,(v.),,,"sustain, raise, rear, foster",,,,,,,,
高中,三民-B4-U7,,L6,,,nurture,[ˋnɝtʃɚ],培養，後天養育,The study shows that nurture is more important than nature in shaping personality traits.,研究顯示，在塑造性格特質上，後天養育比先天條件更為重要。,,,,,,,,,,,,(n.),,,"sustain, raise, rear, foster",,,,,,,,
高中,三民-B4-U7,,L4,C1,,conquer,[ˋkɑŋkɚ],佔領，征服,The Spanish conquered significant lands in the Americas in the 16th century.,十六世紀時，西班牙人在美洲征服了大片土地。,,,,,,,,,,,,(v.),v.過去式：conquered；過去分詞：conquered；現在分詞：conquering,,"seize, suppress, curb, capture",,,,,,,,
高中,三民-B4-U7,,L6,,,conquest,[ˋkɑŋkwɛst],征服,The Norman Conquest of England in 1066 changed the course of English history.,1066年的諾曼征服改變了英格蘭歷史的進程。,,,,,,,,,,,,(n.),n.複數：conquests,,,,,,,,,,
高中,三民-B4-U7,,L4,B2,,preserve,[prɪˋzɝv],保護,Efforts are being made to preserve the endangered species in their natural environment.,人們正在努力保護自然環境中的瀕危物種。,,,,,,,,,,,,(v.),v.過去式：preserved；過去分詞：preserved；現在分詞：preserving | n.複數：preserves,,"keep, maintain, conserve, continue","cease, stop, quit",,,,,,,
高中,三民-B4-U7,,L4,C1,,preservation,[͵prɛzɚˋveʃən],保護,Advocates for building preservation argue that these structures connect us to our past and deserve protection.,建築保存的提倡者認為這些建築物聯繫著我們的過去，值得被保護。,,,,,,,,,,,,(n.),,building/environment/food preservation,conservation,,reservation;observation,,,,,,
高中,三民-B4-U7,,L4,C1,,convey,[kənˋve],傳達，表達 (想法),Karen wanted to convey her gratitude to her teacher for all the support and guidance she had received.,Karen想向老師表達她的謝意，感謝她所得到的所有支持和指導。,,,,,,,,,,,,(v.),v.過去式：conveyed；過去分詞：conveyed；現在分詞：conveying,convey something to someone,"conduct, express, channel, carry",,,,,,,,
高中,三民-B4-U7,,L4,B2,,restore,[rɪˋstor],恢復，使復原,"After many years of hard work, the village has finally been restored to a better condition, similar to how it was before the earthquake.",經過多年努力，這個村莊終於恢復到更好的狀態，類似地震發生前的樣子。,,,,,,,,,,,,(v.),v.過去式：restored；過去分詞：restored；現在分詞：restoring,restore something to something,"mend, repair, fix",break,,,,,,,
高中,三民-B4-U7,,,,,wasteland,[ˋwestlənd],荒地,"After the factory closed down, the area around it became a barren wasteland with no plants growing.",工廠關閉後，周圍的地區變成了一片荒地，沒有任何植物生長。,,,,,,,,,,,,(n.),,,,,,,,,,,
高中,三民-B4-U7,,,,,Ohmu,[ˋomu],王蟲,"In the movie, the giant insect-like creatures called Ohmu play a very important role in the ecosystem.",在電影中，那些被稱為王蟲的巨大昆蟲狀生物在生態系統中扮演著非常重要的角色。,,,,,,,,,,,,(n.),,,,,,,,,,,
高中,三民-B4-U7,,,,,armored,[ˋɑrmɚd],裝甲的,The soldiers drove an armored vehicle to protect themselves from enemy attacks during the dangerous mission.,士兵們駕駛著一輛裝甲車，在危險的任務中保護自己免受敵人攻擊。,,,,,,,,,,,,(adj.),,,,,,,,,,,
高中,三民-B4-U7,,,,,Hayao Miyazaki,[haˋjao miˋjazaki],宮崎駿,Hayao Miyazaki is a world-renowned Japanese animated film director known for his beautiful and imaginative works.,宮崎駿是一位世界知名的日本動畫電影導演，以其美麗且富有想像力的作品而聞名。,,,,,,,,,,,,(n.),,,,,,,,,,,
高中,三民-B4-U7,,,,,visionary,[ˋvɪʒən͵ɛrɪ],有遠見的,The company's founder was a visionary leader who always thought about the future and new technologies.,這家公司的創始人是一位有遠見的領導者，他總是思考未來和新科技。,,,,,,,,,,,,(adj.),,,,,,,,,,,
高中,三民-B4-U7,,,,,Nausicaä of the Valley of the Wind,[nɔˋsɪkɪə əv ðə ˋvælɪ əv ðə wɪnd],《風之谷》,My favorite animated film is Nausicaä of the Valley of the Wind because of its strong environmental message.,我最喜歡的動畫電影是《風之谷》，因為它傳達了強烈的環保訊息。,,,,,,,,,,,,(n.),,,,,,,,,,,
高中,三民-B4-U7,,,,,coexist,[͵koɪgˋzɪst],共生，共存,It is important for different cultures and religions to learn to coexist peacefully in modern society.,不同的文化和宗教在現代社會中學習和平共存是很重要的。,,,,,,,,,,,,(v.),,,,,,,,,,,
高中,三民-B4-U7,,,,,mutate,[ˋmjutet],變異，突變,"Scientists are studying how viruses can mutate over time, making new vaccines necessary for protection.",科學家正在研究病毒如何隨時間變異，這使得新的疫苗對於防護變得必要。,,,,,,,,,,,,(v.),,,,,,,,,,,
高中,三民-B4-U7,,,,,fungus,[ˋfʌngəs],真菌,Mushrooms are a type of fungus that grows in damp places and can be found in many different shapes and sizes.,蘑菇是一種真菌，生長在潮濕的地方，可以找到許多不同形狀和大小的種類。,,,,,,,,,,,,(n.),,,,,,,,,,,
高中,三民-B4-U7,,,,,centipede,[ˋsɛntə͵pid],蜈蚣,I saw a long centipede with many legs crawling quickly across the floor in my garden this morning.,今天早上我在花園裡看到一隻長長的蜈蚣，牠有許多腳，快速地爬過地面。,,,,,,,,,,,,(n.),,,,,,,,,,,
高中,三民-B4-U7,,,,,unpolluted,[͵ʌnpəˋlutɪd],未受汙染的,We traveled to a remote island to enjoy the unpolluted air and crystal-clear ocean water.,我們前往一個偏遠的島嶼，享受未受汙染的空氣和清澈見底的海水。,,,,,,,,,,,,(adj.),,,,,,,,,,,
高中,三民-B4-U7,,,,,stand in one’s way,,試圖阻止,"Despite numerous obstacles, nothing will stand in Liam’s way of achieving his dreams.",儘管遇到許多障礙，沒有什麼能阻礙Liam實現他的夢想。,,,,,,,,,,,,(phr.),,,,,,,,,,,
高中,三民-B4-U7,,,,,pay the price,,付出代價,My friends took unnecessary risks in their investments and paid the price when the market crashed.,我的朋友們在投資中冒了不必要的風險，並在市場崩盤時付出了代價。,,,,,,,,,,,,(phr.),,,,,,,,,,,
高中,三民-B4-U8,,L3,B1,,creature,[ˋkritʃɚ],生物,"Tom saw a small creature in his garden. He thought it might be a squirrel, but he wasn’t sure.",Tom在他的花園裡看到了一隻小生物。他覺得可能是一隻松鼠，但他不太確定。,,,,,,,,,,,,(n.),n.複數：creatures,,"beast, tool, animal, puppet",,,,,,,,
高中,三民-B4-U8,,,,,fortunately,[ˋfɔrtʃənɪtlɪ],幸運地,"My tire went flat on the way home. Fortunately, I had some experience in fixing bikes, so I was able to repair it by myself.",我的輪胎在回家路上漏氣了。幸運地，我有一些修理自行車的經驗，所以我能夠自己修好它。,,,,,,,,,,,,(adv.),,,,,,,,,,,
高中,三民-B4-U8,,L4,B2,,fortunate,[ˋfɔrtʃənɪt],幸運的,"My grandmother, who leads a healthy lifestyle, is fortunate to enjoy good health in her 90s.",我的祖母的生活方式很健康，很幸運地在九十多歲時仍享有健康的身體。,,,,,,,,,,,,(adj.),,be fortunate to do something,"good, happy, hopeful, golden",,,,,,,,
高中,三民-B4-U8,,L5,B2,,specialist,[`spɛʃəlɪst],專家,The company hired a cybersecurity specialist to protect their data from hackers.,這家公司聘請了一位網路安全專家來保護他們的數據不受駭客攻擊。,,,,,,,,,,,,(n.),n.複數：specialists,,,,,,-ist (person who practices (從事某事者)),,,,
高中,三民-B4-U8,,L4,C2,,intuition,[͵ɪntᴜˋɪʃən],直覺,"Even though Emma didn’t have any evidence to support her suspicions, her intuition told her that something had gone wrong.",雖然Emma沒有任何證據支持她的懷疑，但她的直覺告訴她出了問題。,,,,,,,,,,,,(n.),n.複數：intuitions,,"suspicion, hunch",,,,,,,,
高中,三民-B4-U8,,L4,B2,,obtain,[əbˋten],獲得，贏得,"After spending two years conducting the experiment, the scientists finally obtained a positive result.",花了兩年時間進行實驗後，科學家們終於獲得了一個正面的結果。,,,,,,,,,,,,(v.),v.過去式：obtained；過去分詞：obtained；現在分詞：obtaining,obtain a result/information/data,"hold, prevail, incur, get",,,,,,,,
高中,三民-B4-U8,,L4,C1,,misfortune,[mɪsˋfɔrtʃən],不幸的事故或情況,"As the saying goes, “Misfortunes never come alone.” I lost my keys this morning, and in the afternoon I received a speeding ticket.",俗話說：「禍不單行」。我今天早上弄丟了鑰匙，下午又收到了一張超速罰單。,,,,,,,,,,,,(n.),n.複數：misfortunes,,,,,,,,,,
高中,三民-B4-U8,,L3,B2,,fortune,[ˋfɔrtʃən],不幸，厄運,"Ben had the misfortune of locking his keys in the car right before an important meeting, causing an unexpected delay in an already busy day.",Ben很不幸，在一個重要會議前把他的鑰匙鎖在車裡，導致原本已經很繁忙的一天發生意外的延誤。,,,,,,,,,,,,(n.),v.過去式：fortuned；過去分詞：fortuned；現在分詞：fortuning | n.複數：fortunes,have the misfortune of doing/to do something,"chance, portion, lot, luck",,,,,,,,
高中,三民-B4-U8,,L3,B2,,fortune,[ˋfɔrtʃən],運氣,Michael has the good fortune to have been born into a wealthy family. He never has to worry about money.,Michael很幸運，生於一個富裕的家庭。他從不需要擔心金錢的問題。,,,,,,,,,,,,(n.),v.過去式：fortuned；過去分詞：fortuned；現在分詞：fortuning | n.複數：fortunes,,"chance, portion, lot, luck",,,,,,,,
高中,三民-B4-U8,,L4,B2,,abandon,[əˋbændən],拋棄，遺棄,"Some people abandon their pets simply because they are tired of taking care of them. However, such actions are against the law.",有些人因為厭倦照顧寵物便拋棄了牠們。然而，這種行為是違法的。,,,,,,,,,,,,(v.),v.過去式：abandoned；過去分詞：abandoned；現在分詞：abandoning,,"give, forsake, desert, empty",,abundance,,,,,,
高中,三民-B4-U8,,L6,,,stray,[stre],流浪動物,The cat keeps wandering in the neighborhood. I think it must be a stray.,那隻貓一直在鄰近地區徘徊。我想牠一定是一隻流浪貓。,,,,,,,,,,,,(n.),,,"cast, drift, range, roam",,,,,,,,
高中,三民-B4-U8,,L6,,,stray,[stre],流浪的，走失的,"Several stray dogs wander around our neighborhood, looking for scraps of food.",幾隻流浪狗在我們的社區四處遊蕩，尋找剩餘的食物。,,,,,,,,,,,,(adj.),,,"cast, drift, range, roam",,,,,,,,
高中,三民-B4-U8,,L6,,,stray,[stre],偏離,"During their camping trip, a few hikers strayed from the marked trail and got lost.",在露營旅行中，有幾位登山客偏離了標示好的小徑，結果迷路。,,,,,,,,,,,,(v.),,,"cast, drift, range, roam",,,,,,,,
高中,三民-B4-U8,,L4,B2,,shelter,[ˋʃɛltɚ],收容所,"After losing her job and apartment, Sarah found temporary refuge at the local homeless shelter.",失去了工作和公寓之後，Sarah 在當地的無家可歸者收容所找到暫時的庇護。,,,,,,,,,,,,(n.),,,protection,,,,,,,,
高中,三民-B4-U8,,L4,B2,,shelter,[ˋʃɛltɚ],庇護,"During the storm, we sheltered those in need from the pouring rain.",在暴風雨期間，我們為需要幫助的人提供庇護，避免他們被大雨淋濕。,,,,,,,,,,,,(v.),,,protection,,,,,,,,
高中,三民-B4-U8,,,,,frightened,[`fraɪtṇd],害怕，恐懼,The little girl is frightened of the dark and always needs a nightlight on.,這個小女孩怕黑，總是需要開著小夜燈。,,,,,,,,,,,,(adj.),,be frightened of/about (doing) something,,,,,,,,,
高中,三民-B4-U8,,L3,B2,,frighten,[`fraɪtṇ],使害怕，使受到驚嚇,Don’t tell that ghost story again! You’re frightening me to death.,別再講那個鬼故事了！你把我嚇壞了。,,,,,,,,,,,,(v.),v.過去式：frightened；過去分詞：frightened；現在分詞：frightening,,"fright, scare",,,,,,,,
高中,三民-B4-U8,,L3,C1,,fright,[`fraɪt],恐懼,The unexpected encounter with the wild animal in the forest resulted in a moment of fright.,在森林裡意外巧遇野生動物，讓人一時心驚膽戰。,,,,,,,,,,,,(n.),v.過去式：frighted；過去分詞：frighted；現在分詞：frighting | n.複數：frights,,"scare, frighten, fear",bravery,,,,,,,
高中,三民-B4-U8,,L4,C2,,timid,[ˋtɪmɪd],膽怯的，膽小的,"The new student sat at the back of the class, looking timid and unsure of himself.",新同學坐在教室後方，看起來羞怯且對自己沒什麼自信。,,,,,,,,,,,,(adj.),adj.比較級：timider；最高級：timidest,,"faint, cautious, fearful, shy","bold, brave",,,,,,,
高中,三民-B4-U8,,L5,C1,,subsequent,[`sʌbsɪˏkwɛnt],接著的,"Unsatisfied with the first draft, the editor requested subsequent revisions to improve the clarity of the essay.",對於初稿不甚滿意，編輯要求後續的修改以提升文章的清晰度。,,,,,,,,,,,,(adj.),,,consequent,,,,,,,,
高中,三民-B4-U8,,,,,wag,[wæg],擺動(尾巴或手指),The happy dog wagged its tail excitedly as its owner came home.,主人回家時，那隻開心的狗興奮地搖著尾巴。,,,,,,,,,,,,(v.),,,,,,,,,,,
高中,三民-B4-U8,,,,,wag,[wæg],搖擺,The instructor pointed out the subtle wags of the horse’s ears as a sign of its growing impatience.,教練指著馬耳朵輕微擺動的動作，顯示牠越來越不耐煩。,,,,,,,,,,,,(n.),,,,,,,,,,,
高中,三民-B4-U8,,L3,C1,,detect,[dɪ`tɛkt],察覺，發現,I could detect a note of criticism when Paul talked about Sara’s performance at work.,當Paul談到Sara的工作表現時，我能察覺到一絲批評的意味。,,,,,,,,,,,,(v.),v.過去式：detected；過去分詞：detected；現在分詞：detecting,,"observe, find, notice, discover",,,,,,,,
高中,三民-B4-U8,,L4,B1,,detective,[dɪ`tɛktɪv],偵探，警探,"No matter how hard the detectives tried to make the murderer talk, she simply remained silent.",無論偵探們多麼努力想讓殺人兇手開口，她依然保持沉默。,,,,,,,,,,,,(n.),,,investigator,,,,,,,,
高中,三民-B4-U8,,L3,C2,,underlying,[͵ʌndɚˋlaɪɪŋ],潛在的，深層的,"While unemployment may not directly contribute to individuals to engage in criminal activities, it is actually an underlying cause of the increasing crime rate.",雖然失業可能不會直接導致個人從事犯罪活動，它事實上是犯罪率上升的潛在原因之一。,,,,,,,,,,,,(adj.),,an underlying cause/reason,"fundamental, implicit, inherent, basic",,,,,,,,
高中,三民-B4-U8,,,,,contentment,[kən`tɛntmənt],滿意，滿足,The artist found contentment in creating beautiful paintings that expressed her inner world.,那位藝術家從創作表達她內心世界的美麗畫作中獲得滿足感。,,,,,,,,,,,,(n.),,,,,,,,,,,
高中,三民-B4-U8,,L4,B1,,content,[kən`tɛnt],滿意的，滿足的,The retired couple was content with their simple life filled with gardening and spending time with their grandchildren.,這對退休的夫妻對他們簡單的生活感到滿足，享受種植花草和陪伴孫兒的時光。,,,,,,,,,,,,(adj.),,be content with . . .,"subject, substance, happy, capacity",,,,,,,,
高中,三民-B4-U8,,L4,B1,,content,[kən`tɛnt],使滿意,The tired traveler contented herself with a few hours of sleep before continuing her journey.,那位疲憊的旅人滿足於幾個小時的睡眠，然後繼續她的旅程。,,,,,,,,,,,,(v.),v.過去式：contented；過去分詞：contented；現在分詞：contenting | adj.比較級：more content；最高級：most content,content oneself with something,"subject, substance, happy, capacity",,,,,,,,
高中,三民-B4-U8,,L4,B2,,satisfaction,[͵sætɪsˋfækʃən],滿意，滿足,Frank gains a lot of satisfaction from cooking. He enjoys studying the recipes as well as tasting the dishes he makes.,Frank從烹飪中獲得很大的滿足。他喜歡研究食譜，也喜歡品嚐自己做的菜餚。,,,,,,,,,,,,(n.),n.複數：satisfactions,gain/get satisfaction from something,,,,,,,,,
高中,三民-B4-U8,,L3,B1,,confirm,[kənˋfɝm],證實，確認,The scientist conducted the experiment several times to confirm the result.,這位科學家進行了多次實驗來確認結果的正確性。,,,,,,,,,,,,(v.),v.過去式：confirmed；過去分詞：confirmed；現在分詞：confirming,confirm a result/finding,"sustain, affirm, support",contradict,,,,,,,
高中,三民-B4-U8,,,,,persistently,[pɚ`sɪstəntlɪ],持續地,The angry customer persistently called the customer service line until his issue was resolved.,那位憤怒的顧客持續地撥打客服專線，直到他的問題得到解決。,,,,,,,,,,,,(adv.),,,,,,,,,,,
高中,三民-B4-U8,,L6,C2,,persistent,[pɚ`sɪstənt],持續的,The persistent cough kept Rex awake all night.,這持續不斷的咳嗽讓Rex整晚無法入睡。,,,,,,,,,,,,(adj.),adj.比較級：more persistent；最高級：most persistent,,"relentless, continual",shed,,,,,,,
高中,三民-B4-U8,,L6,C2,,persistence,[pɚ`sɪstəns],堅持不懈,Success often requires hard work and persistence.,成功往往需要努力和堅持不懈。,,,,,,,,,,,,(n.),,,continuity,,,,,,,,
高中,三民-B4-U8,,L3,B2,,suspect,[sə`spɛkt],猜想，猜測,"Seeing the muddy footprints, the detectives suspected the thief to have entered through the back garden.",看到泥濘的腳印後，偵探們懷疑小偷是從後花園進入的。,,,,,,,,,,,,(v.),,,"queer, doubt, suspicious, funny","trust, bank, swear, rely",,,,,,,
高中,三民-B4-U8,,L3,B2,,suspect,[`sʌspɛkt],嫌疑犯,"The police brought in several suspects for questioning, hoping to identify the criminal.",警方傳喚幾名嫌疑人進行詢問，希望能識別出罪犯。,,,,,,,,,,,,(n.),,,"queer, doubt, suspicious, funny","trust, bank, swear, rely",,,,,,,
高中,三民-B4-U8,,L4,C1,,proceed,[prəˋsid],接著做,"The teacher first introduced the main topic of the lesson. Then, she proceeded to explain it in detail.",老師首先介紹了課程的主要主題。接著她進行了詳細的解釋。,,,,,,,,,,,,(v.),v.過去式：proceeded；過去分詞：proceeded；現在分詞：proceeding,proceed to do something,"keep, continue, go",,precede,pro- (in favor of (向前，支持)),,,,,
高中,三民-B4-U8,,L4,C1,,proceed,[prəˋsid],持續進行,Mr. Freeman stopped to take a sip of water and then proceeded with his speech.,Freeman先生停下來喝了口水，然後繼續進行他的演講。,,,,,,,,,,,,(v.),v.過去式：proceeded；過去分詞：proceeded；現在分詞：proceeding,proceed with something,"keep, continue, go",,precede,pro- (in favor of (向前，支持)),,,,,
高中,三民-B4-U8,,,,,embarrassed,[ɪm`bærəst],尷尬的,I am embarrassed about tripping in front of the entire class.,我因為在全班同學面前跌倒而感到尷尬。,,,,,,,,,,,,(adj.),,be embarrassed about (doing) something,,,,,,,,,
高中,三民-B4-U8,,,,,embarrass,[ɪm`bærəs],使尷尬，使為難,The coach embarrassed the player by criticizing his performance loudly on the field.,教練大聲批評這位球員的表現，讓他感到尷尬。,,,,,,,,,,,,(v.),v.過去式：embarrassed；過去分詞：embarrassed；現在分詞：embarrassing,,,,,,,,,,
高中,三民-B4-U8,,,,,embarrassment,[ɪm`bærəsmənt],尷尬，窘迫,Jack couldn’t hide his embarrassment of asking for help with the simplest task.,Jack無法掩飾自己因為向別人請求幫助最簡單的事情而感到的尷尬。,,,,,,,,,,,,(n.),,embarrassment of (doing) something,,,,,,,,,
高中,三民-B4-U8,,L4,B2,,assure,[ə`ʃᴜr],確信,The child’s caregiver assured the parents of their child’s well-being.,照顧孩子的看護向父母保證他們孩子的健康與安全。,,,,,,,,,,,,(v.),v.過去式：assured；過去分詞：assured；現在分詞：assuring,assure someone of something,"control, secure, see, check",worry,ensure;insure,,,,,,
高中,三民-B4-U8,,,,,intriguing,[ɪn`trigɪŋ],非常有趣的，引人入勝的,"The novel’s plot took an intriguing turn, throwing the main character into a dangerous new situation.",這部小說的情節出現一個引人入勝的轉折，把主角推入一個危險的新境地。,,,,,,,,,,,,(adj.),,,,,,,,,,,
高中,三民-B4-U8,,L6,,,intrigue,[ɪn`trig],使感興趣,The story Emma told me intrigued me. I can’t wait to hear more.,Emma講述的故事吸引了我的興趣，我迫不及待想聽更多。,,,,,,,,,,,,(v.),,,"scheme, fascinate",,,,,,,,
高中,三民-B4-U8,,L4,B1,,reception,[rɪ`sɛpʃən],感受，回應,The artist’s new painting received a mixed reception from critics.,這位藝術家的新畫作獲得了評論家褒貶不一的回應。,,,,,,,,,,,,(n.),n.複數：receptions,,"response, receipt",,,,,,,,
高中,三民-B4-U8,,L4,B1,,reception,[rɪ`sɛpʃən],招待會,The mayor will hold a reception at City Hall for the community leaders.,市長將在市政廳為社區領袖舉辦一場招待會。,,,,,,,,,,,,(n.),n.複數：receptions,hold/give/have a reception,"response, receipt",,,,,,,,
高中,三民-B4-U8,,,,,sincerely,[sɪn`sɪrlɪ],真誠地，誠實地,The manager sincerely congratulated the team on their outstanding performance.,經理真誠地祝賀團隊取得了卓越的成績。,,,,,,,,,,,,(adv.),,,,,,,,,,,
高中,三民-B4-U8,,L3,C1,,sincere,[sɪn`sɪr],真誠的,A sincere apology may include a sorry note and a way to make up for the wrongdoing.,一個真誠的道歉可能包含一張道歉信以及彌補過錯的方法。,,,,,,,,,,,,(adj.),adj.比較級：sincerer；最高級：sincerest,,"solemn, earnest, serious, genuine",,,,,,,,
高中,三民-B4-U8,,,,,woof,[wuf],狗叫聲,"I heard a loud woof from the neighbor's dog, which usually means someone is at the door.",我聽到鄰居的狗發出響亮的「汪」聲，這通常意味著有人在門口。,,,,,,,,,,,,(n.),,,,,,,,,,,
高中,三民-B4-U8,,,,,meow,[miˋaᴜ],貓叫聲,"My cat often greets me with a soft meow when I come home, asking for food or attention.",我的貓咪在我回家時經常發出輕柔的「喵」聲來迎接我，要求食物或關注。,,,,,,,,,,,,(n.),,,,,,,,,,,
高中,三民-B4-U8,,,,,decode,[diˋkod],破解,"The spy tried to decode the secret message using a special machine, hoping to find important information.",間諜試圖用一台特殊的機器破解秘密訊息，希望能找到重要的情報。,,,,,,,,,,,,(v.),,,,,,,,,,,
高中,三民-B4-U8,,,,,mistreat,[mɪsˋtrit],虐待,"It is absolutely wrong to mistreat animals, and we should always treat them with kindness and respect.",虐待動物是絕對錯誤的，我們應該永遠以善良和尊重對待牠們。,,,,,,,,,,,,(v.),,,,,,,,,,,
高中,三民-B4-U8,,,,,hiss,[hɪs],發出嘶嘶聲,"The angry cat began to hiss loudly at the dog, warning it to stay away from her kittens.",那隻生氣的貓開始對著狗大聲嘶嘶叫，警告牠遠離牠的小貓。,,,,,,,,,,,,(v.),,,,,,,,,,,
高中,三民-B4-U8,,,,,vocalization,[͵vokḷaɪˋzeʃən],發聲,Scientists study the different types of bird vocalization to understand how they communicate with each other.,科學家研究不同種類的鳥類發聲，以了解牠們如何彼此溝通。,,,,,,,,,,,,(n.),,,,,,,,,,,
高中,三民-B4-U8,,,,,purr,[pɝ],(貓) 發出呼嚕聲,"When I gently stroked the cat's fur, it started to purr softly, showing that it was very happy.",當我輕輕撫摸貓咪的毛時，牠開始輕柔地發出呼嚕聲，表示牠非常開心。,,,,,,,,,,,,(v.),,,,,,,,,,,
高中,三民-B4-U8,,,,,dachshund,[ˋdɑks͵hᴜnd],臘腸狗,My neighbor has a cute dachshund that loves to play in the park every morning.,我的鄰居養了一隻可愛的臘腸狗，牠每天早上都喜歡在公園玩耍。,,,,,,,,,,,,(n.),,,,,,,,,,,
高中,三民-B4-U8,,,,,to begin with,,首先，第一點,"The movie is brilliant. To begin with, it had an interesting plot. The actors were also incredible and the special effects were really cool.",這部電影很精彩。首先，它有一個有趣的情節。演員也很出色，特效也非常酷。,,,,,,,,,,,,(phr.),,,,,,,,,,,
高中,三民-B4-U8,,,,,push for something,,(向某人) 強烈要求，努力爭取,Activists are pushing the government for stricter environmental rules to combat climate change.,社會運動人士正在向政府強力要求實施更嚴格的環境規範以對抗氣候變遷。,,,,,,,,,,,,(phr.),,,,,,,,,,,
高中,三民-B4-U8,,,,,send out something,,發出 (光、聲音等),The alarm system will send out a warning if there is a security violation.,如果發生違規的情況，警報系統將發出警告。,,,,,,,,,,,,(phr.),,,,,,,,,,,
高中,三民-B4-U8,,,,,be met with something,,引起…反應,The announcement of job cuts was met with criticism from the employees who felt the news came too suddenly.,宣布裁員的消息引起員工的批評，因為他們認為這個消息來得太突然。,,,,,,,,,,,,(phr.),,,,,,,,,,,
高中,三民-B4-U8,,,,,an educated guess,,根據經驗做出的猜測,"Unable to conduct a thorough investigation, the officer relied on his experience and made an educated guess about what had occurred at the murder scene.",由於無法進行徹底的調查，這名警官依靠自身經驗，對謀殺現場發生的事作出了有根據的推測。,,,,,,,,,,,,(phr.),,,,,,,,,,,
高中,三民-B4-U9,,L6,C1,,injustice,[ɪnˋdʒʌstɪs],不公正，不正義,The protestors demanded an end to the injustices against women in the workplace.,抗議者要求終結職場對女性的各種不公。,,,,,,,,,,,,(n.),n.複數：injustices,,,justice,,,,,,,
高中,三民-B4-U9,,L4,B2,,context,[ˋkɑntɛkst],(事情存在、發生的) 背景，環境,Understanding the historical context of the novel helps readers appreciate its themes more deeply.,理解該小說的歷史背景有助於讀者更深入地欣賞其主題。,,,,,,,,,,,,(n.),n.複數：contexts,in the context (of something),circumstance,,,,,,,,
高中,三民-B4-U9,,L5,C1,,uncover,[ʌnˋkʌvɚ],揭露，發現,"After three years of exploration, the treasure hunter finally uncovered the hidden treasure on this island.",經過三年的探索，尋寶者終於發現藏在這座島上的寶藏。,,,,,,,,,,,,(v.),v.過去式：uncovered；過去分詞：uncovered；現在分詞：uncovering,,"reveal, unveil, expose",cover,,,,,,,
高中,三民-B4-U9,,L4,B2,,tragic,[ˋtrædʒɪk],悲劇性的，悲慘的,"The news of the superstar’s tragic death shocked everyone, especially his fans.",這位巨星悲慘去世的消息震驚了所有人，尤其是他的粉絲。,,,,,,,,,,,,(adj.),adj.比較級：more tragic；最高級：most tragic,a tragic death/loss,sad,,,,,,,,
高中,三民-B4-U9,,L4,B2,,tragedy,[ˋtrædʒədɪ],悲劇，慘劇,The workers demand stricter safety measures in the factory before a tragedy happens.,工人要求在悲劇發生之前，工廠應採取更嚴格的安全措施。,,,,,,,,,,,,(n.),n.複數：tragedies,a tragedy happens/occurs,"catastrophe, disaster",comedy,,,,,,,
高中,三民-B4-U9,,L3,C2,,bind,[baɪnd],綑綁,"To prevent the heavy load from moving during the storm, the sailor skillfully bound it to the deck.",為了防止重物在暴風雨中移動，水手熟練地將其綑綁在甲板上。,,,,,,,,,,,,(v.),v.過去式：bound；過去分詞：bound；現在分詞：binding | n.複數：binds,bind . . . to something,"hold, oblige, stick, tie",,,,,,,,
高中,三民-B4-U9,,,,,racist,[ˋresɪst],種族主義的,The movie was criticized for its racist portrayal of certain characters.,這部電影因為對某些角色的種族主義刻畫而受到批評。,,,,,,,,,,,,(adj.),,,,,,,,,,,
高中,三民-B4-U9,,L5,B2,,racism,[ˋresɪzəm],種族歧視,The educational institution has implemented programs to combat racism.,這所教育機構已實施計畫以打擊種族歧視。,,,,,,,,,,,,(n.),,,,,,,,,,,
高中,三民-B4-U9,,L4,C1,,associate,[əˋsoʃɪ͵et],把…聯想在一起,"People usually associate summer with ice cream, beaches, and swimming.",人們通常將夏天與冰淇淋、海灘和游泳聯想在一起。,,,,,,,,,,,,(v.),,associate . . . with . . .,"familiar, companion, fellow, link",,,,,,,,
高中,三民-B4-U9,,,,,associated,[əˋsoʃɪ͵etɪd],有關聯的，相關的,"The left side of the human brain is the center of language and math, while the right is associated with the ability to express emotions.",人類大腦的左半邊是語言和數學中心，而右半邊則與情感表達的能力相關。,,,,,,,,,,,,(adj.),,be associated with (doing) something,,,,,,,,,
高中,三民-B4-U9,,L4,C1,,associate,[əˋsoʃɪɪt],同事，(生意) 夥伴,"After completing her training, Jane became a valuable associate in the research department. She came up with various exciting projects.",完成訓練後，Jane成為研究部門中一位重要的夥伴。她提出了許多令人感到興奮的專案。,,,,,,,,,,,,(n.),,,"familiar, companion, fellow, link",,,,,,,,
高中,三民-B4-U9,,L4,B2,,association,[ə͵sosɪˋeʃən],協會，社團,"To make the area cleaner and teach everyone about taking care of our surroundings, the local association organized a community clean-up event.",為了讓這個地區更乾淨並教育大家愛護環境，當地協會組織了一場社區清掃活動。,,,,,,,,,,,,(n.),n.複數：associations,,"connection, tie",,,,,,,,
高中,三民-B4-U9,,L5,C1,,minimize,[ˋmɪnə͵maɪz],使降到最低限度；使減到最少,The company introduced new energy-saving measures to minimize its carbon footprint.,這家公司推出了新的節能措施以將碳足跡降到最低。,,,,,,,,,,,,(v.),v.過去式：minimized；過去分詞：minimized；現在分詞：minimizing,,,"amplify, magnify, exaggerate",,,,,,,
高中,三民-B4-U9,,L4,,,labor,[ˋlebɚ],(體力) 勞動,The farmers endured hours of labor under the blazing sun to harvest their crops.,農民在烈日下忍受數小時的勞動來收割穀物。,,,,,,,,,,,,(n.),,,"project, drive, push, task",,,,,,,,
高中,三民-B4-U9,,L4,,,labor,[ˋlebɚ],埋頭苦幹，辛勤工作,"For years, thousands of workers have labored to dig the tunnel through this mountain.",多年來，數千名工人辛勤工作，挖掘穿越這座山的隧道。,,,,,,,,,,,,(v.),,labor to do something,"project, drive, push, task",,,,,,,,
高中,三民-B4-U9,,L5,,,mock,[mɑk],嘲弄，譏笑,Lisa was punished by her teacher because she mocked the timid boy.,Lisa 因為嘲笑那個膽小的男孩而被老師懲罰。,,,,,,,,,,,,(v.),,,mimic,,,,,,,,
高中,三民-B4-U9,,L5,,,mock,[mɑk],假的，仿製的,"As part of their preparation for the final exam, the students took a mock examination to find out what they needed to work on.",作為期末考試準備的一部分，學生們參加了一場模擬考以找出他們需要加強的地方。,,,,,,,,,,,,(adj.),,a mock examination/interview,mimic,,,,,,,,
高中,三民-B4-U9,,L5,C1,,undergo,[͵ʌndɚˋgo],經歷,"After the car accident, the broken vehicle was sent to undergo repairs at a car repair shop.",車禍後，這輛損壞的汽車被送去修理廠進行修理。,,,,,,,,,,,,(v.),v.過去式：underwent；過去分詞：undergone；現在分詞：undergoing,undergo repairs/tests/trials,"experience, have, take, submit",,,,,,,,
高中,三民-B4-U9,,L6,,,excerpt,[ˋɛksɝpt],摘錄，節錄,The teacher assigned the students to analyze an excerpt from this document as their midterm project.,老師指派學生分析這份文件中的一段摘錄作為期中報告。,,,,,,,,,,,,(n.),,an excerpt from/of something,"extract, selection",,,,,,,,
高中,三民-B4-U9,,L6,,,excerpt,[ɪkˋsɝpt],引用，摘錄,The magazine editor chose to excerpt a quote from an appealing interview for the cover story.,雜誌編輯選擇從一個引人入勝的訪談中摘錄一句話作為封面故事。,,,,,,,,,,,,(v.),,excerpt something (from something),"extract, selection",,,,,,,,
高中,三民-B4-U9,,L5,,,beloved,[bɪˋlʌvɪd],愛人,"Cynthia is Mario’s beloved, his closest confidant, and his greatest source of joy.",Cynthia是Mario的摯愛，他最親密的知己，也是他最大的快樂來源。,,,,,,,,,,,,(n.),,,"love, honey, darling, dear",,,,,,,,
高中,三民-B4-U9,,L5,,,beloved,[bɪˋlʌvɪd],心愛的，熱愛的,"The old bookstore was a beloved gathering place for locals, filled with cherished memories.",這家老書店是深受當地人喜愛的聚會場所，充滿珍貴的回憶。,,,,,,,,,,,,(adj.),,,"love, honey, darling, dear",,,,,,,,
高中,三民-B4-U9,,L4,B2,,offensive,[əˋfɛnsɪv],冒犯的,"During the meeting, Ray made offensive comments that caused discomfort among his colleagues.",在會議中，Ray 發表了冒犯性的言論，引起了同事們的不滿。,,,,,,,,,,,,(adj.),n.複數：offensives,,"wicked, foul, rank",defensive,,,,,,,
高中,三民-B4-U9,,L4,B2,,offend,[əˋfɛnd],冒犯,"Laura’s jokes often offend her friends, making them uncomfortable.",Laura的笑話經常冒犯她的朋友，讓他們感到不舒服。,,,,,,,,,,,,(v.),v.過去式：offended；過去分詞：offended；現在分詞：offending,,"break, outrage, spite, hurt",,,,,,,,
高中,三民-B4-U9,,L4,,,offense,[əˋfɛns],冒犯,Jack apologized sincerely for any offense his words may have caused during the heated debate.,Jack為他在激烈的辯論中可能引起冒犯的言語真誠地道歉。,,,,,,,,,,,,(n.),n.複數：offences,cause/give any offense,"offensive, violation",defense,,,,,,,
高中,三民-B4-U9,,L4,B2,,elsewhere,[ˋɛls͵hwɛr],他處,"Daisy couldn't find her keys in the living room, so she checked elsewhere in the house.",Daisy在客廳找不到她的鑰匙，於是到屋中其他地方尋找。,,,,,,,,,,,,(adv.),,,,,,,,,,,
高中,三民-B4-U9,,,,,given,[ˋgɪvən],考慮到，鑑於,"Given the fast development of technology, people need to find ways to take advantage of it.",鑑於科技的快速發展，人們需要想辦法善加利用。,,,,,,,,,,,,(prep.),,,,,,,,,,,
高中,三民-B4-U9,,L4,B2,,creation,[kriˋeʃən],創造,The creation of the new sculpture in the park attracted a lot of visitors.,公園裡新雕塑的創作吸引了大量遊客。,,,,,,,,,,,,(n.),n.複數：creations,the creation of . . .,"existence, conception, foundation, world",,,,-tion (state or action (狀態或行動)),,,,
高中,三民-B4-U9,,L3,C2,,sorrow,[ˋsɑro],悲傷,Amanda felt deep sorrow at the fact that her father was suffering from a rare disease.,Amanda 對父親罹患罕見疾病深感悲痛。,,,,,,,,,,,,(n.),v.過去式：sorrowed；過去分詞：sorrowed；現在分詞：sorrowing | n.複數：sorrows,sorrow at/for/over something,"grief, regret, grieve",joy,,,,,,,
高中,三民-B4-U9,,L4,B2,,frustration,[frʌˋstreʃən],失意，挫敗,The man looked at his broken computer in frustration because he didn’t know how to fix it.,那名男子挫敗地看著壞掉的電腦，因為他不知道該如何修理它。,,,,,,,,,,,,(n.),n.複數：frustrations,in/with frustration,defeat,,,,,,,,
高中,三民-B4-U9,,L4,,,frustrate,[ˋfrʌstret],使失意，使挫敗,It frustrated Nora that she had done her best to prepare for the final exam but still failed.,Nora感到沮喪的是，她盡全力準備期末考試，卻仍然未通過。,,,,,,,,,,,,(v.),v.過去式：frustrated；過去分詞：frustrated；現在分詞：frustrating,,"torment, queer, cross, spoil",,,,,,,,
高中,三民-B4-U9,,,,,acknowledge,[əkˋnɑlɪdʒ],承認,The car manufacturer reluctantly acknowledged that there was a major fault in the design of its car.,汽車製造商不情願地承認其汽車設計存在重大缺陷。,,,,,,,,,,,,(v.),v.過去式：acknowledged；過去分詞：acknowledged；現在分詞：acknowledging,acknowledge that,,,,,,,,,
高中,三民-B4-U9,,,,,acknowledgment,[əkˋnɑlɪdʒmənt],承認,There is a general acknowledgment of the fact that the disappearance of bee colonies is linked to the use of pesticides.,人們普遍承認蜂群的消失與殺蟲劑的使用有關。,,,,,,,,,,,,(n.),,an acknowledgment of,,,,,,,,,
高中,三民-B4-U9,,L4,B2,,extent,[ɪkˋstɛnt],程度,The extent of the damage caused by the typhoon was far greater than anyone had expected.,颱風造成的損害範圍遠超乎任何人的預期。,,,,,,,,,,,,(n.),n.複數：extents,the extent of . . .,,,,,,,,,
高中,三民-B4-U9,,L4,B2,,extent,[ɪkˋstɛnt],面積，範圍,The surveyor measured the extent of the land to determine its boundaries accurately.,測量員測量了土地的範圍，以精準地確定其邊界。,,,,,,,,,,,,(n.),n.複數：extents,,,,,,,,,,
高中,三民-B4-U9,,L4,B1,,accompany,[əˋkʌmpənɪ],和…一起發生，伴隨,"The beauty of the sunset was accompanied by the gentle sound of ocean waves, creating a peaceful atmosphere that charmed everyone at the beach.",日落美景伴隨著海浪的輕聲拍打，營造出寧靜的氛圍，讓沙灘上所有人都為之陶醉。,,,,,,,,,,,,(v.),v.過去式：accompanied；過去分詞：accompanied；現在分詞：accompanying,be accompanied by something,"companion, company, follow",,,,,,,,
高中,三民-B4-U9,,L4,B1,,accompany,[əˋkʌmpənɪ],伴隨，陪伴,Mr. Keys accompanied his wife to her high school class reunion. Both of them had a good time.,Keys先生陪同他的妻子參加她的高中同學會，兩人都玩得很開心。,,,,,,,,,,,,(v.),v.過去式：accompanied；過去分詞：accompanied；現在分詞：accompanying,,"companion, company, follow",,,,,,,,
高中,三民-B4-U9,,L6,C1,,comprehensive,[͵kɑmprɪˋhɛnsɪv],全面的，詳盡的,These researchers conducted a comprehensive study over several months to understand the factors influencing the decrease in bird populations.,這些研究人員進行了一項為期數月的全面研究，以了解影響鳥類數量減少的因素。,,,,,,,,,,,,(adj.),n.複數：comprehensives,a comprehensive study/review/survey/account,"broad, extensive, general, large",,,,,,,,
高中,三民-B4-U9,,L4,B1,,explanation,[͵ɛkspləˋneʃən],解釋，說明,"Mark has to give a good explanation for being late, or he will lose the chance to be interviewed for the job.",Mark必須對遲到給出合理的解釋，否則他將失去面試該工作的機會。,,,,,,,,,,,,(n.),n.複數：explanations,an explanation for (doing) something,account,,,,,,,,
高中,三民-B4-U9,,L4,C2,,dignity,[ˋdɪgnətɪ],尊嚴,"We should treat our fellow human beings with respect, as everyone deserves to be treated with dignity.",我們應該以尊重的態度對待他人，因為每個人都值得受到有尊嚴的對待。,,,,,,,,,,,,(n.),n.複數：dignities,with dignity,,,,,,,,,
高中,三民-B4-U9,,L4,C2,,dignity,[ˋdɪgnətɪ],自尊,Experts recommend avoiding physical punishment on children because it takes away their dignity and potentially causes harm to their well-being.,專家建議避免對孩子進行體罰，因為這會剝奪他們的尊嚴，並可能對他們的身心健康造成傷害。,,,,,,,,,,,,(n.),n.複數：dignities,,,,,,,,,,
高中,三民-B4-U9,,L4,B2,,nevertheless,[͵nɛvɚðəˋlɛs],然而，儘管如此,"It’s the coldest winter in fifty years. Nevertheless, the children were excited to go out to build a snowman.",這是五十年來最寒冷的冬天。儘管如此，孩子們還是興奮地出去堆雪人。,,,,,,,,,,,,(adv.),,,"however, yet, still",,,,,,,,
高中,三民-B4-U9,,L4,C2,,strive,[straɪv],努力，力爭,"Although Anna faced many challenges, she kept striving to achieve her dream of becoming an astronaut.",儘管Anna面臨許多挑戰，她仍然努力實現成為太空人的夢想。,,,,,,,,,,,,(v.),v.過去式：strove；過去分詞：striven；現在分詞：striving,strive to do something,"endeavor, strain, reach",,,,,,,,
高中,三民-B4-U9,,,,,catchy,[ˋkætʃɪ],琅琅上口的,"The new pop song has a very catchy melody, and everyone is singing it.",這首新流行歌的旋律非常琅琅上口，每個人都在唱。,,,,,,,,,,,,(adj.),,,,,,,,,,,
高中,三民-B4-U9,,,,,lyrics,[ˋlɪrɪks],歌詞,She wrote down the lyrics of her favorite song so she could sing along perfectly.,她寫下了她最喜歡的歌的歌詞，這樣她就能完美地跟著唱。,,,,,,,,,,,,(n.),,,,,,,,,,,
高中,三民-B4-U9,,,,,minstrel,[ˋmɪnstrəl],化暗妝扮演黑人的歌舞表演者,"In the 19th century, a minstrel often performed in shows that unfortunately involved blackface makeup.",在19世紀，化暗妝扮演黑人的歌舞表演者經常在表演中出現，不幸地涉及黑臉妝。,,,,,,,,,,,,(n.),,,,,,,,,,,
高中,三民-B4-U9,,,,,blackface,[ˋblæk͵fes],黑臉妝,Using blackface makeup is now widely considered offensive and inappropriate due to its racist history.,由於其種族歧視的歷史，使用黑臉妝現在被廣泛認為是冒犯和不恰當的。,,,,,,,,,,,,(n.),,,,,,,,,,,
高中,三民-B4-U9,,,,,enslave,[ɪnˋslev],奴役,It is morally wrong for anyone to enslave another person and take away their freedom.,任何人奴役他人並剝奪其自由都是道德上錯誤的。,,,,,,,,,,,,(v.),,,,,,,,,,,
高中,三民-B4-U9,,,,,inhumane,[͵ɪnhjuˋmen],不人道的,Many people believe that keeping animals in small cages is an inhumane practice.,許多人認為將動物關在小籠子裡是一種不人道的行為。,,,,,,,,,,,,(adj.),,,,,,,,,,,
高中,三民-B4-U9,,,,,New Orleans,[nju ˋɔrlɪɔnz],紐奧良,New Orleans is a vibrant city in the USA known for its unique music and delicious Creole cuisine.,紐奧良是美國一個充滿活力的城市，以其獨特的音樂和美味的克里奧爾美食而聞名。,,,,,,,,,,,,(n.),,,,,,,,,,,
高中,三民-B4-U9,,,,,to this day,,到現在,"The story of my great-grandparents' love, passed down through generations, is still told to this day.",我曾祖父母的愛情故事代代相傳，至今仍被講述。,,,,,,,,,,,,(phr.),,,,,,,,,,,
高中,三民-B4-U9,,,,,factor in something,,把…因素包括進去,"While Sarah was designing the new building, she factored in the potential impact on the surrounding environment.",Sarah在設計新建築時，有將對周圍環境潛在的影響納入考量。,,,,,,,,,,,,(phr.),,,,,,,,,,,
高中,三民-B4-U9,,,,,strip someone of something,,剝奪,"The disease stripped Alan of his ability to walk, leaving him dependent on a wheelchair.",這種疾病剝奪了Alan行走的能力，使他得依賴輪椅生活。,,,,,,,,,,,,(phr.),,,,,,,,,,,
高中,三民-B4-U9,,,,,put on something,,演出，舉辦,"To celebrate the school’s anniversary, the students decided to put on a talent show to share what they are good at.",為了慶祝校慶，學生們決定舉辦一場才藝表演來展示自己的才華。,,,,,,,,,,,,(phr.),,,,,,,,,,,
高中,三民-B4-U9,,,,,as/so long as,,只要,Mike told Kevin that he could borrow his bike as long as he promised to return it by evening.,Mike告訴Kevin，只要他承諾晚上歸還就可以借他的自行車。,,,,,,,,,,,,(phr.),,,,,,,,,,,
高中,三民-B5-U1,,,,,enrich,[ɪn`rɪtʃ],(使) 豐富,The museum’s new exhibition will enrich visitors’ understanding of ancient civilizations through interactive displays.,博物館的新展覽將透過互動展示增進參觀者對古代文明的理解。,,,,,,,,,,,,(v.),v.過去式：enriched；過去分詞：enriched；現在分詞：enriching,,,,,,,,,,
高中,三民-B5-U1,,,,,enrichment,[ɪn`rɪtʃmənt],充實，豐富,"The after-school program offers significant enrichment opportunities for students in areas such as the arts, science, and sports.",課後計畫為學生在藝術、科學和運動等領域提供了豐富的延伸學習機會。,,,,,,,,,,,,(n.),,,,,,,,,,,
高中,三民-B5-U1,,,,,undertaking,[ˏʌndɚ`tekɪŋ],工作，任務,"Founding a company is a significant undertaking, requiring a strong focus on market research and business strategy.",創立公司是一項重大的任務，需要高度重視市場調查與商業策略。,,,,,,,,,,,,(n.),,,,,,,,,,,
高中,三民-B5-U1,,L5,C1,,undertake,[ˏʌndɚ`tek],承擔,"To enhance community engagement, the nonprofit organization will undertake a project aimed at creating a more inclusive public space.",為了提升社區參與度，該非營利組織將執行一項計畫，目標是打造一個更加包容的大眾空間。,,,,,,,,,,,,(v.),v.過去式：undertook；過去分詞：undertaken；現在分詞：undertaking,undertake a project/a task/research/a study,"contract, attempt, guarantee, tackle",,,,,,,,
高中,三民-B5-U1,,L5,,,coordinate,[ko`ɔrdṇˏet],使協調，使相互配合,"To launch the new campaign effectively, the manager coordinated the work of every member in the sales team.",為了有效推動這項新活動，主管協調了銷售團隊中每一位成員的工作。,,,,,,,,,,,,(v.),,,"align, organize, equal",,,"co- (with, jointly (共同))",,,,,
高中,三民-B5-U1,,,,,coordination,[koˏɔrdṇ`eʃən],協調,The project’s timeline was greatly improved owing to the coordination between the design team and the engineering department.,由於設計團隊與工程部門之間的協調，專案的進度時程大幅改善。,,,,,,,,,,,,(n.),,coordination between,,,,,,,,,
高中,三民-B5-U1,,,,,coordinator,[ko`ɔrdṇetɚ],協調者,The program coordinator worked closely with educators and parents to create lesson plans that met the needs of all students.,課程協調員與教育工作者和父母們密切合作，制定能滿足所有學生需求的教學計畫。,,,,,,,,,,,,(n.),,,,,,,,,,,
高中,三民-B5-U1,,L5,B2,,venue,[`vɛnju],場地,"After searching for weeks, the couple finally found the perfect venue for their outdoor wedding, which featured breathtaking views and enough space for all the guests.",經過數週的尋找，這對新人終於找到了理想的戶外婚禮場地，該地點擁有令人嘆為觀止的景色，且空間足夠容納所有賓客。,,,,,,,,,,,,(n.),n.複數：venues,,,,,,,,,,
高中,三民-B5-U1,,L5,C1,,revenue,[`rɛvəˏnju],收入,"To address budget shortfalls, the city council proposed new policies aimed at increasing revenue from tourism and local businesses.",為了解決預算短缺的問題，市議會提出了新政策，旨在增加來自旅遊業和在地商家的收入。,,,,,,,,,,,,(n.),n.複數：revenues,,gross,,,,,,,,
高中,三民-B5-U1,,L6,C1,,surge,[sɝdʒ],遽增,"Dietary changes and increased fitness awareness led to a surge in demand for healthy, organic food options at supermarkets.",飲食習慣的改變和健康意識的提升使得超市中對健康有機食品的需求激增。,,,,,,,,,,,,(n.),,a surge in something,"rush, soar, tide, zoom",,,,,,,,
高中,三民-B5-U1,,L6,C1,,surge,[sɝdʒ],遽增，激烈上升,Interest in the new video game surged after its exciting trailer was released.,這款新電玩遊戲在推出精彩預告片後，瞬間引起了熱烈關注。,,,,,,,,,,,,(v.),,,"rush, soar, tide, zoom",,,,,,,,
高中,三民-B5-U1,,L5,C1,,attendance,[ə`tɛndəns],出席人數,Improving attendance at early morning classes became a priority after the school noticed a pattern of late arrivals.,在學校注意到遲到的趨勢後，提升早上課程的出席率成為當務之急。,,,,,,,,,,,,(n.),n.複數：attendances,,,,,,,,,,
高中,三民-B5-U1,,L5,C1,,attendance,[ə`tɛndəns],出席,"The coach was always in attendance during practice, offering guidance and support to improve the athletes’ performance.",教練在每次練習時都到場，提供指導和支持，以提升運動員的表現。,,,,,,,,,,,,(n.),n.複數：attendances,,,,,,,,,,
高中,三民-B5-U1,,L6,C2,,revival,[rɪ`vaɪvḷ],復甦,"There has been a revival of 1980s fashion trends, with many designers drawing inspiration from the vibrant styles of that decade.",1980年代的時尚潮流已經復甦，許多設計師都從那個年代充滿活力的風格中汲取靈感。,,,,,,,,,,,,(n.),n.複數：revivals,a revival of/in something,,,,,,,,,
高中,三民-B5-U1,,L5,B2,,sensation,[sɛn`seʃən],(usu. sing.) 造成轟動的人物或事件,"The film became a media sensation after its release, with reviews, interviews, and fan discussions dominating social media platforms.",這部電影上映後成為媒體熱議的焦點，評論、訪談和影迷的討論席捲了社群媒體平臺。,,,,,,,,,,,,(n.),n.複數：sensations,a media/pop/fashion sensation,"sense, genius, star",,,,,,,,
高中,三民-B5-U1,,L5,B2,,sensation,[sɛn`seʃən],感覺，知覺,"Blake enjoys a sensation of water rushing over her feet, which is why she goes to the beach in every season.",Blake喜歡水流沖過雙腳的感覺，這也是她每個季節都會去海邊的原因。,,,,,,,,,,,,(n.),n.複數：sensations,a sensation of something,"sense, genius, star",,,,,,,,
高中,三民-B5-U1,,L5,C1,,presume,[prɪ`zum],假定,"According to the law, a person is presumed innocent until there is enough evidence to prove him or her guilty.",根據法律，人在未有足夠證據證明其有罪之前，應假定為無罪。,,,,,,,,,,,,(v.),v.過去式：presumed；過去分詞：presumed；現在分詞：presuming,,assume,,,,,,,,
高中,三民-B5-U1,,,,,presumption,[prɪ`zʌmpʃən],假定,"On the presumption that the pandemic will retreat soon, the global economy is expected to rebound and grow next year.",假設疫情即將緩解，預計全球經濟將在明年回升並成長。,,,,,,,,,,,,(n.),,on the presumption that,,,,,,,,,
高中,三民-B5-U1,,L5,C2,,confine,[kən`faɪn],限制,"During the renovation, the family was confined to living in the guesthouse to avoid the construction site.",在裝修期間，一家人為了避開施工現場而被限制住在小型旅館。,,,,,,,,,,,,(v.),v.過去式：confined；過去分詞：confined；現在分詞：confining,be confined to (doing) something,"hold, restrain, limit, detain","free, release, loose, liberate",,,,,,,
高中,三民-B5-U1,,,,,confinement,[kən`faɪnmənt],限制,"For many people, the confinement imposed by remote work during the pandemic led to a reevaluation of their work-life balance and daily routines.",對許多人而言，疫情期間因遠距工作所帶來的限制，促使他們重新審視自己的工作與生活平衡以及日常作息。,,,,,,,,,,,,(n.),,,,,,,,,,,
高中,三民-B5-U1,,L6,C1,,hospitality,[ˏhɑspɪ`tælətɪ],招待，款待,"VIP guests were welcomed into the hospitality suite, where they enjoyed a variety of mouth-watering snacks and fine wines.",貴賓們被迎進貴賓室，在那裡享用各種令人垂涎的點心和美酒。,,,,,,,,,,,,(n.),,hospitality suite,,,,,,,,,
高中,三民-B5-U1,,L6,C1,,hospitality,[ˏhɑspɪ`tælətɪ],好客，友好,"At the cultural festival, the local community’s hospitality was evident through the traditional dishes and friendly conversations between locals and visitors.",在文化節中，當地社區的熱情好客表現在傳統料理以及居民與遊客之間的親切交談中。,,,,,,,,,,,,(n.),,,,,,,,,,,
高中,三民-B5-U1,,L6,C1,,hospitable,[`hɑspɪtəbḷ],友好的，好客的,"The high school students were very hospitable toward the new exchange students, making them feel welcome immediately.",那些高中生對新來的交換學生非常友善，讓他們立刻感受到受歡迎的氛圍。,,,,,,,,,,,,(adj.),,be hospitable toward/to someone,kind,,,,,,,,
高中,三民-B5-U1,,L5,,,array,[ə`re],一批，一系列,"The store had an array of electronic products, from the latest cellphones to high-tech home assistants.",這家店有一系列電子產品，從最新款的手機到高科技家庭助理都有。,,,,,,,,,,,,(n.),v.過去式：arrayed；過去分詞：arrayed；現在分詞：arraying | n.複數：arrays,an array of . . .,"range, align",,,,,,,,
高中,三民-B5-U1,,L4,B1,,agency,[`edʒənsɪ],機構，局處,An advertising agency helped the company create a campaign that significantly increased its brand visibility.,一家廣告公司協助該企業打造了一場活動，顯著提升了品牌的能見度。,,,,,,,,,,,,(n.),n.複數：agencies,a(n) advertising/travel/employment agency,"authority, office, representation, way",,,,,,,,
高中,三民-B5-U1,,L4,B1,,enormous,[ɪ`nɔrməs],巨大的，龐大的,The team faced an enormous challenge in completing the project by the tight deadline.,團隊面臨巨大的挑戰，要在緊迫的期限內完成這項專案。,,,,,,,,,,,,(adj.),,,"tremendous, large, big",,,,,,,,
高中,三民-B5-U1,,L6,,,exert,[ɪg`zɝt],運用，施加(影響),The environmental organization plans to exert more pressure on the oil companies to reduce their pollution.,環保組織計畫對石油公司施加更多壓力，以減少其汙染。,,,,,,,,,,,,(v.),v.過去式：exerted；過去分詞：exerted；現在分詞：exerting,,"maintain, exercise",,,,,,,,
高中,三民-B5-U1,,,,,exertion,[ɪg`zɝʃən],盡力,"Studying for exams requires considerable mental exertion, so it’s important for students to develop strategies to manage stress.",讀書準備考試需要大量的心力，因此學生培養紓壓策略是很重要的。,,,,,,,,,,,,(n.),,mental/physical exertion,,,,,,,,,
高中,三民-B5-U1,,,,,disruption,[dɪs`rʌpʃən],干擾,Heavy rain brought a disruption to the outdoor concert last night.,昨晚的戶外演唱會因大雨而受到干擾。,,,,,,,,,,,,(n.),,a disruption to something,,,,,,,,,
高中,三民-B5-U1,,L5,B2,,justify,[`dʒʌstəˏfaɪ],證明(某事) 合理性,Matthew tried to justify staying at work late to his wife by explaining how his additional hours would help fund their upcoming vacation.,Matthew試著向妻子解釋他加班的合理性，說明這些額外工時有助於籌措他們即將到來的假期費用。,,,,,,,,,,,,(v.),v.過去式：justified；過去分詞：justified；現在分詞：justifying,justify doing something,"free, excuse, warrant, apologize","fault, blame",,,,,,,
高中,三民-B5-U1,,,,,justification,[ˏdʒʌstəfə`keʃən],理由,"The company needed a strong justification for implementing a new software system, including evidence of how it would improve operations.",公司需要一個強而有力的理由來推行新的軟體系統，包括這套系統將如何改善營運的證據。,,,,,,,,,,,,(n.),,a justification for (doing) something,,,,,,,,,
高中,三民-B5-U1,,L5,B2,,massive,[`mæsɪv],大量的,"The campaign generated a massive response from the public, with thousands of people participating and showing support.",這場活動引起了民眾熱烈的回應，成千上萬的人參與並表達支持。,,,,,,,,,,,,(adj.),,,"heavy, large, big, solid",,,,,,,,
高中,三民-B5-U1,,L6,,,endeavor,[ɪn`dɛvɚ],努力,The volunteers made every endeavor to support the community during the crisis by organizing food drives and providing essential services.,志工們在危機期間竭盡全力支援社區，發起食物募捐活動並提供基本服務。,,,,,,,,,,,,(n.),,make every endeavor to do something,"strive, effort, attempt, try",,,,,,,,
高中,三民-B5-U1,,L6,,,endeavor,[ɪn`dɛvɚ],努力,Governments should endeavor to protect freedom of speech by developing policies that promote open dialogue.,政府應致力於保護言論自由，可藉由制定促進公開對話的政策來實現這一目標。,,,,,,,,,,,,(v.),,endeavor to do something,"strive, effort, attempt, try",,,,,,,,
高中,三民-B5-U1,,L5,C1,,fabric,[`fæbrɪk],sing. 結構,"Equality and justice are crucial to the fabric of a democratic society, as they ensure that everyone’s rights are protected.",平等和正義對民主社會的結構至關重要，因為它們確保每個人的權利都受到保障。,,,,,,,,,,,,(n.),n.複數：fabrics,the fabric of something,"framework, material, cloth, textile",,,,,,,,
高中,三民-B5-U1,,L5,C1,,fabric,[`fæbrɪk],織物，布料,Efforts to improve labor conditions highlight the importance of ensuring fair wages for workers producing cotton and silk fabrics.,改善勞動條件的努力突顯了確保棉布與絲織品工人獲得公平工資的重要性。,,,,,,,,,,,,(n.),n.複數：fabrics,,"framework, material, cloth, textile",,,,,,,,
高中,三民-B5-U1,,L4,B2,,priority,[praɪ`ɔrətɪ],優先事項,Transitioning to renewable energy sources is a top priority for reducing our carbon footprint and combating global warming.,轉向可再生能源是減少碳足跡和對抗全球暖化的首要任務。,,,,,,,,,,,,(n.),n.複數：priorities,a top/first/main priority,,,,,,,,,
高中,三民-B5-U1,,L6,,,elevate,[`ɛləˏvet],提升,The new policy is expected to elevate the country’s global standing in terms of economic growth.,新政策預期將提升該國在經濟成長方面的國際地位。,,,,,,,,,,,,(v.),v.過去式：elevated；過去分詞：elevated；現在分詞：elevating,,"advance, promote, raise, lift","break, lower, bump",,,,,,,
高中,三民-B5-U1,,L5,B2,,unlock,[ʌn`lɑk],開啟,Unlocking the full potential of AI in healthcare can lead to more accurate and personalized treatment plans for patients.,充分發揮人工智慧在醫療領域的潛力，可為病患提供更精準且個人化的治療方案。,,,,,,,,,,,,(v.),v.過去式：unlocked；過去分詞：unlocked；現在分詞：unlocking,,,lock,,,,,,,
高中,三民-B5-U1,,L5,B2,,unlock,[ʌn`lɑk],解鎖，開鎖,Samantha carefully inserted the key into the lock and turned it to unlock the old wooden chest.,Samantha小心地將鑰匙插入鎖中，然後轉動鑰匙打開了舊木箱。,,,,,,,,,,,,(v.),v.過去式：unlocked；過去分詞：unlocked；現在分詞：unlocking,,,lock,,,,,,,
高中,三民-B5-U1,,L5,B2,,substantial,[səb`stænʃəl],可觀的,"The weather forecast predicted a substantial amount of rainfall over the weekend, leading to flood warnings in several areas.",天氣預報指出週末將有大量降雨，導致多個地區發出洪水警告。,,,,,,,,,,,,(adj.),n.複數：substantials | adj.比較級：more substantial；最高級：most substantial,a(n) chemical/illegal substance,"significant, essential, strong, hearty",,,,,,,,
高中,三民-B5-U1,,L3,B2,,substance,[`sʌbstəns],物質,The health department issued a warning about the risks associated with exposure to certain chemical substances in cleaning products.,衛生部門發布警告，指出接觸某些清潔產品中的化學物質可能帶來風險。,,,,,,,,,,,,(n.),n.複數：substances,,"content, essence, core, sense",,,,,,,,
高中,三民-B5-U1,,,,,Swiftonomics,[ˏswɪftə`nɑmɪks],泰勒絲經濟學,Experts are studying Swiftonomics to understand the massive economic impact of Taylor Swift's concerts.,專家們正在研究泰勒絲經濟學，以了解泰勒絲演唱會的巨大經濟影響。,,,,,,,,,,,,(n.),,,,,,,,,,,
高中,三民-B5-U1,,,,,Taylor Swift,[`telɚ swɪft],泰勒絲,Many fans traveled long distances just to see Taylor Swift perform live on her latest tour.,許多粉絲長途跋涉，只為觀看泰勒絲在她最新巡演中的現場表演。,,,,,,,,,,,,(n.),,,,,,,,,,,
高中,三民-B5-U1,,,,,The Eras Tour,[ðə `ɪrəs tᴜr],時代巡迴演唱會,"Tickets for The Eras Tour sold out in minutes, showing Taylor Swift's immense popularity.",時代巡迴演唱會的門票在幾分鐘內售罄，顯示了泰勒絲的巨大受歡迎程度。,,,,,,,,,,,,(n.),,,,,,,,,,,
高中,三民-B5-U1,,L5,C1,,gross,[gros],總共賺得…,The popular film is expected to gross millions of dollars at the box office this weekend.,這部受歡迎的電影預計本週末將在票房總共賺得數百萬美元。,,,,,,,,,,,,(v.),,,"crude, coarse, obvious, complete",net,,,,,,,
高中,三民-B5-U1,,,,,graphic designer,[`græfɪk dɪ`zaɪnɚ],平面設計師,A graphic designer uses software to create visual concepts for advertisements and websites.,平面設計師使用軟體為廣告和網站創造視覺概念。,,,,,,,,,,,,(n.),,,,,,,,,,,
高中,三民-B5-U1,,L5,B1,,graphic,[`græfɪk],圖像的,The news report included a graphic image that clearly showed the impact of the storm.,新聞報導中包含了一張圖像，清楚地顯示了風暴的影響。,,,,,,,,,,,,(adj.),,,"vivid, explicit, realistic",,,,,graph (to write; stone (寫；石頭)),,,
高中,三民-B5-U1,,,,,caterer,[`ketərɚ],外燴業者,The wedding planner recommended a good caterer who could provide delicious food for the reception.,婚禮策劃師推薦了一位優秀的外燴業者，他能為婚宴提供美味的食物。,,,,,,,,,,,,(n.),,,,,,,,,,,
高中,三民-B5-U1,,L6,C1,,cater,[`ketɚ],提供(飲食),Our school cafeteria tries to cater to students with different dietary needs and preferences.,我們學校的自助餐廳努力為有不同飲食需求和偏好的學生提供飲食。,,,,,,,,,,,,(v.),v.過去式：catered；過去分詞：catered；現在分詞：catering,,"provide, supply",,,,,,,,
高中,三民-B5-U1,,L6,B2,,organizer,[`ɔrgənˏaɪzɚ],組織者,The main organizer of the charity event worked hard to ensure its success.,慈善活動的主要組織者努力工作以確保其成功。,,,,,,,,,,,,(n.),n.複數：organizers,,,,,,,,,,
高中,三民-B5-U1,,,,,multiplier effect,[`mʌltəˏplaɪɚ ə`fɛkt],乘數效果,"Government investment in infrastructure can often create a multiplier effect, boosting economic growth significantly.",政府對基礎設施的投資通常能產生乘數效果，顯著促進經濟增長。,,,,,,,,,,,,(n.),,,,,,,,,,,
高中,三民-B5-U1,,L4,C1,,multiple,[`mʌltəpḷ],多種的，複合的,The project requires us to use multiple sources of information to complete the research.,這個專案要求我們使用多種資訊來源來完成研究。,,,,,,,,,,,,(adj.),n.複數：multiples,,"fold, double, dual",,,,,,,,
高中,三民-B5-U1,,L3,,,multiply,[`mʌltəˏplaɪ],相乘,"In math class, we learned how to multiply large numbers quickly and accurately.",在數學課上，我們學習了如何快速準確地相乘大數字。,,,,,,,,,,,,(v.),v.過去式：multiplied；過去分詞：multiplied；現在分詞：multiplying,,"breed, reproduce","divide, fraction",,multi- (many (多)),,,,,
高中,三民-B5-U1,,,,,light rail,[`laɪt ˏrel],輕軌,Many students use the light rail to get to school quickly and avoid traffic jams during rush hour.,許多學生搭乘輕軌快速上學，避開尖峰時段的交通堵塞。,,,,,,,,,,,,(n.),,,,,,,,,,,
高中,三民-B5-U1,,L5,B1,,performer,[pɚ`fɔrmɚ],表演者,The street performer captivated the audience with his amazing magic tricks and lively music.,這位街頭表演者以他驚人的魔術和活潑的音樂吸引了觀眾。,,,,,,,,,,,,(n.),n.複數：performers,,,,,,,,,,
高中,三民-B5-U1,,,,,tap into something,,使用，利用(某物),The company wants to tap into the younger market to increase sales.,這家公司希望開拓年輕族群市場，以提升銷售額。,,,,,,,,,,,,(phr.),,,,,,,,,,,
高中,三民-B5-U1,,,,,in particular,,尤其，特別是,The novel explores a range of themes but focuses in particular on the struggle for identity in a changing society.,這部小說探討了多種主題，但特別聚焦於在變遷社會中尋找自我認同的掙扎。,,,,,,,,,,,,(phr.),,,,,,,,,,,
高中,三民-B5-U1,,,,,take note,,留意，關注(某事),"When you read the terms and conditions of any agreement, it is essential to take note of anything that may affect your rights.",在閱讀任何協議的條款及細則時，務必留意任何可能會影響你權益的內容。,,,,,,,,,,,,(phr.),,,,,,,,,,,
高中,三民-B5-U1,,,,,in place,,準備妥當的,"Before the start of the academic year, ensure that all the necessary resources and materials are in place for the students.",在學年開始前，要確保所有必要的資源和教材都為學生準備妥當了。,,,,,,,,,,,,(phr.),,,,,,,,,,,
高中,三民-B5-U2,,L6,C1,,stroll,[strol],散步，閒逛,"The couple decided to stroll through the park, enjoying the fresh air and the sound of birds singing.",這對夫婦決定在公園散步，享受新鮮空氣和鳥鳴聲。,,,,,,,,,,,,(v.),,stroll through/along/down,,,,,,,,,
高中,三民-B5-U2,,L6,,,lighten,[`laɪtṇ],使心情好轉，使高興起來,"The party was very dull, so Jeff told a funny story to lighten the mood.",派對很無聊，所以Jeff講了一個有趣的故事來活絡氣氛。,,,,,,,,,,,,(v.),v.過去式：lightened；過去分詞：lightened；現在分詞：lightening,,,,,,,,,,
高中,三民-B5-U2,,L6,,,lighten,[`laɪtṇ],減輕,The new policies were designed to lighten the financial burden on students.,這些新政策是設計來減輕學生的經濟負擔。,,,,,,,,,,,,(v.),v.過去式：lightened；過去分詞：lightened；現在分詞：lightening,,,,,,,,,,
高中,三民-B5-U2,,L5,B2,,scent,[sɛnt],氣味，香味,"The sweet scent of fresh flowers filled the store, making the place smell welcoming.　",鮮花的香氣充滿了整家店，讓這個地方聞起來很舒服。,,,,,,,,,,,,(n.),,,"fragrance, odor, wind, smell",,,,,,,,
高中,三民-B5-U2,,L5,B2,,scent,[sɛnt],嗅到，察覺,The fox scented a rabbit and moved silently through the bushes.,狐狸嗅到兔子的氣味，便靜悄悄地穿過灌木叢。,,,,,,,,,,,,(v.),,,"fragrance, odor, wind, smell",,,,,,,,
高中,三民-B5-U2,,L6,,,evoke,[ɪ`vok],喚起,The old photo album evoked fond memories of our childhood and school days.,這本舊相簿喚起了我們對童年和求學時光的美好回憶。,,,,,,,,,,,,(v.),v.過去式：evoked；過去分詞：evoked；現在分詞：evoking,,"provoke, arouse, raise, fire",,,,,,,,
高中,三民-B5-U2,,L4,B2,,delightful,[dɪ`laɪtfəl],令人愉快的,We discovered a delightful restaurant that served fresh seafood and had stunning ocean views.,我們發現了一家令人愉快的餐廳，提供新鮮的海鮮，還有迷人的海景。,,,,,,,,,,,,(adj.),,a delightful restaurant/book/town,delicious,,,,,,,,
高中,三民-B5-U2,,L4,B2,,delight,[dɪ`laɪt],愉快，高興,"To Luke’s delight, his grandparents gave him the bike he had wanted for months.",令Luke開心的是，祖父母送了他想了好幾個月的腳踏車。,,,,,,,,,,,,(n.),,to one’s delight,"pleasure, joy, transport, please",,,,,,,,
高中,三民-B5-U2,,L4,B2,,delight,[dɪ`laɪt],使愉快，使高興,"The baby’s laughter delighted everyone at the family gathering, filling the room with warmth and happiness.",小寶寶的笑聲讓家庭聚會上的每個人都感到愉快，整個房間充滿了溫馨與快樂。,,,,,,,,,,,,(v.),,,"pleasure, joy, transport, please",,,,,,,,
高中,三民-B5-U2,,L5,B2,,transparent,[træns`pɛrənt],透明的，清澈的,The transparent plastic cover on the greenhouse allowed sunlight to reach the plants inside.,溫室上的透明塑膠罩讓陽光可以照射到裡面的植物。,,,,,,,,,,,,(adj.),,,"clear, obvious, thin, straight",,,,,,,,
高中,三民-B5-U2,,L5,C2,,resemble,[rɪ`zɛmbḷ],像，類似,The twins resemble each other so closely that even their own parents have trouble telling them apart.,這對雙胞胎長得非常像，連他們的父母都很難分辨誰是誰。,,,,,,,,,,,,(v.),v.過去式：resembled；過去分詞：resembled；現在分詞：resembling,,,,,,,,,,
高中,三民-B5-U2,,,,,resemblance,[rɪ`zɛmbləns],相似，相像,"The puppy bears a resemblance to its mother, especially in the way it wags its tail excitedly.",這隻小狗與牠的媽媽長得很像，尤其是牠興奮搖尾巴的樣子。,,,,,,,,,,,,(n.),,bear a resemblance to something,,,,,,,,,
高中,三民-B5-U2,,L4,B1,,bounce,[baᴜns],彈跳，彈回,"After being thrown, the ball bounced off the wall and rolled across the floor.",球被丟出去之後從牆上彈回去並滾過地板。,,,,,,,,,,,,(v.),,bounce off (something),"spring, leap, bound",clear,,,,,,,
高中,三民-B5-U2,,L5,C1,,texture,[`tɛkstʃɚ],口感,The texture of the beef soup is enhanced by the pieces of tender meat and crisp vegetables.,這牛肉湯因為有軟嫩的肉塊與爽脆的蔬菜而口感更佳。,,,,,,,,,,,,(n.),,,,,,,,,,,
高中,三民-B5-U2,,L5,C1,,texture,[`tɛkstʃɚ],質地,The beach rocks have a rough texture because of the wind and waves.,海灘上的石頭因為風浪而有粗糙的質地。,,,,,,,,,,,,(n.),,a rough/smooth texture,,,,,,,,,
高中,三民-B5-U2,,L6,,,symphony,[`sɪmfənɪ],交響樂，交響曲,An audience of two thousand enjoyed a performance of Beethoven’s symphonies by the Asian Youth Orchestra.,兩千名觀眾欣賞了由亞洲青年管弦樂團所演奏的貝多芬交響曲。,,,,,,,,,,,,(n.),n.複數：symphonies,,,,,,,phon (sound (聲音)),,,
高中,三民-B5-U2,,L5,C2,,indulge,[ɪn`dʌldʒ],沉溺於…,"Every summer, people indulge in delicious ice cream on hot afternoons.",每到夏天的炎熱午後，人們總是享用美味的冰淇淋。,,,,,,,,,,,,(v.),v.過去式：indulged；過去分詞：indulged；現在分詞：indulging,indulge in something,"baby, spoil",,,,,,,,
高中,三民-B5-U2,,L4,B2,,recall,[rɪ`kɔl],回想，回憶,I recall my grandmother telling us fascinating stories every evening at the dining table.,我記得祖母每天晚上在餐桌邊跟我們講述精彩的故事。,,,,,,,,,,,,(v.),,recall . . . doing something,"echo, withdraw, return, think","issue, block, supply, forget",,,,,,,
高中,三民-B5-U2,,L4,B2,,recall,[`rɪˏkɔl],記憶，記性,My mother’s recall of the event is very detailed. She can provide a vivid description of everything that happened that day.,我媽媽對於那次事件的記憶非常詳盡。她可以生動地描述當天發生的每件事。,,,,,,,,,,,,(n.),,,"echo, withdraw, return, think","issue, block, supply, forget",,,,,,,
高中,三民-B5-U2,,L6,,,restraint,[rɪ`strent],克制，抑制,"Practicing restraint helps you make better decisions, like saving money for something important.",練習克制可以幫助你做出更好的決定，例如把錢存下來用在重要的事情上。,,,,,,,,,,,,(n.),n.複數：restraints,,"control, constraint, simplicity",,,,,,,,
高中,三民-B5-U2,,L6,,,restraint,[rɪ`strent],限制措施,The government placed the restraints on plastic use to reduce pollution in the oceans.,政府對塑膠使用施加限制，以減少海洋汙染。,,,,,,,,,,,,(n.),n.複數：restraints,restraints on . . .,"control, constraint, simplicity",,,,,,,,
高中,三民-B5-U2,,L6,C1,,restrain,[rɪ`stren],阻止，遏止,The teacher had to restrain the students from running in the hallway during lunch.,老師必須阻止學生在午休時間在走廊上奔跑。,,,,,,,,,,,,(v.),v.過去式：restrained；過去分詞：restrained；現在分詞：restraining,restrain someone from doing something,"hold, keep, limit, confine",,,,,,,,
高中,三民-B5-U2,,L4,C1,,allowance,[ə`laᴜəns],零用錢,"Jake was excited to spend his allowance on new comic books, but his mom reminded him to save some for his lunch.",Jake很高興要用零用錢買新漫畫，但他媽媽提醒他要留一些錢買午餐。,,,,,,,,,,,,(n.),n.複數：allowances,,"margin, tolerance",,,,,,,,
高中,三民-B5-U2,,L4,C1,,allowance,[ə`laᴜəns],津貼，補貼,The government provides an allowance to low-income families to help with living expenses.,政府提供津貼給低收入家庭，以幫助他們負擔生活費用。,,,,,,,,,,,,(n.),n.複數：allowances,,"margin, tolerance",,,,,,,,
高中,三民-B5-U2,,,,,refreshing,[rɪ`frɛʃɪŋ],清涼的，提神的,"After a long hike in the summer heat, the iced tea was a refreshing drink that revived everyone.",在炎炎夏日長途健行之後，冰茶是讓大家恢復活力的清涼飲料。,,,,,,,,,,,,(adj.),,a refreshing drink/shower,,,,,,,,,
高中,三民-B5-U2,,,,,refreshing,[rɪ`frɛʃɪŋ],令人耳目一新的,The new employee’s refreshing ideas brought a welcome change to the team.,新員工的嶄新想法為團隊帶來了令人歡迎的改變。,,,,,,,,,,,,(adj.),,,,,,,,,,,
高中,三民-B5-U2,,L6,,,refresh,[rɪ`frɛʃ],使恢復精力,A short nap during the afternoon can refresh us and improve our productivity for the rest of the day.,在下午小睡片刻可以使我們恢復精力，提高剩下時間的工作效率。,,,,,,,,,,,,(v.),,,,,,,,,,,
高中,三民-B5-U2,,,,,refreshment,[rɪ`frɛʃmənt],點心，提神物,"The company provides light refreshments for its employees, so that they won’t be hungry or thirsty while they are working.",公司為員工提供小點心，讓他們在工作時不會感到飢渴。,,,,,,,,,,,,(n.),,light refreshments,,,,,,,,,
高中,三民-B5-U2,,L5,B2,,boost,[bust],激勵，增強,The positive feedback from my teacher gave a boost to my enthusiasm for the subject.,老師的正面回饋增強了我對這個科目的熱情。,,,,,,,,,,,,(n.),,a boost to something,"advance, promote, rise, further",,,,,,,,
高中,三民-B5-U2,,L5,B2,,boost,[bust],增強，促進,Fans left messages of encouragement on the tennis player’s Facebook page to boost her confidence after her recent loss.,球迷們在這位網球選手的臉書頁面留言鼓勵，幫助她在最近失利後增強信心。,,,,,,,,,,,,(v.),,boost one’s confidence/ego/morale,"advance, promote, rise, further",,,,,,,,
高中,三民-B5-U2,,L5,B1,,stall,[stɔl],小店，攤位,Vanessa bought some cute souvenirs from a market stall for her kids while she was on a business trip in Italy.,Vanessa在義大利出差時，從市場的攤位買了一些可愛的紀念品送給孩子。,,,,,,,,,,,,(n.),,a market stall,"stand, booth",,,,,,,,
高中,三民-B5-U2,,L5,B1,,stall,[stɔl],拋錨，停滯,"The car suddenly stalled in the middle of the road, causing a brief delay in traffic.",汽車突然在馬路中央熄火，造成短暫的交通延誤。,,,,,,,,,,,,(v.),,,"stand, booth",,,,,,,,
高中,三民-B5-U2,,L4,B2,,pace,[pes],為…定速度,"During a marathon, it’s important to pace oneself to avoid burning out too early.",在馬拉松比賽中，為自己設定合適的速度以免太早耗盡體力是很重要的。,,,,,,,,,,,,(v.),,,"stride, tempo, step, rate",,,,,,,,
高中,三民-B5-U2,,L4,B2,,pace,[pes],(尤指因緊張或不安而) 來回踱步,Peter paced up and down outside the emergency room while waiting to hear about his wife’s condition.,Peter在急診室外來回踱步，等待有關他妻子狀況的消息。,,,,,,,,,,,,(v.),,pace up and down,"stride, tempo, step, rate",,,,,,,,
高中,三民-B5-U2,,L4,B2,,pace,[pes],步調，速度,The little boy picked up the pace in order to catch up with his family.,小男孩加快腳步，想趕上他的家人。,,,,,,,,,,,,(n.),,,"stride, tempo, step, rate",,,,,,,,
高中,三民-B5-U2,,L6,C2,,disposable,[dɪ`spozəbḷ],一次性的,The government encourages tea shops to offer discounts to customers who bring their own cups instead of using disposable ones.,政府鼓勵飲料店提供優惠給自備環保杯的顧客，以減少一次性杯子的使用。,,,,,,,,,,,,(adj.),,,"fluid, available, liquid",,,,,,,,
高中,三民-B5-U2,,L6,C2,,disposable,[dɪ`spozəbḷ],一次性物品,"The convenience store sells a variety of disposables, including paper cups and single-use underwear.",便利商店販售各種一次性物品，包括紙杯和免洗內衣褲。,,,,,,,,,,,,(n.),,,"fluid, available, liquid",,,,,,,,
高中,三民-B5-U2,,L5,,,patron,[`petrən],顧客，主顧,This restaurant has many loyal patrons who come for lunch every day.,這間餐廳有很多每天都來吃午餐的忠實顧客。,,,,,,,,,,,,(n.),n.複數：patrons,,sponsor,,,,,,,,
高中,三民-B5-U2,,L5,,,patron,[`petrən],贊助者，資助人,The museum had many patrons who donated money to keep it open.,這間博物館有許多贊助者捐款支持，讓它得以持續營運。,,,,,,,,,,,,(n.),n.複數：patrons,,sponsor,,,,,,,,
高中,三民-B5-U2,,L4,,,await,[ə`wet],等待,The children eagerly await the arrival of their favorite cartoon on Saturday mornings.,孩子們熱切地等待著每週六早上播放他們最喜歡的卡通節目。,,,,,,,,,,,,(v.),v.過去式：awaited；過去分詞：awaited；現在分詞：awaiting,eagerly/keenly await . . .,"look, expect, wait",,,,,,,,
高中,三民-B5-U2,,L4,B1,,composition,[ˏkɑmpə`zɪʃən],構成，組成,"Day and night, scientists study changes in the composition of the atmosphere to understand the impacts of global warming.",科學家們日以繼夜地研究大氣成分的變化，以了解全球暖化的影響。,,,,,,,,,,,,(n.),,composition of . . .,"piece, report, theme, paper",,,,,,,,
高中,三民-B5-U2,,L4,B2,,compose,[kəm`poz],構成，組成,The team is composed of players from different backgrounds and skill levels.,這支隊伍由來自不同背景與技術水準的選手組成。,,,,,,,,,,,,(v.),v.過去式：composed；過去分詞：composed；現在分詞：composing,be composed of . . .,"outline, frame, compile, pen",,,,,,,,
高中,三民-B5-U2,,L4,B2,,compose,[kəm`poz],創作(音樂、詩歌等),"The writer began to compose his first novel after years of planning and outlining, having built a clear image of the characters and their stories in his mind.",經過多年規劃和構思，這位作家開始創作他的第一本小說，腦中早已建構出角色與故事情節。,,,,,,,,,,,,(v.),v.過去式：composed；過去分詞：composed；現在分詞：composing,,"outline, frame, compile, pen",,,,,,,,
高中,三民-B5-U2,,L4,B2,,composer,[kəm`pozɚ],作曲家,Camille dreams of becoming a famous composer and writing music for films.,Camille夢想成為一位有名的作曲家，為電影創作音樂。,,,,,,,,,,,,(n.),n.複數：composers,,,,,,,,,,
高中,三民-B5-U2,,L6,,,unify,[`junəˏfaɪ],使成一體，統一,The team worked together to unify their efforts and achieve their goal of winning the championship.,團隊齊心協力，整合彼此的努力，朝著贏得冠軍的目標邁進。,,,,,,,,,,,,(v.),v.過去式：unified；過去分詞：unified；現在分詞：unifying,,"merge, unite, mix, mingle","separate, split, divide",,,,,,,
高中,三民-B5-U2,,,,,dormitory,[`dɔrməˏtorɪ],宿舍,"Karen’s dormitory is close to her classrooms, so she can get back in just a few minutes after class.",Karen的宿舍離她的教室很近，所以下課後她只需幾分鐘就能回到宿舍。,,,,,,,,,,,,(n.),,,,,,,,,,,
高中,三民-B5-U2,,L6,,,beverage,[`bɛvrɪdʒ],飲料，飲品,"At the party, a variety of beverages were served to suit every guest’s taste, including coffee, tea, and fruit juices.",派對上提供了各種的飲料以滿足每位賓客的口味，包括咖啡、茶和果汁。,,,,,,,,,,,,(n.),n.複數：beverages,,drink,,,,,,,,
高中,三民-B5-U2,,L5,,,collective,[kə`lɛktɪv],共同的，集體的,The residents made a collective decision to rebuild the old community center.,居民們共同決定要重建舊的社區中心。,,,,,,,,,,,,(adj.),,,"joint, mass, corporate, socialist",,,,,,,,
高中,三民-B5-U2,,L5,C1,,distinctive,[dɪ`stɪŋktɪv],與眾不同的,"The pizza at that restaurant is famous for its distinctive taste, which comes from their secret sauce.　",那間餐廳的披薩以獨特的風味聞名，祕製醬汁是其特色來源。,,,,,,,,,,,,(adj.),,,"characteristic, typical",,,,,,,,
高中,三民-B5-U2,,L5,B2,,distinction,[dɪ`stɪŋkʃən],區別，差異,It is important to see the distinction between fact and opinion in news.,辨別新聞中的事實與意見之間的差異是很重要的。,,,,,,,,,,,,(n.),n.複數：distinctions,distinction between . . .,note,,,,,,,,
高中,三民-B5-U2,,L4,C1,,distinct,[dɪ`stɪŋkt],有明顯差異的,"The two sisters have distinct personalities. One is quiet, and the other is very talkative.",這對姐妹的個性差異明顯。一個文靜，另一個健談。,,,,,,,,,,,,(adj.),,,"sharp, clear, different, separate",,,,,,,,
高中,三民-B5-U2,,,,,bubble tea,[`bʌbḷ`ti],珍珠奶茶,"After school, my friends and I often go to the shop to buy a refreshing bubble tea.",放學後，我和朋友經常去店裡買一杯清涼的珍珠奶茶。,,,,,,,,,,,,(n.),,,,,,,,,,,
高中,三民-B5-U2,,,,,National Bubble Tea Day,[`næʃənḷ `bʌbḷ `ti deɪ],國際珍奶日,"On National Bubble Tea Day, many stores offer special discounts to celebrate this popular drink.",在國際珍奶日，許多店家會提供特別折扣來慶祝這種受歡迎的飲品。,,,,,,,,,,,,(n.),,,,,,,,,,,
高中,三民-B5-U2,,,,,Mandarin,[`mændərɪn],華語,"Learning Mandarin can be challenging, but it opens up many opportunities to communicate with people.",學習華語可能很有挑戰性，但它開啟了許多與人交流的機會。,,,,,,,,,,,,(n.),,,,,,,,,,,
高中,三民-B5-U2,,,,,milky,[`mɪlki],乳製的，含有牛奶的,"I prefer my coffee to be milky and sweet, so I always add a lot of cream and sugar.",我喜歡我的咖啡是乳製且甜的，所以我總是加很多鮮奶油和糖。,,,,,,,,,,,,(adj.),,,,,,,,,,,
高中,三民-B5-U2,,,,,tapioca,[ˏtæpɪ`okə],樹薯粉，木薯澱粉,"The chewy pearls in bubble tea are made from tapioca, which gives them their unique texture.",珍珠奶茶中Q彈的珍珠是由樹薯粉製成的，這賦予了它們獨特的口感。,,,,,,,,,,,,(n.),,,,,,,,,,,
高中,三民-B5-U2,,L5,C2,,exclaim,[ɪk`sklem],(因情緒激動而) 呼喊,"When she saw the beautiful fireworks, she couldn't help but exclaim with joy and excitement.",當她看到美麗的煙火時，她忍不住興奮地歡呼起來。,,,,,,,,,,,,(v.),v.過去式：exclaimed；過去分詞：exclaimed；現在分詞：exclaiming,,"proclaim, cry, shout",,,,,,,,
高中,三民-B5-U2,,,,,takeout,[`tekaᴜt],外帶的,We decided to get some takeout food from the new Italian restaurant instead of cooking dinner tonight.,我們決定從那家新的義大利餐廳買些外帶食物，而不是今晚自己煮晚餐。,,,,,,,,,,,,(adj.),,,,,,,,,,,
高中,三民-B5-U2,,,,,ethnicity,[ɛθ`nɪsətɪ],種族,"Our school celebrates students from every ethnicity, promoting a diverse and inclusive learning environment.",我們學校慶祝來自各個種族的學生，促進多元和包容的學習環境。,,,,,,,,,,,,(n.),,,,,,,,,,,
高中,三民-B5-U2,,L4,C1,,ethnic,[`ɛθnɪk],種族的,"Taipei has many restaurants offering delicious ethnic food from all over the world, like Indian or Thai.",台北有許多餐廳提供來自世界各地的美味民族食物，例如印度菜或泰國菜。,,,,,,,,,,,,(adj.),,,"social, cultural",,,,,,,,
高中,三民-B5-U2,,,,,tell off someone for something,,責備，斥責,The manager told off the workers for not following the safety rules.,經理因為員工沒有遵守安全規定而斥責他們。,,,,,,,,,,,,(phr.),,,,,,,,,,,
高中,三民-B5-U2,,,,,cut back,,減少，縮減,"To save money for a vacation, we have to cut back on shopping this month.",為了存錢去度假，我們這個月得減少購物開支。,,,,,,,,,,,,(phr.),,,,,,,,,,,
高中,三民-B5-U2,,,,,cater to . . .,,滿足…，迎合…的需求,This six-star hotel caters to guests who want the very best and who don’t mind paying more for it.,這間六星級飯店專為追求極致享受、且不介意多花錢的客人量身打造。,,,,,,,,,,,,(phr.),,,,,,,,,,,
高中,三民-B5-U3,,L5,C1,,destiny,[`dɛstənɪ],命運，宿命,Many believe that everyone has a destiny that cannot be changed.,許多人相信每個人都有無法改變的命運。,,,,,,,,,,,,(n.),n.複數：destinies,,"portion, lot, luck, fate",,,,,,,,
高中,三民-B5-U3,,L5,B2,,myth,[mɪθ],神話,Many cultures have a myth about a great flood.,許多文化都擁有關於大洪水的神話。,,,,,,,,,,,,(n.),n.複數：myths,,,,,,,,,,
高中,三民-B5-U3,,L4,,,divine,[də`vaɪn],神的,The ancient temple was built to honor the divine powers of the gods.,這座古老的廟宇是為了向眾神的神聖力量致敬而建造的。,,,,,,,,,,,,(adj.),adj.比較級：diviner；最高級：divinest,,"glorious, sacred, lord, creator",,,,,,,,
高中,三民-B5-U3,,L6,C1,,flaw,[flɔ],缺點，瑕疵,The plan had a major flaw that led to its failure.,這項計畫有個重大的缺陷，導致其失敗。,,,,,,,,,,,,(n.),,,"defect, fault",,,,,,,,
高中,三民-B5-U3,,,,,flawed,[flɔd],有缺點的，有瑕疵的,Even the most powerful gods were flawed and made mistakes.,就算是最強大的神祇也有缺點，並會犯錯。,,,,,,,,,,,,(adj.),,,,,,,,,,,
高中,三民-B5-U3,,,,,flawless,[ˋflɔlɪs],完美無瑕的,Rihanna’s skin appeared flawless under the bright studio lights.,Rihanna的肌膚在攝影棚明亮的燈光下顯得完美無瑕。,,,,,,,,,,,,(adj.),,,,,,,,,,,
高中,三民-B5-U3,,L5,C2,,petty,[`pɛtɪ],瑣碎的，不重要的,Chuck refuses to forgive his wife over such a petty argument.,Chuck拒絕為了這種小爭執原諒他的妻子。,,,,,,,,,,,,(adj.),adj.比較級：pettier；最高級：pettiest,,"trivial, subordinate, inferior, little",,,,,,,,
高中,三民-B5-U3,,L4,B2,,revenge,[rɪ`vɛndʒ],報仇，報復,The captain promised that he would take revenge on his rivals in the next match.,隊長承諾他會在下一場比賽中向對手報仇。,,,,,,,,,,,,(n.),,take (one’s) revenge (on someone),,,,,,,,,
高中,三民-B5-U3,,,,,obsession,[əb`sɛʃən],癡迷，著魔,Aaron’s obsession with winning made him ignore everything else in life.,Aaron對勝利的執著使他忽略了生活中的其他一切。,,,,,,,,,,,,(n.),,,,,,,,,,,
高中,三民-B5-U3,,L6,,,obsess,[əb`sɛs],使著迷，使困擾,Ian was obsessed with the idea of finding the perfect gift. He couldn’t think of anything else for days.,Ian一心想找到完美的禮物。他一連好幾天都沒辦法去想其他事情。,,,,,,,,,,,,(v.),v.過去式：obsessed；過去分詞：obsessed；現在分詞：obsessing,be obsessed with,"ghost, haunt",,,,,,,,
高中,三民-B5-U3,,L5,C2,,impulse,[`ɪmpʌls],衝動，心血來潮,"On an impulse, Lilianne bought the expensive jacket without checking the price.",Lilianne一時衝動，沒看價格就買下了那件昂貴的夾克。,,,,,,,,,,,,(n.),n.複數：impulses,on (an) impulse,"urge, pulse, momentum",,,,,,,,
高中,三民-B5-U3,,,,,immortal,[ɪ`mɔrtḷ],永生者,Greek myths are filled with stories of immortals and their adventures.,希臘神話充滿了永生者及他們冒險的故事。,,,,,,,,,,,,(n.),,,,,,,,,,,
高中,三民-B5-U3,,,,,immortal,[ɪ`mɔrtḷ],永生的,Legends often depict immortal beings who guide or protect humanity.,傳說常描繪永生的生物，他們引導或保護人類。,,,,,,,,,,,,(adj.),,,,,,,,,,,
高中,三民-B5-U3,,L6,,,mortal,[`mɔrtḷ],凡人，普通人,"In classic tales, the gods often influence the lives of mortals.",在經典故事中，神祇常常影響凡人的生活。,,,,,,,,,,,,(n.),,,"soul, individual, fatal, deadly",,,,,,,,
高中,三民-B5-U3,,L5,C2,,mortality,[mɔr`tælətɪ],生命的有限,"The older you get, the more you become aware of your own mortality.",年歲越長，你就越能意識到自身生命的有限。,,,,,,,,,,,,(n.),n.複數：mortalities,,,,,,,,,,
高中,三民-B5-U3,,L6,,,slay,[sle],殺死,The hero had slain the monster to protect the people.,英雄為了保護民眾而殺死怪獸。,,,,,,,,,,,,(v.),v.過去式：slew；過去分詞：slain；現在分詞：slaying,,"hit, remove, murder",,,,,,,,
高中,三民-B5-U3,,,,,arrogance,[`ærəgəns],傲慢，自大,Robert’s arrogance makes it difficult for him to maintain a long-term relationship.,Robert的傲慢使他難以維持長期關係。,,,,,,,,,,,,(n.),,,,,,,,,,,
高中,三民-B5-U3,,L5,B2,,arrogant,[`ærəgənt],自大的，傲慢的,The CEO’s arrogant remarks offended everyone at the meeting.,執行長的傲慢言論冒犯了會議中的每個人。,,,,,,,,,,,,(adj.),,,proud,,,,,,,,
高中,三民-B5-U3,,L6,,,mischievous,[`mɪstʃɪvəs],愛惡作劇的，淘氣的,The mischievous fairy in the play A Midsummer Night's Dream played tricks on the other characters.,戲劇《仲夏夜之夢》裡那位淘氣的仙子惡作劇捉弄其他角色。,,,,,,,,,,,,(adj.),,,"playful, bad, harmful, naughty",,,,,,,,
高中,三民-B5-U3,,L4,,,mischief,[`mɪstʃɪf],(兒童的) 惡作劇，搗蛋,The camp counselors kept a close eye on the children to make sure they didn’t get into mischief during their free time.,營隊輔導員密切注意孩子們，確保他們不會在空閒時間搗蛋。,,,,,,,,,,,,(n.),n.複數：mischiefs,get into/keep out of/stay out of mischief,,,,,,,,,
高中,三民-B5-U3,,L5,C1,,warrior,[`wɔrɪɚ],(尤指舊時的) 勇士，鬥士,The warrior fought fearlessly to protect the kingdom.,戰士為了保衛王國而無畏地戰鬥。,,,,,,,,,,,,(n.),n.複數：warriors,,,,,,,,,,
高中,三民-B5-U3,,L5,C2,,contempt,[kən`tɛmpt],藐視，輕藐,Angela looked at Alex with contempt after he betrayed her trust.,Angela在Alex背叛她的信任後，輕蔑地看向他。,,,,,,,,,,,,(n.),n.複數：contempts,with contempt,scorn,,,,,,,,
高中,三民-B5-U3,,L5,C2,,indifferent,[ɪn`dɪfrənt],冷漠的,The audience was indifferent to the speaker’s passionate appeal.,觀眾對演說者熱情的呼籲無動於衷。,,,,,,,,,,,,(adj.),,be indifferent to,"moderate, ordinary, fair, inferior",,,,,,,,
高中,三民-B5-U3,,,,,romance,[ro`mæns],戀愛，愛情,Romance was in the air as the couple walked through the park at sunset.,這對情侶於黃昏時分在公園中漫步，空氣中洋溢著愛情的氛圍。,,,,,,,,,,,,(n.),,,,,,,,,,,
高中,三民-B5-U3,,L4,B1,,romantic,[ro`mæntɪk],浪漫的,Princewill planned a romantic evening by the beach.,Princewill計畫了浪漫的海濱之夜。,,,,,,,,,,,,(adj.),,,court,,,,,,,,
高中,三民-B5-U3,,L6,,,sly,[slaɪ],狡猾的，詭詐的,The politician gave a sly smile when asked about the controversial decision.,那位政治人物被問及那項具爭議性的決定時，露出一抹狡猾的微笑。,,,,,,,,,,,,(adj.),adj.比較級：slyer；最高級：slyest,,"cunning, tricky",,,,,,,,
高中,三民-B5-U3,,L5,C1,,unfold,[ʌn`fold],呈現，披露,The movie keeps the audience on the edge of their seats as the exciting story unfolds.,隨著精彩的故事展開，這部電影讓觀眾興奮不已。,,,,,,,,,,,,(v.),v.過去式：unfolded；過去分詞：unfolded；現在分詞：unfolding,,"open, blossom, extend, stretch",fold,,,,,,,
高中,三民-B5-U3,,L5,C1,,unfold,[ʌn`fold],攤開,"As Indiana Jones unfolded the old map, the clues to the hidden treasure became visible.　",當印第安納．瓊斯攤開那張古地圖時，通往寶藏的線索顯現而出。,,,,,,,,,,,,(v.),v.過去式：unfolded；過去分詞：unfolded；現在分詞：unfolding,,"open, blossom, extend, stretch",fold,,,,,,,
高中,三民-B5-U3,,,,,disgusted,[dɪs`gʌstɪd],厭惡的，反感的,The manager was disgusted by the unethical behavior of the employees during the project.,經理對員工在專案期間不道德的作為感到厭惡。,,,,,,,,,,,,(adj.),,be disgusted by/at/with . . .,,,,,,,,,
高中,三民-B5-U3,,,,,disgusting,[dɪs`gʌstɪŋ],令人厭惡的，令人作嘔的,Many customers returned the soup due to its disgusting taste.,許多顧客因為那道湯有令人作嘔的味道而退貨。,,,,,,,,,,,,(adj.),,,,,,,,,,,
高中,三民-B5-U3,,L4,C2,,disgust,[dɪs`gʌst],使作嘔，使厭惡,The photos of pollution disgusted viewers with their shocking details.,那些汙染的照片以其令人震驚的細節使觀看者噁心作嘔。,,,,,,,,,,,,(v.),,,revolt,,,,,,,,
高中,三民-B5-U3,,L4,C2,,rejection,[ri`dʒɛkʃən],拒絕,"Dean faced rejection when his application was turned down, but he decided to try again.　",Dean的申請遭到拒絕，但他決定再試一次。,,,,,,,,,,,,(n.),n.複數：rejections,,,acceptance,,,,,,,
高中,三民-B5-U3,,L2,B2,,reject,[ri`dʒɛkt],拒絕,The tourist’s visa application was rejected because his passport would expire in two months.,這位遊客的簽證申請遭到拒絕，因為他的護照將在兩個月內到期。,,,,,,,,,,,,(v.),v.過去式：rejected；過去分詞：rejected；現在分詞：rejecting | n.複數：rejects,,"scorn, decline, refuse, eliminate","have, take, admit, accept",,,,ject (to throw (投擲)),,,
高中,三民-B5-U3,,L6,C2,,relentless,[rɪ`lɛntlɪs],不停的，不減弱的,The relentless rain caused severe flooding in the area.,不間斷的大雨在該地區造成嚴重的洪水。,,,,,,,,,,,,(adj.),,,"grim, persistent, continual",,,,,,,,
高中,三民-B5-U3,,,,,relentlessly,[rɪ`lɛntlɪslɪ],持續不懈地，不間斷地,"Critics attacked the policy relentlessly, calling for immediate revisions.",批評者不斷抨擊這項政策，要求立即修正。,,,,,,,,,,,,(adv.),,,,,,,,,,,
高中,三民-B5-U3,,L5,B2,,despair,[dɪ`spɛr],絕望,The victims of the earthquake were in despair because they had lost everything they owned.,地震的受災者因為失去他們所擁有的一切而陷入絕望。,,,,,,,,,,,,(n.),,in despair,,hope,,,,,,,
高中,三民-B5-U3,,L5,B2,,despair,[dɪ`spɛr],失去希望,Deborah despaired of fixing the relationship after so many failed attempts.,Deborah在多次失敗的嘗試後，對修復這段關係感到絕望。,,,,,,,,,,,,(v.),,despair of doing something,,hope,,,,,,,
高中,三民-B5-U3,,,,,eventually,[ɪ`vɛntʃᴜəlɪ],最後，終於,"Eventually, Ikenna admitted that Tilda was the one, but it was already too late.",最終，Ikenna承認Tilda才是他的真命天女，但為時已晚。,,,,,,,,,,,,(adv.),,,,,,,,,,,
高中,三民-B5-U3,,L4,C2,,eventual,[ɪ`vɛntʃᴜəl],最終的,The eventual winner of the competition was announced after several rounds.,經過數輪比賽後，宣布了最終的獲勝者。,,,,,,,,,,,,(adj.),,,,,,,,,,,
高中,三民-B5-U3,,L4,B2,,enclose,[ɪn`kloz],包住，圍住,The playground is enclosed by a fence to keep children safe.,遊樂場以圍欄圍住，以確保兒童安全。,,,,,,,,,,,,(v.),v.過去式：enclosed；過去分詞：enclosed；現在分詞：enclosing,,"wrap, introduce, confine, insert",,,,,,,,
高中,三民-B5-U3,,L4,B2,,lean,[lin],傾斜，倚靠,A worker leaned against the wall while waiting for instructions.,一名工人斜靠著牆等候指示。,,,,,,,,,,,,(v.),,lean against/on something,"slender, run, tilt, thin","rich, fat",,,,,,,
高中,三民-B5-U3,,L5,C2,,vow,[vaᴜ],發誓，立誓,The soldiers vowed to defend their country with their lives.,士兵們發誓以他們的生命捍衛國家。,,,,,,,,,,,,(v.),,vow to do something,oath,,,,,,,,
高中,三民-B5-U3,,L5,C2,,vow,[vaᴜ],誓言，誓約,"The couple made a vow to take care of each other for better or for worse, in sickness and in health.　",這對夫妻立下誓言，無論好壞，無論生老病死，都會互相扶持。,,,,,,,,,,,,(n.),,make/take/keep a vow,oath,,,,,,,,
高中,三民-B5-U3,,L5,C2,,vulnerable,[`vʌlnərəbḷ],(身體上或情感上) 脆弱的，易受傷害的,Young animals are particularly vulnerable to harsh weather conditions.,年幼的動物在惡劣的天氣中特別脆弱。,,,,,,,,,,,,(adj.),,be vulnerable to . . .,"tender, open, weak, young",,,,,,,,
高中,三民-B5-U3,,,,,vulnerability,[ˏvʌlnərə`bɪlətɪ],脆弱性，弱點,Sharing emotional vulnerability can strengthen relationships.,分享情感上的脆弱可以強化人際關係。,,,,,,,,,,,,(n.),,,,,,,,,,,
高中,三民-B5-U3,,,,,Greek,[grik],希臘的,My history teacher told us fascinating stories about ancient Greek gods and goddesses in class today.,我的歷史老師今天在課堂上告訴我們許多關於古希臘神祇的迷人故事。,,,,,,,,,,,,(adj.),,,,,,,,,,,
高中,三民-B5-U3,,,,,depiction,[dɪ`pɪkʃən],描述，描繪,The artist's vivid depiction of the mountain landscape made the painting look incredibly realistic and beautiful.,這位藝術家對山景的生動描繪讓這幅畫看起來異常真實而美麗。,,,,,,,,,,,,(n.),,,,,,,,,,,
高中,三民-B5-U3,,,,,succumb,[sə`kʌm],屈服，不再抗拒,"Despite his strong will, he eventually had to succumb to the illness and rest for a few days.",儘管他意志堅強，他最終還是不得不屈服於疾病，休息了幾天。,,,,,,,,,,,,(v.),,,,,,,,,,,
高中,三民-B5-U3,,,,,unpredictable,[͵ʌnprɪ`dɪktəbḷ],無法預測的,"The weather in spring can be very unpredictable, so it's wise to always carry an umbrella with you.",春天的天氣可能非常變幻莫測，所以隨身攜帶雨傘是明智的。,,,,,,,,,,,,(adj.),,,,,,,,,,,
高中,三民-B5-U3,,,,,Apollo,[ə`pɑlo],阿波羅,"In Greek mythology, Apollo is known as the god of music, poetry, light, and healing.",在希臘神話中，阿波羅被稱為音樂、詩歌、光明和療癒之神。,,,,,,,,,,,,(n.),,,,,,,,,,,
高中,三民-B5-U3,,,,,Daphne,[`dæfnɪ],達芙妮,The myth of Apollo and Daphne tells how Daphne transformed into a laurel tree to escape Apollo.,阿波羅與達芙妮的神話講述了達芙妮如何為了逃避阿波羅而變成一棵月桂樹。,,,,,,,,,,,,(n.),,,,,,,,,,,
高中,三民-B5-U3,,,,,Eros,[`ɪrɑs],厄洛斯,"Eros, the Greek god of love, is often depicted as a mischievous winged boy with a bow and arrows.",厄洛斯，希臘的愛神，常被描繪成一個手持弓箭的淘氣有翼男孩。,,,,,,,,,,,,(n.),,,,,,,,,,,
高中,三民-B5-U3,,,,,nymph,[nɪmf],仙女,"According to ancient myths, a nymph is a beautiful female spirit of nature, often found in forests or rivers.",根據古老神話，仙女是美麗的自然女性精靈，常出現在森林或河流中。,,,,,,,,,,,,(n.),,,,,,,,,,,
高中,三民-B5-U3,,,,,suitor,[`sutɚ],追求者,"In classic fairy tales, a brave prince often appears as a suitor trying to win the princess's heart.",在經典童話故事中，一位勇敢的王子經常以追求者的身份出現，試圖贏得公主的芳心。,,,,,,,,,,,,(n.),,,,,,,,,,,
高中,三民-B5-U3,,,,,captivated,[`kæptəˏvetɪd],被迷住的，著迷的,The audience was completely captivated by the magician's amazing tricks and illusions on stage.,觀眾完全被魔術師在舞台上精彩的戲法和幻術迷住了。,,,,,,,,,,,,(adj.),,,,,,,,,,,
高中,三民-B5-U3,,L2,B2,,advance,[əd`væns],勾引，求愛,She felt uncomfortable when he made an unwanted advance towards her at the party.,當他在派對上對她做出不必要的求愛舉動時，她感到很不舒服。,,,,,,,,,,,,(n.),,,"promote, approach, rise, elevate","break, back, lose, bump",,,,,,,
高中,三民-B5-U3,,,,,Zeus,[zus],宙斯,"In ancient Greek mythology, Zeus was the king of the gods and ruled Mount Olympus.",在古希臘神話中，宙斯是眾神之王，統治著奧林匹斯山。,,,,,,,,,,,,(n.),,,,,,,,,,,
高中,三民-B5-U3,,,,,Peneus,[`pɛniəs],佩紐斯,"According to Greek myths, the river god Peneus was the father of Daphne.",根據希臘神話，河神佩紐斯是達芙妮的父親。,,,,,,,,,,,,(n.),,,,,,,,,,,
高中,三民-B5-U3,,,,,laurel,[`lɔrəl],月桂樹,"In ancient Greece, winners of athletic games were often crowned with a laurel wreath.",在古希臘，運動會的勝利者常被戴上月桂花環。,,,,,,,,,,,,(n.),,,,,,,,,,,
高中,三民-B5-U3,,,,,emblem,[`ɛmbləm],標記，圖案,The eagle is a powerful emblem of freedom and strength for many countries around the world.,鷹是世界上許多國家自由和力量的強大標誌。,,,,,,,,,,,,(n.),,,,,,,,,,,
高中,三民-B5-U3,,,,,cross paths,,偶然遇到某人,Jenny’s life changed when she crossed paths with a famous author at the book fair.,Jenny的人生在她與一位知名作家於一場書展偶然相遇時改變了。,,,,,,,,,,,,(phr.),,,,,,,,,,,
高中,三民-B5-U3,,,,,sit back,,放鬆，袖手旁觀,"Instead of helping with the cleanup, Mark just sat back and watched everyone else work.",Mark沒有協助清理，反而在一旁袖手旁觀，看著其他所有人工作。,,,,,,,,,,,,(phr.),,,,,,,,,,,
高中,三民-B5-U3,,,,,cry out,,大聲喊叫,The hikers cried out for help when they got lost in the forest.,這些健行的人在森林裡迷路時大聲呼救。,,,,,,,,,,,,(phr.),,,,,,,,,,,
高中,三民-B5-U3,,,,,in the blink of an eye,,一眨眼的功夫，很快,The storm destroyed the small village in the blink of an eye.,暴風雨在一瞬間就摧毀了那個小村莊。,,,,,,,,,,,,(phr.),,,,,,,,,,,
高中,三民-B5-U4,,L4,,,cue,[kju],暗示，提示,"Linda took her manager’s yawn as a cue to end the meeting, so she quickly wrapped up her presentation.",Linda把經理的哈欠當作結束會議的暗示，於是她迅速結束了簡報。,,,,,,,,,,,,(n.),,a cue to do/for something,"prompt, clue, remind",,,,,,,,
高中,三民-B5-U4,,L4,,,cue,[kju],暗示，提示,"The director cued the actors to begin the play, and the stage came alive with the energy of their performance.",導演示意演員們開始演出，舞臺隨著他們充滿活力的表演而生動起來。,,,,,,,,,,,,(v.),,,"prompt, clue, remind",,,,,,,,
高中,三民-B5-U4,,L5,B2,,contemporary,[kən`tɛmpəˏrɛrɪ],當代的,Contemporary art often challenges traditional ideas of what is considered conventional.,當代藝術經常挑戰被視為傳統的觀念。,,,,,,,,,,,,(adj.),,contemporary art/literature/music,"modern, current",,,,,,,,
高中,三民-B5-U4,,L5,B2,,contemporary,[kən`tɛmpəˏrɛrɪ],同時代的,The Roman Empire and the Han Dynasty were contemporary civilizations that developed advanced societies independently.,羅馬帝國與漢朝為同一時代的文明，它們都各自發展出先進的社會。,,,,,,,,,,,,(adj.),,,"modern, current",,,,,,,,
高中,三民-B5-U4,,L5,B2,,contemporary,[kən`tɛmpəˏrɛrɪ],同時代的人,Steve Jobs and Bill Gates were contemporaries in the development of personal computers during the 1970s and 1980s.,史蒂夫．賈伯斯和比爾．蓋茲是同個時代的人物，他們都在1970和1980年代間開發個人電腦。,,,,,,,,,,,,(n.),,,"modern, current",,,,,,,,
高中,三民-B5-U4,,L4,C1,,outcome,[`aᴜtˏkʌm],結果,There are two possible outcomes when you toss a coin: heads or tails.,當你擲硬幣的時候有兩種可能的結果：正面或是反面。,,,,,,,,,,,,(n.),,,"issue, consequence, effect, result",,,,,,,,
高中,三民-B5-U4,,L6,,,accordingly,[ə`kɔrdɪŋlɪ],相應地,"After receiving feedback from their teachers, the students revised their essays accordingly.",收到老師的回饋後，學生們依照建議修改了他們的論文。,,,,,,,,,,,,(adv.),,,,,,,,,,,
高中,三民-B5-U4,,L5,C1,,facilitate,[fə`sɪləˏtet],促進，使容易,"The new software will facilitate faster data processing, allowing the team to complete our projects more efficiently.",這款新軟體將促進更快速的資料處理，使團隊能更有效率地完成專案。,,,,,,,,,,,,(v.),v.過去式：facilitated；過去分詞：facilitated；現在分詞：facilitating,,"ease, help",,,,,"fac/fact (to do, to make (做、製造))",,,
高中,三民-B5-U4,,,,,facilitation,[fəˏsɪlə`teʃən],促進，簡易化,The teacher’s role includes the facilitation of group discussions.,老師的角色包括促進小組討論。,,,,,,,,,,,,(n.),,,,,,,,,,,
高中,三民-B5-U4,,L5,C2,,subtle,[`sʌtḷ],微妙的，不明顯的,The teacher’s subtle hint helped the students find the right answer.,老師的微妙暗示幫助學生找到了正確答案。,,,,,,,,,,,,(adj.),adj.比較級：subtler；最高級：subtlest,,"delicate, harmful",,,,,,,,
高中,三民-B5-U4,,L6,C2,,invariably,[ɪn`vɛrɪəblɪ],毫無例外地，總是,"Kevin invariably forgets his umbrella when it rains, and he gets soaked every time.",每當下雨時，Kevin 總是忘記帶傘，結果每次都被淋得全身濕透。,,,,,,,,,,,,(adv.),,,,,,,,,,,
高中,三民-B5-U4,,,,,invariable,[ɪn`vɛrɪəbḷ],不變的，始終如一的,Denzel displayed his invariable charm and acting skills in front of the camera as always.,Denzel一如既往地在鏡頭前展現他不變的魅力和演技。,,,,,,,,,,,,(adj.),,,,,,,,,,,
高中,三民-B5-U4,,,,,exhausted,[ɪg`zɔstɪd],疲憊不堪的,"After running the marathon, Serena felt completely exhausted and could barely walk.",完成馬拉松後，Serena 感到筋疲力盡，幾乎無法行走。,,,,,,,,,,,,(adj.),,,,,,,,,,,
高中,三民-B5-U4,,,,,exhausting,[ɪg`zɔstɪŋ],令人疲憊不堪的，令人筋疲力盡的,Preparing for the event turned into an exhausting day of work.,準備活動變成了一整天令人筋疲力盡的工作。,,,,,,,,,,,,(adj.),,,,,,,,,,,
高中,三民-B5-U4,,L4,C1,,exhaust,[ɪg`zɔst],使疲憊不堪,Simon immediately went to bed after returning home from the airport because his two-week business trip had exhausted him.,Simon 從機場回家後立刻上床休息，因為為期兩週的出差讓他非常疲憊。,,,,,,,,,,,,(v.),,,"beat, consume, evacuate, deplete",,,,,,,,
高中,三民-B5-U4,,L6,C1,,lengthy,[`lɛŋθɪ],冗長的，漫長的,The meeting ran overtime because of a lengthy discussion on the budget.,會議因為預算的冗長討論而超時。,,,,,,,,,,,,(adj.),adj.比較級：lengthier；最高級：lengthiest,a lengthy discussion/explanation/process,long,,,,,,,,
高中,三民-B5-U4,,L5,C2,,core,[kɔr],核心的，主要的,The team focused on core values like honesty and teamwork to guide their project.,團隊專注於誠實和團隊合作等核心價值，來引導他們的專案。,,,,,,,,,,,,(adj.),,a core value/principle,"essence, effect, substance, heart",,,,,,,,
高中,三民-B5-U4,,L5,C2,,core,[kɔr],核心，中心,Kindness is often considered the core of a good personality.,善良常被認為是一個良好人格的核心要素。,,,,,,,,,,,,(n.),v.過去式：cored；過去分詞：cored；現在分詞：coring | n.複數：cores,,"essence, effect, substance, heart",,,,,,,,
高中,三民-B5-U4,,L6,,,navigate,[`nævə͵get],應對,Kathy had to navigate the challenges of making new friends and catching up on her classes after she transferred to her new school.,Kathy在轉學到新學校後，必須克服交新朋友和趕上課業的挑戰。,,,,,,,,,,,,(v.),v.過去式：navigated；過去分詞：navigated；現在分詞：navigating,,"voyage, pilot, sail",,,,,,,,
高中,三民-B5-U4,,L6,,,navigate,[`nævə͵get],導航，確定方向,"In ancient times, sailors used to navigate their ships by looking at the stars.",在古代，水手們常透過觀星來導航他們的船隻。,,,,,,,,,,,,(v.),v.過去式：navigated；過去分詞：navigated；現在分詞：navigating,,"voyage, pilot, sail",,,,,,,,
高中,三民-B5-U4,,L6,,,navigation,[͵nævə`geʃən],導航,The GPS navigation systems on their smartphones helped tourists find the quickest route to the hotel.,智慧型手機上的 GPS 導航系統幫助遊客找到前往飯店的最快路線。,,,,,,,,,,,,(n.),,navigation systems/instruments/equipment,,,,,,,,,
高中,三民-B5-U4,,L5,C2,,scenario,[sɪ`nɛrɪ͵o],可能發生的場景，設想,"In a worst-case scenario, the power could go out for several days, leaving everyone without electricity.",在最糟糕的情況下，可能會停電好幾天，讓所有人都沒有電可用。,,,,,,,,,,,,(n.),n.複數：scenarios,a worst-case/nightmare scenario,,,,,,,,,
高中,三民-B5-U4,,L4,A2,,colleague,[`kɑlig],同事，同僚,Woodman is my father’s colleague. They’ve been working together in the same department of the company for ten years.,Woodman是我爸爸的同事，他們在這間公司的同一個部門共事了十年。,,,,,,,,,,,,(n.),n.複數：colleagues,,fellow,,,,,,,,
高中,三民-B5-U4,,L5,B2,,setting,[`sɛtɪŋ],環境，背景,"The café’s inviting setting, with soft jazz music and warm lighting, is perfect for relaxing.",這間咖啡廳的氛圍很吸引人，配上柔和的爵士樂和溫暖的燈光，是放鬆的好地方。,,,,,,,,,,,,(n.),n.複數：settings,,"scope, mount, scene, background",,,,,,,,
高中,三民-B5-U4,,,,,guarded,[ˋgɑrdɪd],謹慎的，小心的,The employees were guarded in their responses to avoid offending their manager.,員工們回答時小心謹慎，避免冒犯經理。,,,,,,,,,,,,(adj.),,,,,,,,,,,
高中,三民-B5-U4,,L2,B1,,guard,[gɑrd],守衛，警衛,The security guard at the mall quickly responded when the alarm went off.,當警報響起時，購物中心的警衛迅速做出反應。,,,,,,,,,,,,(n.),,,"hold, defend, safety, bodyguard",,,,,,,,
高中,三民-B5-U4,,L2,B1,,guard,[gɑrd],保衛，守衛,The soldier guarded the door to stop anyone from entering.,士兵守衛著門口，阻止任何人進入。,,,,,,,,,,,,(v.),,,"hold, defend, safety, bodyguard",,,,,,,,
高中,三民-B5-U4,,L5,C1,,trigger,[`trɪgɚ],引發，觸發,The news of the job cuts triggered a strong reaction from the employees.,裁員的消息引起了軒然大波，員工反應非常強烈。,,,,,,,,,,,,(v.),,,"spark, trip",,,,,,,,
高中,三民-B5-U4,,L5,C1,,trigger,[`trɪgɚ],起因，誘因,The unfair policy changes were a trigger for the employees’ strike.,不公平的政策變動成為員工罷工的導火線。,,,,,,,,,,,,(n.),,a trigger for something,"spark, trip",,,,,,,,
高中,三民-B5-U4,,L6,,,align,[əˋlaɪn],使…一致,The marketing campaign should be aligned with current market trends to maximize impact.,行銷活動應與當前市場趨勢保持一致，以達到最大的影響力。,,,,,,,,,,,,(v.),v.過去式：aligned；過去分詞：aligned；現在分詞：aligning,be aligned with something,"array, coordinate",,,,,,,,
高中,三民-B5-U4,,L6,,,align,[əˋlaɪn],對齊,The carpenter aligned each piece of wood to ensure the floorboards were perfectly straight.,木匠將每塊木板排列整齊，確保地板木條完全平直。,,,,,,,,,,,,(v.),v.過去式：aligned；過去分詞：aligned；現在分詞：aligning,,"array, coordinate",,,,,,,,
高中,三民-B5-U4,,L5,C2,,likewise,[`laɪk͵waɪz],同樣地，相似地,"Ted enjoys hiking, and his girlfriend likewise enjoys outdoor activities.",Ted很喜歡健行，他的女朋友也同樣喜歡戶外活動。,,,,,,,,,,,,(adv.),,,"besides, also, alike, too",,,,,,,,
高中,三民-B5-U4,,L5,C1,,sensitivity,[͵sɛnsə`tɪvətɪ],敏感性，體貼,"Sally’s sensitivity to others’ emotions made her a great listener, always able to offer comfort and support.",Sally對他人情緒的敏感使她成為一位很好的傾聽者，總能提供安慰和支持。,,,,,,,,,,,,(n.),n.複數：sensitivities,sensitivity to something,,,,,,,,,
高中,三民-B5-U4,,L5,,,superstition,[͵supɚ`stɪʃən],迷信,It is a common superstition in Taiwan that going swimming during Ghost Month is very dangerous.,在臺灣，有一種普遍的迷信認為在鬼月游泳是非常危險的。,,,,,,,,,,,,(n.),n.複數：superstitions,,,,,,,,,,
高中,三民-B5-U4,,L6,,,superstitious,[͵supɚ`stɪʃəs],迷信的,Many people have a superstitious belief that breaking a mirror will bring seven years of bad luck.,許多人都有個迷信的想法，認為打破鏡子會帶來七年的厄運。,,,,,,,,,,,,(adj.),,a superstitious belief,,,,,,,,,
高中,三民-B5-U4,,,,,conversely,[kən`vɝslɪ],相反地,"Anna enjoys reading; conversely, her brother hates reading and prefers outdoor activities.",Anna喜愛閱讀；相反地，她的哥哥討厭閱讀且偏好戶外活動。,,,,,,,,,,,,(adv.),,,,,,,,,,,
高中,三民-B5-U4,,L4,,,converse,[kən`vɝs],相反的,"The partners’ goals are converse: one seeks to expand the business, while the other wants to downsize.",這對合作伙伴的目標大相逕庭：其中一人設法擴展事業，另一人則希望縮小規模。,,,,,,,,,,,,(adj.),,,"discourse, backward",,,,,,,,
高中,三民-B5-U4,,L5,C1,,asset,[`æsɛt],有用的人或事物,Ronald’s knowledge of several languages makes him an asset to the museum as a tour guide.,Ronald精通多種語言，這讓他對博物館來說是個堪任導覽員的人才。,,,,,,,,,,,,(n.),n.複數：assets,an asset to . . .,plus,liability,,,,,,,
高中,三民-B5-U4,,L6,,,familiarity,[fə͵mɪlɪ`ærətɪ],熟悉，通曉,William’s familiarity with local customs helped him fit in with the community when he moved to Taiwan.,William熟悉當地習俗，幫助他在搬到臺灣後融入社區。,,,,,,,,,,,,(n.),n.複數：familiarities,familiarity with something,"intimacy, acquaintance, liberty",,,,,,,,
高中,三民-B5-U4,,L4,B1,,otherwise,[`ʌðɚ͵waɪz],否則，若非如此,"We should hurry. Otherwise, we’ll be late for the concert and miss the opening act.",我們應該快點，否則我們會遲到，錯過演唱會的開場表演。,,,,,,,,,,,,(adv.),,,,,,,,,,,
高中,三民-B5-U4,,L4,B1,,otherwise,[`ʌðɚ͵waɪz],以其他方式,"The car was repaired, painted, and otherwise restored to its original condition.",這輛車經過修理、噴漆和其他修復方式後，恢復到了原來的狀態。,,,,,,,,,,,,(adv.),,,,,,,,,,,
高中,三民-B5-U4,,L4,C1,,peer,[pɪr],同儕，同輩,"In the workplace, it’s important to work effectively with peers to achieve common goals.",在職場上，有效地與同事合作以達成共同目標非常重要。,,,,,,,,,,,,(n.),,,"match, equal",,,,,,,,
高中,三民-B5-U4,,L3,C1,,superior,[sə`pɪrɪɚ],上司，上級,Viola’s superior praised her for handling the situation professionally.,Viola的上司稱讚她處理狀況的表現相當專業。,,,,,,,,,,,,(n.),,,"good, crack, champion, fine",inferior,,,,,,,
高中,三民-B5-U4,,L6,C2,,superiority,[͵səpɪrɪ`ɔrətɪ],優越，優勢,"The company’s innovative design gave it clear superiority in the smartphone market, setting it apart from competitors.",這間公司的創新設計使它在智慧型手機市場中明顯占有優勢，從競爭對手中脫穎而出。,,,,,,,,,,,,(n.),,,,,,,,,,,
高中,三民-B5-U4,,,,,competency,[ˋkɑmpətənsɪ],能力，勝任,Competency in problem-solving is a key requirement for an engineer.,具備解決問題的能力是工程師的一項重要要求。,,,,,,,,,,,,(n.),,competency in (doing) something,,,,,,,,,
高中,三民-B5-U4,,L5,C1,,competent,[ˋkɑmpətənt],稱職的，可勝任的,"Despite her young age, Myra was competent to lead the team and manage the project.",儘管年紀輕輕，Myra 仍具備帶領團隊並管理專案的能力。,,,,,,,,,,,,(adj.),,be competent to do something,"adequate, efficient, effective, capable",,,,,,,,
高中,三民-B5-U4,,,,,contextual,[kən`tɛkstʃuəl],上下文的，情境的,It's important to consider the contextual meaning of a word to understand its true usage.,理解一個詞的上下文意義對於掌握其真實用法非常重要。,,,,,,,,,,,,(adj.),,,,,,,,,,,
高中,三民-B5-U4,,,,,Hokkien,[`hɔkɪɛn],閩南的，福建話的,Many elderly people in Taiwan still speak Hokkien in their daily conversations.,台灣許多老年人在日常對話中仍然說閩南語。,,,,,,,,,,,,(adj.),,,,,,,,,,,
高中,三民-B5-U4,,,,,Hakka,[`hɑkə],客家的，客家話的,"My grandmother loves to cook traditional Hakka dishes, especially during festivals.",我奶奶喜歡烹煮傳統客家菜，尤其是在節慶期間。,,,,,,,,,,,,(adj.),,,,,,,,,,,
高中,三民-B5-U4,,,,,open the door to something,,為…敞開大門，開啟…的機會,Learning a new language can open the door to many career opportunities.,學習一門新語言可以帶來許多就業機會。,,,,,,,,,,,,(phr.),,,,,,,,,,,
高中,三民-B5-U4,,,,,read the room,,察言觀色,Public speakers who can effectively read the room are able to tailor their message to connect more deeply with their audience.,懂得有效觀察現場氣氛的公開演講者，能夠調整說話內容，與聽眾建立更深的聯結。,,,,,,,,,,,,(phr.),,,,,,,,,,,
高中,三民-B5-U4,,,,,and so on,,等等，諸如此類,"We can better our English ability by reading English articles, listening to English podcasts, watching English movies, and so on.",我們可以透過閱讀英文文章、聆聽英文播客、觀看英文電影等方式提升英文能力。,,,,,,,,,,,,(phr.),,,,,,,,,,,
高中,三民-B5-U4,,,,,worn out,,筋疲力盡的,"After the long and challenging hike, the hikers were completely worn out and desperately in need of rest.",經過漫長又艱難的健行後，登山客們筋疲力盡，非常需要休息。,,,,,,,,,,,,(phr.),,,,,,,,,,,
高中,三民-B5-U4,,,,,in one's shoes,,站在(某人的)立場思考,"Designers create more user-friendly products when they actively put themselves in the users’ shoes, considering usability and functionality.",設計師在積極設身處地為使用者著想、考慮產品的可用性和功能性時，會設計出更符合使用者需求的產品。,,,,,,,,,,,,(phr.),,,,,,,,,,,
高中,三民-B5-U5,,L4,,,farewell,[ˏfɛr`wɛl],告別,"Last night, my classmates and I organized a farewell party for those who were moving abroad.",昨晚，我和同學們為那些即將出國的人舉辦了一場告別派對。,,,,,,,,,,,,(n.),n.複數：farewells,a farewell party/dinner/speech,leave,,,,,,,,
高中,三民-B5-U5,,L6,,,descent,[dɪˋsɛnt],下行，向下,"The hikers struggled to climb down the steep descent, carefully making their way down the rocky cliff.",登山客們努力地爬下陡峭的斜坡，小心翼翼地走下岩石峭壁。,,,,,,,,,,,,(n.),n.複數：descents,,"decline, line, stock, fall","rise, raise, upgrade, climb",,,,,,,
高中,三民-B5-U5,,L4,C1,,miner,[`maɪnɚ],礦工,"As technology advances, the responsibilities of a coal miner evolve to incorporate more automated processes.",隨著科技進步，煤礦工人的職責也在演變，納入了更多的自動化流程。,,,,,,,,,,,,(n.),n.複數：miners,,,,,,,,,,
高中,三民-B5-U5,,L4,B1,,nightmare,[`naɪtˏmɛr],可怕的經歷,"With long lines of cars stuck on highways, the traffic during the long weekend was a nightmare.",大排長龍的車輛塞在公路上，這個連假期間的交通簡直是一場噩夢。,,,,,,,,,,,,(n.),n.複數：nightmares,,,,,,,,,,
高中,三民-B5-U5,,L4,B1,,nightmare,[`naɪtˏmɛr],噩夢,"The little girl had a nightmare about being chased by an ugly red monster, and she woke up with tears running down her face.",小女孩做了一個被醜陋紅色怪物追逐的噩夢，她嚇得哭著醒來。,,,,,,,,,,,,(n.),n.複數：nightmares,,,,,,,,,,
高中,三民-B5-U5,,L4,C2,,fragile,[`frædʒəl],脆弱的,The fragile ecosystem of the coral reef has been threatened by rising ocean temperatures since 1998.,自1998年以來，珊瑚礁脆弱的生態系統一直受到海洋溫度上升的威脅。,,,,,,,,,,,,(adj.),,,"delicate, weak",,,,,fract/frag (break (打破)),,,
高中,三民-B5-U5,,L4,C2,,fragile,[`frædʒəl],易損壞的，易碎的,The fragile glass decorations were carefully packed away after the holiday season to prevent them from being broken.,這些脆弱的玻璃裝飾品在聖誕假期後被小心地收起來，以免破損。,,,,,,,,,,,,(adj.),,,"delicate, weak",,,,,fract/frag (break (打破)),,,
高中,三民-B5-U5,,,,,deafening,[ˋdɛfənɪŋ],震耳欲聾的,The crowd cheered with a deafening sound at the concert.,觀眾在演唱會發出震耳欲聾的歡呼聲。,,,,,,,,,,,,(adj.),,,,,,,,,,,
高中,三民-B5-U5,,L6,,,deafen,[ˋdɛfən],使聽不見，使耳聾,The sound of the explosion deafened those standing nearby.,爆炸聲震聾了站在附近的人。,,,,,,,,,,,,(v.),v.過去式：deafened；過去分詞：deafened；現在分詞：deafening,,deaf,,,,,,,,
高中,三民-B5-U5,,L5,,,shatter,[ˋʃætɚ],粉碎，使…破滅,The loud crash of thunder shattered the peaceful silence of the night.,雷鳴的巨響打破了夜晚的寧靜。,,,,,,,,,,,,(v.),v.過去式：shattered；過去分詞：shattered；現在分詞：shattering,,,,,,,,,,
高中,三民-B5-U5,,,,,shattering,[`ʃætɚɪŋ],令人難過驚愕的，令人痛苦的,Witnessing the destruction of the historic building was a shattering experience for many locals.,親眼目睹那座歷史建築被毀，對許多當地居民而言，是令人驚愕的痛苦經歷。,,,,,,,,,,,,(adj.),,,,,,,,,,,
高中,三民-B5-U5,,L5,B2,,shiver,[`ʃɪvɚ],顫抖，發抖,The sudden cold breeze in the dark forest sent shivers down everyone’s spine.,幽暗森林中突如其來的冷風讓所有人驚恐萬分。,,,,,,,,,,,,(n.),,,"quiver, thrill, shake, chill",,,,,,,,
高中,三民-B5-U5,,L5,B2,,shiver,[`ʃɪvɚ],顫抖，發抖,"Todrick shivered with fear as he approached the dark, abandoned house.",Todrick走近那棟黑暗的廢棄屋子時嚇得發抖。,,,,,,,,,,,,(v.),,shiver with something,"quiver, thrill, shake, chill",,,,,,,,
高中,三民-B5-U5,,L5,C1,,spine,[spaɪn],脊椎,Good posture is essential for maintaining a healthy spine and preventing back problems.,良好的姿勢對於維護脊椎健康以及預防背部問題至關重要。,,,,,,,,,,,,(n.),n.複數：spines,,"spur, back, backbone",,,,,,,,
高中,三民-B5-U5,,L4,,,tumble,[`tʌmbḷ],滾落，跌倒,The child tumbled to the ground while running in the park.,孩子在公園奔跑時跌倒在地。,,,,,,,,,,,,(v.),,,"collapse, fall, twig, spill",,,,,,,,
高中,三民-B5-U5,,,,,haunting,[`hɔntɪŋ],縈繞心頭的，令人難忘的,A haunting memory of the storm remained in the minds of the survivors.,暴風雨令人難忘的記憶仍縈繞在倖存者的心中。,,,,,,,,,,,,(adj.),,,,,,,,,,,
高中,三民-B5-U5,,L6,B2,,haunt,[hɔnt],縈繞，困擾,Regret over past decisions can haunt a person for years.,對於過去決定的懊悔能夠困擾一個人好幾年。,,,,,,,,,,,,(v.),,,"repair, resort, obsess, ghost",,,,,,,,
高中,三民-B5-U5,,L6,B2,,haunt,[hɔnt],常去的地方,Artists often gather at their favorite haunt to discuss new projects.,藝術家們經常聚集在他們最愛去的聚會場所，討論新的計畫。,,,,,,,,,,,,(n.),,,"repair, resort, obsess, ghost",,,,,,,,
高中,三民-B5-U5,,L6,,,disbelief,[͵dɪsbəˋlif],不相信,"To Tom’s disbelief, the boy managed to solve the math problem faster than any of the adults in the room.",令Tom難以置信的是，那個男孩解決那道數學題的速度比房間裡任何一位成年人都快。,,,,,,,,,,,,(n.),,to one’s disbelief,,belief,,,,,,,
高中,三民-B5-U5,,L4,B2,,emerge,[ɪ`mɝdʒ],出現，浮現,"As the fog cleared, beautiful mountains emerged from the mist.",當霧氣散去，美麗的山脈從薄霧中浮現。,,,,,,,,,,,,(v.),v.過去式：emerged；過去分詞：emerged；現在分詞：emerging,emerge from something,issue,,,,,,,,
高中,三民-B5-U5,,L4,B1,,rescue,[`rɛskjᴜ],營救，救援,"After hours of searching, the rescue of the missing child brought relief to the entire community.",經過數小時的搜索之後，失蹤兒童獲得救援，整個社區都鬆了一口氣。,,,,,,,,,,,,(n.),,,"deliver, delivery",,,,,,,,
高中,三民-B5-U5,,L4,B1,,rescue,[`rɛskjᴜ],拯救，營救,"As a volunteer, Florence worked tirelessly to rescue animals after the flood.",作為志工，Florence在洪水後不知疲倦地營救動物。,,,,,,,,,,,,(v.),,,"deliver, delivery",,,,,,,,
高中,三民-B5-U5,,,,,rescuer,[`rɛskjᴜɚ],救援者，營救人員,A rescuer dove into the river to save a drowning child.,一位救難人員跳入河中營救溺水的孩子。,,,,,,,,,,,,(n.),,,,,,,,,,,
高中,三民-B5-U5,,L3,B2,,optimistic,[ˏɑptə`mɪstɪk],樂觀的,"Rather than adopting a negative attitude, we should be optimistic about life and create our own happiness.",與其採取消極的態度，我們應該對生活保持樂觀，創造自己的幸福。,,,,,,,,,,,,(adj.),,be optimistic about something,"positive, cheerful",pessimistic,,,,,,,
高中,三民-B5-U5,,L5,C2,,optimism,[`ɑptəˏmɪzəm],樂觀,"The fans of the soccer team are full of optimism, and they believe that it will win the match.",這支足球隊的球迷滿懷樂觀，他們相信球隊一定會贏得比賽。,,,,,,,,,,,,(n.),,be full of optimism,,pessimism,,,"-ism (belief, doctrine, practice (主義／信仰／做法))",,,,
高中,三民-B5-U5,,,,,solemnly,[`sɑləmlɪ],鄭重地，嚴肅地,The teacher solemnly explained the rules to the class.,老師鄭重地向全班解釋規則。,,,,,,,,,,,,(adv.),,,,,,,,,,,
高中,三民-B5-U5,,L6,,,solemn,[`sɑləm],嚴肅的，鄭重的,Solemn vows were exchanged during the wedding ceremony.,鄭重的誓言在婚禮上被交換。,,,,,,,,,,,,(adj.),adj.比較級：more solemn；最高級：most solemn,,"earnest, serious, formal, grave",,,,,,,,
高中,三民-B5-U5,,L6,,,hoarse,[hors],嘶啞的,The trainer shouted out instructions to his players until his voice became hoarse.,教練對球員大聲喊著指令，直到他的聲音變得嘶啞。,,,,,,,,,,,,(adj.),adj.比較級：hoarser；最高級：hoarsest,,,,,,,,,,
高中,三民-B5-U5,,,,,trembling,[`trɛmblɪŋ],發抖的，抖動的,The old man’s trembling voice revealed the depth of his emotions.,老人顫抖的聲音透露出他深厚的感情。,,,,,,,,,,,,(adj.),,,,,,,,,,,
高中,三民-B5-U5,,L4,B2,,tremble,[`trɛmbḷ],發抖，顫抖,"When Carol found out her husband had come back from the war alive, she trembled with joy and couldn’t stand still.",當Carol發現她的丈夫從戰場上活著回來時，她高興地渾身顫抖，站都站不穩。,,,,,,,,,,,,(v.),,tremble with joy/anger/rage/fear/excitement,"shake, shiver",,,,,,,,
高中,三民-B5-U5,,L4,B2,,tremble,[`trɛmbḷ],發抖，顫抖,There was a tremble in Hilary’s smile as she tried to hide her nervousness.,Hilary的微笑中帶著顫抖，因為她試圖掩飾自己的緊張。,,,,,,,,,,,,(n.),,a tremble in something,"shake, shiver",,,,,,,,
高中,三民-B5-U5,,L4,,,gratitude,[`grætəˏtjud],感激,Humbert showed his gratitude by donating generously to the charity that helped him when he was a student.,Humbert慷慨捐助曾在他學生時代幫助過他的慈善機構，以表達他的感激之情。,,,,,,,,,,,,(n.),,show/express one’s gratitude,,,,,,,,,
高中,三民-B5-U5,,L4,C2,,drift,[drɪft],無意間進入，不知不覺間陷入,"Kyle drifted in and out of a daydream, not aware of what was happening around him.",Kyle時而恍惚時而清醒，沒有意識到周圍發生的事。,,,,,,,,,,,,(v.),,drift in/out of/into something,"cast, range, float, roam",,,,,,,,
高中,三民-B5-U5,,L4,C2,,drift,[drɪft],漂移，漂流,"The boat drifted across the lake, carried by the gentle breeze.",那艘船在微風的吹拂下漂過湖面。,,,,,,,,,,,,(v.),,,"cast, range, float, roam",,,,,,,,
高中,三民-B5-U5,,L6,,,scrape,[skrep],摩擦,The tree branches scraped against the window during the typhoon.,樹枝在颱風期間摩擦著窗戶。,,,,,,,,,,,,(v.),,,"mark, skin, scratch, scar",,,,,,,,
高中,三民-B5-U5,,L6,,,scrape,[skrep],去除，刮除,"While cleaning the classroom, Quincy scraped gum off the underside of the desks.　",清理教室的時候，Quincy把口香糖從書桌底下刮除。,,,,,,,,,,,,(v.),,,"mark, skin, scratch, scar",,,,,,,,
高中,三民-B5-U5,,L6,,,scrape,[skrep],擦傷，刮痕,Melissa has a few scrapes on her legs and some bruises on her knees because she fell off her bicycle yesterday.,Melissa的腿上有幾處擦傷，膝蓋上還有幾處瘀青，因為她昨天從腳踏車上摔下來。,,,,,,,,,,,,(n.),,,"mark, skin, scratch, scar",,,,,,,,
高中,三民-B5-U5,,L5,,,debris,[də`bri],殘骸,"After the storm, the streets were littered with debris from fallen trees.",暴風雨過後，街道到處都是倒下樹木的殘骸。,,,,,,,,,,,,(n.),,,"junk, dust",,,,,,,,
高中,三民-B5-U5,,L5,C1,,overwhelm,[͵ovɚˋhwɛlm],(感情或感覺) 充溢，使…情不自勝,The kid was overwhelmed with excitement during his first visit to Tokyo Disneyland.,那孩子第一次造訪東京迪士尼時興奮不已。,,,,,,,,,,,,(v.),v.過去式：overwhelmed；過去分詞：overwhelmed；現在分詞：overwhelming,be overwhelmed with/by . . .,"overcome, overtake, drown",,,,,,,,
高中,三民-B5-U5,,L5,C1,,overwhelm,[͵ovɚˋhwɛlm],壓垮，使應接不暇,The bakers were overwhelmed by orders after the bakery became famous on the Internet.,這家麵包店在網路上出名後，訂單多到烘焙師們忙不過來。,,,,,,,,,,,,(v.),v.過去式：overwhelmed；過去分詞：overwhelmed；現在分詞：overwhelming,,"overcome, overtake, drown",,,,,,,,
高中,三民-B5-U5,,L5,B2,,sob,[sɑb],啜泣,"After her beloved pet’s passing, Violet buried her face in her hands and sobbed.",Violet心愛的寵物過世之後，她掩面啜泣。,,,,,,,,,,,,(v.),,,,,,,,,,,
高中,三民-B5-U5,,L5,B2,,sob,[sɑb],啜泣,"Wayne let out a sob, and his tears streamed down his face as the weight of the moment hit him.",Wayne發出啜泣聲，他的眼淚順著臉頰流下，此刻沉重的情緒讓他難以承受。,,,,,,,,,,,,(n.),,let out a sob,,,,,,,,,
高中,三民-B5-U5,,L5,C2,,cling,[klɪŋ],緊抓著,"The child clung to his mother’s leg, afraid to go into the room alone.",那孩子緊抓著他媽媽的腿，不敢獨自進入房間。,,,,,,,,,,,,(v.),v.過去式：clung；過去分詞：clung；現在分詞：clinging,cling to . . .,"stick, hang",,,,,,,,
高中,三民-B5-U5,,,,,glimmer,[ˋglɪmɚ],一絲 (希望、生機等)，微光,"After hours of searching, we finally saw a glimmer of light in the distance, indicating a way out.",經過數小時的搜尋，我們終於在遠處看到一絲微光，預示著一條出路。,,,,,,,,,,,,(n.),,,,,,,,,,,
高中,三民-B5-U5,,,,,thunderous,[ˋθʌndərəs],如雷的,The rock band received a thunderous applause from the excited crowd after their amazing performance.,這支搖滾樂隊在精彩的表演後，從興奮的觀眾那裡獲得了如雷的掌聲。,,,,,,,,,,,,(adj.),,,,,,,,,,,
高中,三民-B5-U5,,,,,pitch darkness,[ˏpɪtʃ `darknəs],漆黑,"When the power went out, the entire house was plunged into pitch darkness, and we couldn't see anything.",停電時，整個房子陷入一片漆黑，我們什麼也看不見。,,,,,,,,,,,,(n.),,,,,,,,,,,
高中,三民-B5-U5,,,,,immerse,[ɪ`mɝs],沉浸,"To truly learn a new language, you should try to immerse yourself in the culture where it is spoken.",要真正學習一門新語言，你應該嘗試沉浸在該語言所使用的文化中。,,,,,,,,,,,,(v.),,,,,,,,,,,
高中,三民-B5-U5,,,,,hair-raising,[ˋhɛr͵rezɪŋ],令人毛骨悚然的,We heard a hair-raising ghost story around the campfire that made everyone gasp in fear.,我們在營火旁聽到一個令人毛骨悚然的鬼故事，讓每個人都嚇得倒抽一口氣。,,,,,,,,,,,,(adj.),,,,,,,,,,,
高中,三民-B5-U5,,,,,huddle,[ˋhʌdḷ],緊靠,The lost hikers had to huddle together for warmth during the cold night until rescue arrived.,迷路的徒步旅行者在寒冷的夜晚不得不緊靠在一起取暖，直到救援隊抵達。,,,,,,,,,,,,(v.),,,,,,,,,,,
高中,三民-B5-U5,,,,,take over,,占上風,Smartphones have taken over from traditional cameras as the most common way to take photos.,智慧型手機已占上風，取代傳統相機成為最常見的拍照方式。,,,,,,,,,,,,(phr.),,,,,,,,,,,
高中,三民-B5-U5,,,,,figure out . . .,,理解,The students worked together to figure out the meaning of the difficult word.,學生們一起努力理解那個難字的意思。,,,,,,,,,,,,(phr.),,,,,,,,,,,
高中,三民-B5-U5,,,,,set in,,(壞事) 開始並可能持續下去,"The flu season has set in early this year, with many people falling ill.",今年流感季節提早開始，許多人都生病了。,,,,,,,,,,,,(phr.),,,,,,,,,,,
高中,三民-B5-U5,,,,,pour out something,,傾吐,The singer wrote a moving song in which she poured her heart out about a failed relationship.,這位歌手寫了一首感人的歌曲，在其中傾訴了她對一段失敗感情的心聲。,,,,,,,,,,,,(phr.),,,,,,,,,,,
高中,三民-B5-U5,,,,,grind to a halt,,逐漸停止,The construction work ground to a halt owing to unexpected financial problems that arose during the project.,由於工程中出現了意料之外的財務問題，施工陷入停頓。,,,,,,,,,,,,(phr.),,,,,,,,,,,
高中,三民-B5-U5,,,,,break through something,,衝破，突破,The firefighters broke through the locked door to rescue the people trapped inside the burning building.,消防員破門而入，營救被困在燃燒建築內的民眾。,,,,,,,,,,,,(phr.),,,,,,,,,,,
高中,三民-B5-U5,,,,,to the core,,徹頭徹尾地,"The news of Sam’s betrayal shocked May to the core, leaving her unable to believe that someone she trusted could hurt her so deeply.",Sam背叛的消息徹底震驚了May，她無法相信她所信任的人竟會如此深深傷害她。,,,,,,,,,,,,(phr.),,,,,,,,,,,
高中,三民-B5-U6,,,,,hooked,[hᴜkt],沉迷的,The kids are hooked on the new TV series and watch it every night.,孩子們沉迷於那部新的電視影集，每天晚上都準時收看。,,,,,,,,,,,,(adj.),,be hooked on something,,,,,,,,,
高中,三民-B5-U6,,,,,hooked,[hᴜkt],鉤狀的,"The witch in the movie had long, hooked fingernails that frightened the children.",電影中的女巫有鉤子般的長指甲，讓小孩很害怕。,,,,,,,,,,,,(adj.),,,,,,,,,,,
高中,三民-B5-U6,,L4,B2,,hook,[hᴜk],鉤子，掛鉤,Tom used a picture hook to hang up his favorite photograph in the hallway.,Tom用掛畫鉤把他最喜歡的照片掛在走廊裡。,,,,,,,,,,,,(n.),,a picture/curtain/coat hook,"abstract, draw, sneak, lift",,,,,,,,
高中,三民-B5-U6,,L4,B2,,hook,[hᴜk],(用鉤子) 鉤住,"Emma hooked the fish, but it slipped off before she could pull it closer.",Emma勾住了那條魚，但在她還沒拉近之前，魚就滑掉了。,,,,,,,,,,,,(v.),,,"abstract, draw, sneak, lift",,,,,,,,
高中,三民-B5-U6,,L6,C2,,lifelong,[`laɪf`lɔŋ],終生的，一輩子的,Mike and Amy share a lifelong friendship that began in kindergarten.,Mike和Amy有一段從幼兒園開始的終生友誼。,,,,,,,,,,,,(adj.),,,long,,,,,,,,
高中,三民-B5-U6,,L5,B1,,inquiry,[ɪnˋkwaɪrɪ],詢問,The customer made an inquiry about the return policy on electronics.,這位顧客詢問了有關電子產品的退貨政策。,,,,,,,,,,,,(n.),n.複數：inquiries,an inquiry about something,"question, research",answer,,,,,,,
高中,三民-B5-U6,,L6,B2,,inquire,[ɪn`kwaɪr],詢問,Sean emailed the international office to inquire about scholarship opportunities for foreign students.,Sean寄電子郵件給國際事務處，詢問外國學生的獎學金機會。,,,,,,,,,,,,(v.),v.過去式：inquired；過去分詞：inquired；現在分詞：inquiring,inquire about . . .,"ask, wonder",,,,,,,,
高中,三民-B5-U6,,L6,C2,,coastline,[`kostlaɪn],海岸線,The area is famous for its spectacular coastline and beautiful beaches.,這個地區因壯麗的海岸線和美麗的沙灘而聞名。,,,,,,,,,,,,(n.),,a spectacular/beautiful/rocky coastline,,,,,,,,,
高中,三民-B5-U6,,L5,C2,,premium,[`primɪəm],頂級的，高級的,"Mary purchased premium tickets for the theater, which included a one-on-one meeting with the famous actress.",Mary 購買了高級劇院門票，票價包含與那位知名女演員的一對一會面。,,,,,,,,,,,,(adj.),,,superior,,,,,,,,
高中,三民-B5-U6,,L5,C2,,premium,[`primɪəm],保險費,Many families struggle to afford the high monthly premium for health insurance.,許多家庭難以負擔昂貴的每月健保保費。,,,,,,,,,,,,(n.),n.複數：premiums,,superior,,,,,,,,
高中,三民-B5-U6,,L5,B2,,exclusive,[ɪk`sklusɪv],獨有的,"The tea shop launched an exclusive line of limited-edition beverages, available only to loyal customers.",這家茶店推出了一系列限量版的獨家飲品，僅提供給忠實顧客。,,,,,,,,,,,,(adj.),n.複數：exclusives,,"only, single, scoop, inner",inclusive,,,,,,,
高中,三民-B5-U6,,L5,B2,,exclusive,[ɪk`sklusɪv],高級的，豪華的,The designer’s exclusive fashion show was attended by top models and A-list celebrities.,這位設計師的高級時尚秀吸引了頂尖名模和一線名人出席。,,,,,,,,,,,,(adj.),n.複數：exclusives,,"only, single, scoop, inner",inclusive,,,,,,,
高中,三民-B5-U6,,L5,C1,,exclude,[ɪk`sklud],排除,"Kevin requested that weekends be excluded from his work schedule, so he could spend time with his family.　",Kevin要求工作排程中排除週末，以便能與家人共度時光。,,,,,,,,,,,,(v.),v.過去式：excluded；過去分詞：excluded；現在分詞：excluding,exclude something from something,"bar, omit, shut, except","admit, include",,,,,,,
高中,三民-B5-U6,,L6,,,exclusion,[ɪk`skluʒən],排除在外,The company’s policy calls for the exclusion of any form of discrimination in the workplace.,公司的政策要求排除工作場所中任何形式的歧視。,,,,,,,,,,,,(n.),n.複數：exclusions,exclusion of . . . (from something),exception,,,,,,,,
高中,三民-B5-U6,,L5,A2,,chef,[ʃɛf],主廚,Being a head chef requires not only cooking expertise but also excellent organizational skills.,擔任主廚不僅需要烹飪專業知識，還需要出色的組織能力。,,,,,,,,,,,,(n.),n.複數：chefs,a head/master chef,,,,,,,,,
高中,三民-B5-U6,,L6,C1,,distraction,[dɪ`strækʃən],讓人分心的事,"The constant messages on my phone were a distraction from studying, making it difficult to concentrate.",手機上不斷收到的訊息讓我分心，難以專心讀書。,,,,,,,,,,,,(n.),n.複數：distractions,a distraction from something,,,,,,,,,
高中,三民-B5-U6,,L5,B2,,distract,[dɪ`strækt],使分心，干擾,Exercise can distract your mind from worries and stress.,運動可以讓你的心思從煩惱和壓力中轉移。,,,,,,,,,,,,(v.),v.過去式：distracted；過去分詞：distracted；現在分詞：distracting,distract . . . from something,"trouble, disorder",,,"dis3- (away, apart (分離，遠離))",,"tract (pull, draw (拉、畫))",,,
高中,三民-B5-U6,,L6,C2,,accumulate,[ə`kjumjəˏlet],累積,The scientist accumulated evidence through years of research and experiments.,這位科學家經過多年的研究和實驗，累積了證據。,,,,,,,,,,,,(v.),v.過去式：accumulated；過去分詞：accumulated；現在分詞：accumulating,,"gather, collect, compile",,,,,,,,
高中,三民-B5-U6,,L6,C2,,accumulation,[əˏkjumjə`leʃən],累積,"Over the years, Olivia’s accumulation of wealth allowed her to retire comfortably.",多年來，Olivia 累積的財富讓她能夠安穩退休。,,,,,,,,,,,,(n.),n.複數：accumulations,,collection,,,,,,,,
高中,三民-B5-U6,,L6,,,friction,[`frɪkʃən],(因意見不同而產生的) 衝突，摩擦,There was friction between the coach and the star player over team strategy.,教練和明星球員之間因球隊戰術產生了摩擦。,,,,,,,,,,,,(n.),n.複數：frictions,friction between . . . and . . .,clash,,,,,,,,
高中,三民-B5-U6,,L6,,,friction,[`frɪkʃən],摩擦力,The lack of friction between the worn tires and the wet road caused the car to slide along the surface.,磨損的輪胎和濕滑路面之間缺乏摩擦力，導致汽車在路面上打滑。,,,,,,,,,,,,(n.),n.複數：frictions,,clash,,,,,,,,
高中,三民-B5-U6,,L5,B2,,compromise,[`kɑmprəˏmaɪz],妥協，讓步,"After hours of negotiation, the two parties finally reached a compromise on the contract terms.",經過數小時的談判後，雙方總算在合約條款上達成妥協。,,,,,,,,,,,,(n.),,reach/come to/arrive at a compromise,,,,,,,,,
高中,三民-B5-U6,,L5,B2,,compromise,[`kɑmprəˏmaɪz],妥協，讓步,Tom compromised with his colleague on the project timeline to fit their schedules.,Tom為了配合彼此的時間，和同事在專案進度上做了妥協。,,,,,,,,,,,,(v.),,compromise (with someone) on something,,,,,,,,,
高中,三民-B5-U6,,L5,B2,,compromise,[`kɑmprəˏmaɪz],損害，危及,Esther compromised her health by working long hours without taking breaks.,Esther因長時間工作且不休息，犧牲了她的健康。,,,,,,,,,,,,(v.),,,,,,,,,,,
高中,三民-B5-U6,,,,,mediator,[`midɪˏetɚ],調解人,Arvin was appointed as the mediator to help negotiate the labor dispute.,Arvin被任命為調解員，協助協商勞資糾紛。,,,,,,,,,,,,(n.),,,,,,,,,,,
高中,三民-B5-U6,,L6,,,mediate,[`midɪˏet],調解,The community leader volunteered to mediate between residents and local authorities on issues affecting the neighborhood.,社區領袖自願擔任居民與地方政府之間的調解人，處理影響社區的問題。,,,,,,,,,,,,(v.),v.過去式：mediated；過去分詞：mediated；現在分詞：mediating,mediate between . . . and . . .,"intermediate, middle",immediate,,,,,,,
高中,三民-B5-U6,,L4,B2,,cooperate,[ko`ɑpəˏret],合作，協作,The team decided to cooperate with the marketing department on the new advertising campaign.,該團隊決定與行銷部門合作，推動新的廣告活動。,,,,,,,,,,,,(v.),v.過去式：cooperated；過去分詞：cooperated；現在分詞：cooperating,cooperate with someone on/in something,,,,"co- (with, jointly (共同))",,,,,
高中,三民-B5-U6,,L4,B2,,cooperation,[koˏɑpə`reʃən],合作，協作,The new product was developed in cooperation with leading experts in the field.,這款新產品是在該領域的頂尖專家合作下開發的。,,,,,,,,,,,,(n.),n.複數：cooperations,in cooperation with someone,,"contention, competition, rivalry",,,,,,,
高中,三民-B5-U6,,L4,B2,,cooperative,[ko`ɑpərətɪv],樂於合作的，配合的,Ella is known for being a cooperative team member who always helps others.,Ella以合作的團隊成員著稱，總是樂於助人。,,,,,,,,,,,,(adj.),,,"joint, helpful",,,,,,,,
高中,三民-B5-U6,,L6,C2,,formidable,[`fɔrmɪdəbḷ],難以對付的，可怕的,Henry’s fear of public speaking was a formidable obstacle for him to overcome.,Henry對公開演講的恐懼，是他必須克服的一個巨大障礙。,,,,,,,,,,,,(adj.),,a formidable obstacle/task,impressive,,,,,,,,
高中,三民-B5-U6,,L5,C1,,anticipate,[æn`tɪsəˏpet],期待，預期,Lydia anticipates a positive outcome from the meeting after all the preparations we’ve made.,經過我們所有的準備，Lydia 預期會議結果會是正面的。,,,,,,,,,,,,(v.),v.過去式：anticipated；過去分詞：anticipated；現在分詞：anticipating,,"call, occur, predict, promise",,,,,,,,
高中,三民-B5-U6,,L6,C2,,anticipation,[ænˏtɪsə`peʃən],期望，預期,The club members decorated the stage in anticipation of the annual talent show.,社團成員們裝飾舞臺，期待年度才藝表演的到來。,,,,,,,,,,,,(n.),n.複數：anticipations,in anticipation of something,"expectation, prediction",,,,,,,,
高中,三民-B5-U6,,L5,C1,,foul,[faᴜl],令人不快的,"After getting yelled at by her boss, Jane was in a foul mood for the rest of the day.",被老闆大聲斥責後，Jane 整天心情都很不好。,,,,,,,,,,,,(adj.),,,"wicked, dirty, nasty, offensive",fair,,,,,,,
高中,三民-B5-U6,,L6,C1,,outlook,[ˋaᴜt͵lᴜk],觀點，態度,A positive outlook on life can help people overcome challenges.,對生活保持正向的態度可以幫助人們克服挑戰。,,,,,,,,,,,,(n.),n.複數：outlooks,an outlook on something,"prospect, mentality, expectation",,,,,,,,
高中,三民-B5-U6,,L6,C1,,outlook,[ˋaᴜt͵lᴜk],前景，可能性,Analysts are discussing the outlook for renewable energy in the coming decades.,分析師們正在討論未來幾十年可再生能源的前景。,,,,,,,,,,,,(n.),n.複數：outlooks,an outlook for something,"prospect, mentality, expectation",,,,,,,,
高中,三民-B5-U6,,L6,,,dwell,[dwɛl],糾結於(某種負面思緒),"Helen tried not to dwell on her mistake, but it kept coming back to her.",Helen試著不去一直想她的錯誤，但卻不停地浮現在她腦海裡。,,,,,,,,,,,,(v.),v.過去式：dwelt；過去分詞：dwelt；現在分詞：dwelling,dwell on,"lie, worry, live, inhabit",,,,,,,,
高中,三民-B5-U6,,L6,,,dwell,[dwɛl],居住,"Mr. Williams dwells in a small cottage by the forest, enjoying the peaceful surroundings.　",Williams 先生住在森林旁的一間小屋裡，享受寧靜的環境。,,,,,,,,,,,,(v.),v.過去式：dwelt；過去分詞：dwelt；現在分詞：dwelling,,"lie, worry, live, inhabit",,,,,,,,
高中,三民-B5-U6,,L6,C1,,feasible,[`fizəbḷ],可行的,Terence presented a feasible suggestion for improving customer service.,Terence提出一個改善客服品質的可行建議。,,,,,,,,,,,,(adj.),,a feasible suggestion/plan/idea,"viable, possible",,,,,,,,
高中,三民-B5-U6,,L5,C2,,adverse,[əd`vɝs],有害的，負面的,Residents of the coastal town are prepared for any adverse weather conditions during the hurricane season.,沿海小鎮的居民已做好準備，應對颶風季節可能出現的惡劣天氣。,,,,,,,,,,,,(adj.),,adverse conditions/circumstances,"contrary, harmful",,,,,vers/vert (turn (轉動)),,,
高中,三民-B5-U6,,L5,B2,,passionate,[ˋpæʃənɪt],熱情的,Vivien is passionate about social justice issues and attends protests to advocate for change.,Vivien對社會正義議題充滿熱情，經常參加抗議活動來倡導改變。,,,,,,,,,,,,(adj.),adj.比較級：more passionate；最高級：most passionate,be passionate about something,wild,,,,,,,,
高中,三民-B5-U6,,L4,C2,,intimate,[`ɪntəmɪt],密切的，緊密的,The documentary explores humanity’s intimate connection with the natural world.,這部紀錄片探討人類與自然界之間的密切關係。,,,,,,,,,,,,(adj.),,an intimate connection/link,"profound, sexy, close, friendly",,,,,,,,
高中,三民-B5-U6,,L6,,,glamorous,[`glæmərəs],光鮮亮麗的,"Working in public relations involves interacting with the media and high-profile clients, so it is often viewed as a glamorous job.",從事公共關係工作需要與媒體和重要客戶互動，因此通常被視為一份光鮮亮麗的工作。,,,,,,,,,,,,(adj.),,a glamorous job,exciting,,,,,,,,
高中,三民-B5-U6,,L6,C1,,glamour,[`glæmɚ],魅力,"The city’s nightlife is known for its glamor and excitement, drawing visitors from around the world.",這座城市的夜生活以其華麗和刺激聞名，吸引來自世界各地的遊客。,,,,,,,,,,,,(n.),,,,,,,,,,,
高中,三民-B5-U6,,L6,C2,,solitary,[`sɑləˏtɛrɪ],獨自的,Scott preferred solitary walks in the forest to going to parties with his friends.,Scott 比起和朋友去派對，更喜歡獨自一人在森林中散步。,,,,,,,,,,,,(adj.),,a solitary walk/life,"only, lonely, lone, alone",,,,,,,,
高中,三民-B5-U6,,L6,C1,,solitude,[`sɑləˏtjud],獨處,"Despite living in a bustling city, Yvonne found moments of solitude in the local park.　",儘管住在繁忙的城市裡，Yvonne 還是在當地公園找到了一些獨處的時刻。,,,,,,,,,,,,(n.),n.複數：solitudes,,,,,,,,,,
高中,三民-B5-U6,,,,,demanding,[dɪ`mændɪŋ],艱鉅的，耗費精力的,Designing a new software system from scratch is a demanding task that requires careful planning and technical knowledge.,從零開始設計一套新的軟體系統是一項艱鉅的任務，需要仔細規劃和技術知識。,,,,,,,,,,,,(adj.),,a demanding task/job,,,,,,,,,
高中,三民-B5-U6,,L4,B1,,demand,[dɪ`mænd],強烈要求,The president of the Hip-Hop Dance Club demanded an explanation for the unexpected delays in the schedule.,嘻哈舞蹈社社長要求對行程意外延誤作出說明。,,,,,,,,,,,,(v.),,,"need, take, exact, ask","supply, eliminate",command,,,,,,
高中,三民-B5-U6,,L4,B1,,demand,[dɪ`mænd],需求,The new video game’s popularity has led to a demand for more copies at the store.,該款新電子遊戲的高人氣致使店家有再次進貨的需求。,,,,,,,,,,,,(n.),,a demand for something,"need, take, exact, ask","supply, eliminate",command,,,,,,
高中,三民-B5-U6,,,,,blazing,[`blezɪŋ],炎熱的,The hikers struggled to continue their journey under the blazing heat of the midday sun.,徒步旅行者在烈日炎炎的正午酷熱下，努力繼續他們的旅程。,,,,,,,,,,,,(adj.),,blazing heat/sunshine,,,,,,,,,
高中,三民-B5-U6,,L6,,,blaze,[blez],發光,"The stars blazed in the clear night sky, creating a breathtaking display.",繁星在晴朗的夜空中閃耀，呈現出令人屏息的美景。,,,,,,,,,,,,(v.),,,"glare, hell",,,,,,,,
高中,三民-B5-U6,,L4,B2,,flexible,[`flɛksəbḷ],靈活的,Lewis demonstrated his flexible thinking by proposing multiple solutions to the problem.,Lewis 展現靈活的思考能力，提出多種解決問題的方法。,,,,,,,,,,,,(adj.),adj.比較級：more flexible；最高級：most flexible,,"versatile, elastic",,,,-able / -ible (able to be (能夠被…的)),,,,
高中,三民-B5-U6,,,,,Yunlin,[`junlɪn],雲林,"Yunlin County in Taiwan is famous for its agricultural products, especially peanuts and garlic.",台灣的雲林縣以其農產品聞名，特別是花生和大蒜。,,,,,,,,,,,,(n.),,,,,,,,,,,
高中,三民-B5-U6,,,,,fanatic,[fə`nætɪk],狂熱分子,My brother is a huge football fanatic; he watches every game and knows all the player statistics.,我哥哥是個超級足球狂熱分子；他看每一場比賽，並且知道所有球員的數據。,,,,,,,,,,,,(n.),,,,,,,,,,,
高中,三民-B5-U6,,,,,sushi,[`suʃi],壽司,"For my birthday dinner, I chose to go to a Japanese restaurant because I really love to eat sushi.",我的生日晚餐選擇去一家日本餐廳，因為我真的很喜歡吃壽司。,,,,,,,,,,,,(n.),,,,,,,,,,,
高中,三民-B5-U6,,,,,culinary,[`kjuləˏnɛrɪ],烹飪相關的,She dreams of becoming a chef and plans to attend a famous culinary school after high school.,她夢想成為一名廚師，並計劃高中畢業後就讀一所著名的烹飪學校。,,,,,,,,,,,,(adj.),,,,,,,,,,,
高中,三民-B5-U6,,,,,aquaculture,[`ækwəkʌltʃɚ],水產養殖,Aquaculture is becoming increasingly important for providing sustainable seafood to a growing global population.,水產養殖對於向不斷增長的全球人口提供可持續的海鮮變得越來越重要。,,,,,,,,,,,,(n.),,,,,,,,,,,
高中,三民-B5-U6,,,,,the Middle East,[ðə ˏmɪdəl `ist],中東地區,"Many ancient civilizations originated in the Middle East, contributing greatly to human history and culture.",許多古老文明都起源於中東地區，對人類歷史和文化貢獻良多。,,,,,,,,,,,,(n.),,,,,,,,,,,
高中,三民-B5-U6,,,,,the United Arab Emirates,[ðə jᴜˏnaɪtɪd ˏærəb `emərəts],阿拉伯聯合大公國,"Dubai, a very modern city known for its tall buildings and luxury shopping, is located in the United Arab Emirates.",杜拜這座以高樓大廈和奢華購物聞名的現代城市，就位於阿拉伯聯合大公國。,,,,,,,,,,,,(n.),,,,,,,,,,,
高中,三民-B5-U6,,,,,back and forth,,來來回回,The ball went back and forth over the net during the intense tennis match.,在激烈的網球比賽中，球在網子上來回飛動。,,,,,,,,,,,,(phr.),,,,,,,,,,,
高中,三民-B5-U6,,,,,on top of something,,除了…之外還,"The test was hard, and on top of that, I forgot to bring my pencil.",那個測驗很困難，除此之外，我還忘了帶鉛筆。,,,,,,,,,,,,(phr.),,,,,,,,,,,
高中,三民-B5-U6,,,,,see someone through,,幫助某人渡過(難關),Stella promised to see her brother through the financial difficulties he was facing.,Stella承諾會陪伴她弟弟渡過他所面對的財務困境。,,,,,,,,,,,,(phr.),,,,,,,,,,,
高中,三民-B5-U6,,,,,the pros and cons,,優缺點,"Before making an important decision, you had better list the pros and cons and analyze the situation.",在做出重大決定之前，你最好列出利弊並分析情況。,,,,,,,,,,,,(phr.),,,,,,,,,,,
高中,三民-B5-U6,,,,,having said that,,雖然如此,"The book was challenging to read; having said that, its insights were profound.",這本書讀起來有些困難，但其見解卻非常深刻。,,,,,,,,,,,,(phr.),,,,,,,,,,,
高中,三民-B5-U6,,,,,take its toll,,(長期下來) 造成損害，產生負面影響,"Years of late nights eventually took its toll on Emily’s health, leaving her frequently ill.",長年熬夜最終對Emily的健康造成損害，使她常常生病。,,,,,,,,,,,,(phr.),,,,,,,,,,,
高中,三民-B5-U6,,,,,look back,,回憶,"Looking back at old photographs, you’ll be amazed to see how much has changed over the years.",回顧舊照片，你會驚訝地發現這些年來變化有多大。,,,,,,,,,,,,(phr.),,,,,,,,,,,