stage,textbook_index,exam_tags,level,CEFR,主題,english_word,KK音標,中譯,例句,翻譯,例句2,翻譯2,例句3,翻譯3,例句4,翻譯4,例句5,翻譯5,Year_1,Part_1,Source_1,詞性,詞形變化,片語,同義字,反義字,易混淆字,字首,字尾,字根,意思,例子,videoUrl
國中,,,,,1200-節日與慶典,Christmas,/ˋkrɪsməs/,耶誕節,We decorated the house for Christmas.,我們為了耶誕節裝飾了房子。,,,,,,,,,,,,(n.),,,,,,,,,,,Pj9G4wqMPMQ
國中,,,,,1200-節日與慶典,Easter,[`istər],復活節,We painted eggs for Easter.,我們為復活節彩繪雞蛋。,,,,,,,,,,,,(n.),,,,,,,,,,,Pj9G4wqMPMQ
國中,,,,,1200-節日與慶典,Halloween,/͵hæloˋin/,萬聖節,Kids dress up for Halloween.,孩子們為萬聖節盛裝打扮。,,,,,,,,,,,,(n.),,,,,,,,,,,Pj9G4wqMPMQ
國中,,,B1,,1200-節日與慶典,festival,/ˋfɛstəv!/,節慶,We celebrate the Spring Festival with our family.,我們與家人一起慶祝春節。,,,,,,,,,,,,(n.),n.複數：festivals,,,,,,,,,,Pj9G4wqMPMQ
國中,,,A1,,1200-節日與慶典,holiday,/ˋhɑlə͵de/,假日,We are going on vacation during the holiday.,我們將在假期出遊。,,,,,,,,,,,,(n.),,,,,,,,,,,Pj9G4wqMPMQ
國中,,,A1,,1200-節日與慶典,vacation,/veˋkeʃən/,假期,We’re planning a vacation to Hawaii.,我們計劃去夏威夷度假。,,,,,,,,,,,,(n.),,,,,,,,,,,Pj9G4wqMPMQ
國中,,,B1,,1200-節日與慶典,celebrate,/ˋsɛlə͵bret/,慶祝,We will celebrate her birthday with a party.,我們將舉辦派對來慶祝她的生日。,,,,,,,,,,,,(v.),v.過去式：celebrated；過去分詞：celebrated；現在分詞：celebrating,,,,,,,,,,Pj9G4wqMPMQ
國中,,,A1,,1200-時間-1,morning,/ˋmɔrnɪŋ/,早上,Good morning!,早上好！,,,,,,,,,,,,(n.),,,,,,,,,,,mzY7tAM1_0U
國中,,,A2,,1200-時間-1,noon,/nun/,中午,Let’s meet at noon for lunch.,我們中午見面吃午餐吧。,,,,,,,,,,,,(n.),n.複數：noons,,,,,,,,,,mzY7tAM1_0U
國中,,,A1,,1200-時間-1,afternoon,/ˋæftɚˋnun/,下午,Let’s meet in the afternoon.,我們下午見面吧。,,,,,,,,,,,,(n.),,,,,,,,,,,mzY7tAM1_0U
國中,,,A1,,1200-時間-1,evening,/ˋivnɪŋ/,傍晚,We usually have dinner in the evening.,我們通常在傍晚吃晚餐。,,,,,,,,,,,,(n.),,,,,,,,,,,mzY7tAM1_0U
國中,,,A1,,1200-時間-1,night,/naɪt/,夜晚,The stars shine brightly at night.,夜晚星星閃耀。,,,,,,,,,,,,(n.),,,,,,,,,,,mzY7tAM1_0U
國中,,,A1,,1200-時間-1,Monday,/ˋmʌnde/,星期一,I hate Mondays because they start the workweek.,我討厭星期一，因為它們開始了一周的工作。,,,,,,,,,,,,(n.),,,,,,,,,,,mzY7tAM1_0U
國中,,,A1,,1200-時間-1,Tuesday,/ˋtjuzde/,星期二,We have a meeting every Tuesday.,我們每週二都有會議。,,,,,,,,,,,,(n.),,,,,,,,,,,mzY7tAM1_0U
國中,,,A1,,1200-時間-1,Wednesday,/ˋwɛnzde/,星期三,We have a meeting every Wednesday.,我們每週三都有會議。,,,,,,,,,,,,(n.),,,,,,,,,,,mzY7tAM1_0U
國中,,,A1,,1200-時間-1,Thursday,/ˋθɝzde/,星期四,We have a meeting on Thursday.,我們星期四有個會議。,,,,,,,,,,,,(n.),,,,,,,,,,,mzY7tAM1_0U
國中,,,A1,,1200-時間-1,Friday,/ˋfraɪ͵de/,星期五,I always look forward to Fridays.,我總是期待星期五。,,,,,,,,,,,,(n.),,,,,,,,,,,mzY7tAM1_0U
國中,,,A1,,1200-時間-1,Saturday,/ˋsætɚde/,星期六,We’re going hiking on Saturday.,我們星期六要去遠足。,,,,,,,,,,,,(n.),,,,,,,,,,,mzY7tAM1_0U
國中,,,A1,,1200-時間-1,Sunday,/ˋsʌnde/,星期天,We usually rest on Sunday.,我們通常在星期天休息。,,,,,,,,,,,,(n.),,,,,,,,,,,mzY7tAM1_0U
國中,,,A1,,1200-時間-1,week,/wik/,週,There are seven days in a week.,一週有七天。,,,,,,,,,,,,(n.),,,,,,,,,,,mzY7tAM1_0U
國中,,,A1,,1200-時間-1,weekend,/ˋwikˋɛnd/,週末,We went hiking last weekend.,上週末我們去遠足了。,,,,,,,,,,,,(n.),,,,,,,,,,,mzY7tAM1_0U
國中,,,A1,,1200-時間-1,month,/mʌnθ/,月份,There are twelve months in a year.,一年有十二個月。,,,,,,,,,,,,(n.),n.複數：months,,,,,,,,,,mzY7tAM1_0U
國中,,,A1,,1200-時間-1,January,/ˋdʒænjʊ͵ɛrɪ/,一月,Her birthday is in January.,她的生日在一月。,,,,,,,,,,,,(n.),,,,,,,,,,,mzY7tAM1_0U
國中,,,A1,,1200-時間-1,February,/ˋfɛbrʊ͵ɛrɪ/,二月,Valentine’s Day is in February.,情人節在二月。,,,,,,,,,,,,(n.),,,,,,,,,,,mzY7tAM1_0U
國中,,,A1,,1200-時間-1,March,/mɑrtʃ/,三月,My birthday is in March.,我的生日在三月。,,,,,,,,,,,,(n.),,,,,,,,,,,mzY7tAM1_0U
國中,,,A1,,1200-時間-1,April,/ˋeprəl/,四月,My birthday is in April.,我的生日在四月。,,,,,,,,,,,,(n.),,,,,,,,,,,mzY7tAM1_0U
國中,,,A1,,1200-時間-1,May,/meɪ/,五月,Her birthday is in May.,她的生日在五月。,,,,,,,,,,,,(n.),,,,,,,,,,,mzY7tAM1_0U
國中,,,A1,,1200-時間-1,June,/dʒun/,六月,My wedding anniversary is in June.,我的結婚紀念日在六月。,,,,,,,,,,,,(n.),,,,,,,,,,,mzY7tAM1_0U
國中,,,A1,,1200-時間-2,July,/dʒuˋlaɪ/,七月,We’re going on vacation in July.,我們將在七月去度假。,,,,,,,,,,,,(n.),,,,,,,,,,,AWhqCJ_d19o
國中,,,A1,,1200-時間-2,August,/ɔˋgʌst/,八月,Her vacation starts in August.,她的假期從八月開始。,,,,,,,,,,,,(n.),,,,,,,,,,,AWhqCJ_d19o
國中,,,A1,,1200-時間-2,September,/sɛpˋtɛmbɚ/,九月,School starts again in September.,學校九月再次開學。,,,,,,,,,,,,(n.),,,,,,,,,,,AWhqCJ_d19o
國中,,,A1,,1200-時間-2,October,/ɑkˋtobɚ/,十月,Halloween is celebrated in October.,萬聖節在十月慶祝。,,,,,,,,,,,,(n.),,,,,,,,,,,AWhqCJ_d19o
國中,,,A1,,1200-時間-2,November,/noˋvɛmbɚ/,十一月,Thanksgiving is celebrated in November in the US.,感恩節在美國於十一月慶祝。,,,,,,,,,,,,(n.),,,,,,,,,,,AWhqCJ_d19o
國中,,,A1,,1200-時間-2,December,/dɪˋsɛmbɚ/,十二月,Christmas is in December.,聖誕節在十二月。,,,,,,,,,,,,(n.),,,,,,,,,,,AWhqCJ_d19o
國中,,,B1,,1200-時間-2,season,/ˋsizn/,季節,My favorite season is summer.,我最喜歡的季節是夏天。,,,,,,,,,,,,(n.),n.複數：seasons,,,,,,,,,,AWhqCJ_d19o
國中,,,A2,,1200-時間-2,spring,/sprɪŋ/,春天,Flowers bloom in the spring.,花朵在春天綻放。,,,,,,,,,,,,(n.),,,,,,,,,,,AWhqCJ_d19o
國中,,,A1,,1200-時間-2,summer,/ˋsʌmɚ/,夏天,I love swimming in the summer.,我喜歡夏天游泳。,,,,,,,,,,,,(n.),,,,,,,,,,,AWhqCJ_d19o
國中,,,A1,,1200-時間-2,winter,/ˋwɪntɚ/,冬天,Winter is my favorite season.,冬天是我最喜歡的季節。,,,,,,,,,,,,(n.),,,,,,,,,,,AWhqCJ_d19o
國中,,,,,1200-時間-2,autumn (fall),/ˈɔtəm/,秋天,The leaves turn yellow in autumn.,秋天時，樹葉變黃了。,,,,,,,,,,,,(n.),,,,,,,,,,,AWhqCJ_d19o
國中,,,A1,,1200-時間-2,clock,/klɑk/,時鐘,The clock struck twelve.,時鐘敲響了十二下。,,,,,,,,,,,,(n.),,,,,,,,,,,AWhqCJ_d19o
國中,,,A1,,1200-時間-2,watch,/wɑtʃ/,手錶,He bought a new watch for his birthday.,他生日時買了一隻新手錶。,,,,,,,,,,,,(n.),,,,,,,,,,,AWhqCJ_d19o
國中,,,A1,,1200-時間-2,a.m.,[ˌeˈɛm],上午;凌晨,I leave home at 7:30 a.m. every day.,我每天早上七點半出門。,,,,,,,,,,,,(adv.),,,,,,,,,,,AWhqCJ_d19o
國中,,,A1,,1200-時間-2,p.m.,[ˌpiˈɛm],下午;晚上,The meeting starts at 7:00 p.m.,會議在晚上七點開始。,,,,,,,,,,,,(adv.),,,,,,,,,,,AWhqCJ_d19o
國中,,,A1,,1200-時間-2,half,/hæf/,一半的,The pizza was cut in half.,披薩被切成兩半。,,,,,,,,,,,,(adj.),,,,,,,,,,,AWhqCJ_d19o
國中,,,A1,,1200-時間-2,hour,/aʊr/,小時,The meeting lasted for two hours.,會議持續了兩個小時。,,,,,,,,,,,,(n.),n.複數：hours,,,,,,,,,,AWhqCJ_d19o
國中,,,A1,,1200-時間-2,minute,/ˋmɪnɪt/,分,The meeting will start in ten minutes.,會議將在十分鐘後開始。,,,,,,,,,,,,(n.),,,,,,,,,,,AWhqCJ_d19o
國中,,,A2,,1200-時間-2,moment,/ˋmomənt/,片刻,"Wait a moment, please.",請稍等片刻。,,,,,,,,,,,,(n.),,,,,,,,,,,AWhqCJ_d19o
國中,,,A1,,1200-時間-2,o'clock,/əˋklɑk/,…點鐘,It’s three o’clock in the afternoon.,現在是下午三點鐘。,,,,,,,,,,,,(adv.),,,,,,,,,,,AWhqCJ_d19o
國中,,,A1,,1200-時間-3,past,/pæst/,過去的,"In the past, people traveled by horse.",過去，人們靠馬出行。,,,,,,,,,,,,(adj.),,,,,,,,,,,hN-geJUNaNc
國中,,,A1,,1200-時間-3,quarter,/ˋkwɔrtɚ/,四分之一,A quarter of the students passed the test.,四分之一的學生通過了考試。,,,,,,,,,,,,(n.),,,,,,,,,,,hN-geJUNaNc
國中,,,A1,,1200-時間-3,second,/ˋsɛkənd/,第二的,He came in second place in the race.,他在比賽中獲得第二名。,,,,,,,,,,,,(adj.),,,,,,,,,,,hN-geJUNaNc
國中,,,A1,,1200-時間-3,time,/taɪm/,時間,Time flies when you’re having fun.,快樂的時光總是飛逝。,,,,,,,,,,,,(n.),,,,,,,,,,,hN-geJUNaNc
國中,,,A2,,1200-時間-3,ago,/əˋgo/,…之前,He left five minutes ago.,他五分鐘前離開了。,,,,,,,,,,,,(adv.),,,,,,,,,,,hN-geJUNaNc
國中,,,A2,,1200-時間-3,already,/ɔlˋrɛdɪ/,已經,The train has already left.,火車已經開走了。,,,,,,,,,,,,(adv.),,,,,,,,,,,hN-geJUNaNc
國中,,,A1,,1200-時間-3,early,/ˋɝlɪ/,早的,We woke up early to catch the train.,我們早起趕火車。,,,,,,,,,,,,(adj.),,,,,,,,,,,hN-geJUNaNc
國中,,,A1,,1200-時間-3,last,/læst/,最後的,She was the last person to leave the party.,她是派對上最後一個離開的人。,,,,,,,,,,,,(adj.),,,,,,,,,,,hN-geJUNaNc
國中,,,A1,,1200-時間-3,late,/let/,晚的,Don’t be late for the meeting.,不要遲到會議。,,,,,,,,,,,,(adj.),,,,,,,,,,,hN-geJUNaNc
國中,,,A2,,1200-時間-3,later,/ˋletɚ/,稍晚的,Let’s meet again later.,我們稍後再見。,,,,,,,,,,,,(adj.),,,,,,,,,,,hN-geJUNaNc
國中,,,A1,,1200-時間-3,next,/nɛkst/,下一個的,What are you doing next weekend?,你下週末打算做什麼？,,,,,,,,,,,,(adj.),,,,,,,,,,,hN-geJUNaNc
國中,,,A1,,1200-時間-3,now,/naʊ/,現在,What are you doing right now?,你現在正在做什麼？,,,,,,,,,,,,(adv.),,,,,,,,,,,hN-geJUNaNc
國中,,,A2,,1200-時間-3,once,/wʌns/,一次,I’ve only been to Paris once.,我只去過巴黎一次。,,,,,,,,,,,,(adv.),,,,,,,,,,,hN-geJUNaNc
國中,,,A2,,1200-時間-3,future,/ˋfjutʃɚ/,未來,The future looks bright for the young generation.,對年輕一代來說，未來看起來很光明。,,,,,,,,,,,,(n.),,,,,,,,,,,hN-geJUNaNc
國中,,,A2,,1200-時間-3,soon,/sun/,不久,I’ll be there soon.,我很快就到那裡。,,,,,,,,,,,,(adv.),,,,,,,,,,,hN-geJUNaNc
國中,,,A1,,1200-時間-3,today,/təˋde/,今天,Today is a sunny day.,今天是個晴朗的日子。,,,,,,,,,,,,(n.),,,,,,,,,,,hN-geJUNaNc
國中,,,A1,,1200-時間-3,tonight,/təˋnaɪt/,今晚,We’re going to a concert tonight.,我們今晚要去聽音樂會。,,,,,,,,,,,,(n.),,,,,,,,,,,hN-geJUNaNc
國中,,,A1,,1200-時間-3,tomorrow,/təˋmɔro/,明天,I’ll see you tomorrow morning.,我明天早上見你。,,,,,,,,,,,,(n.),,,,,,,,,,,hN-geJUNaNc
國中,,,A1,,1200-時間-3,year,/jɪr/,年,A year has 365 days.,一年有365天。,,,,,,,,,,,,(n.),,,,,,,,,,,hN-geJUNaNc
國中,,,A1,,1200-時間-3,yesterday,/ˋjɛstɚde/,昨天,I saw her yesterday at the park.,我昨天在公園看到她了。,,,,,,,,,,,,(n.),,,,,,,,,,,hN-geJUNaNc
國中,,,A1,,1200-時間-3,day,/de/,一天,I go to school every day.,我每天都去上學。,,,,,,,,,,,,(n.),,,,,,,,,,,hN-geJUNaNc
國中,,,A1,,1200-動物與昆蟲-1,animal,/ˋænəm!/,動物,The zoo has many different animals.,動物園裡有許多不同的動物。,,,,,,,,,,,,(n.),n.複數：animals,,,,,,,,,,Vmx0pA2kFjs
國中,,,A2,,1200-動物與昆蟲-1,bear,/bɛr/,熊,The bear was sleeping in its cave.,熊正在洞穴裡睡覺。,,,,,,,,,,,,(n.),,,,,,,,,,,Vmx0pA2kFjs
國中,,,A1,,1200-動物與昆蟲-1,cat,/kæt/,貓,The cat slept on the sofa all day.,貓整天睡在沙發上。,,,,,,,,,,,,(n.),,,,,,,,,,,Vmx0pA2kFjs
國中,,,A2,,1200-動物與昆蟲-1,chicken,/ˋtʃɪkɪn/,雞,We had roast chicken for dinner.,我們晚餐吃了烤雞。,,,,,,,,,,,,(n.),,,,,,,,,,,Vmx0pA2kFjs
國中,,,A1,,1200-動物與昆蟲-1,cow,/kaʊ/,母牛,The farmer milked the cow.,農民擠了牛奶。,,,,,,,,,,,,(n.),n.複數：cows,,,,,,,,,,Vmx0pA2kFjs
國中,,,A1,,1200-動物與昆蟲-1,dog,/dɔg/,狗,The dog wagged its tail when it saw its owner.,狗看到主人時搖了搖尾巴。,,,,,,,,,,,,(n.),,,,,,,,,,,Vmx0pA2kFjs
國中,,,A2,,1200-動物與昆蟲-1,duck,/dʌk/,鴨子,The duck swam in the pond.,鴨子在池塘裡游泳。,,,,,,,,,,,,(n.),,,,,,,,,,,Vmx0pA2kFjs
國中,,,A2,,1200-動物與昆蟲-1,elephant,/ˋɛləfənt/,大象,The elephant is the largest land animal.,大象是最大的陸地動物。,,,,,,,,,,,,(n.),n.複數：elephants,,,,,,,,,,Vmx0pA2kFjs
國中,,,B2,,1200-動物與昆蟲-1,fox,/fɑks/,狐狸,The fox is known for its cleverness.,狐狸以其聰明而聞名。,,,,,,,,,,,,(n.),n.複數：foxes,,,,,,,,,,Vmx0pA2kFjs
國中,,,B1,,1200-動物與昆蟲-1,frog,/frɑg/,青蛙,The frog jumped into the pond.,青蛙跳進了池塘。,,,,,,,,,,,,(n.),n.複數：frogs,,,,,,,,,,Vmx0pA2kFjs
國中,,,B1,,1200-動物與昆蟲-1,goat,/got/,山羊,The farmer has several goats on his farm.,農夫的農場上有幾隻山羊。,,,,,,,,,,,,(n.),n.複數：goats,,,,,,,,,,Vmx0pA2kFjs
國中,,,,,1200-動物與昆蟲-1,goose,/gus/,鵝,The goose honked loudly as it flew overhead.,鵝飛過頭頂時大聲鳴叫。,,,,,,,,,,,,(n.),n.複數：geese,,,,,,,,,,Vmx0pA2kFjs
國中,,,,,1200-動物與昆蟲-1,hen,/hɛn/,母雞,The hen laid an egg this morning.,母雞今天早上下了一顆蛋。,,,,,,,,,,,,(n.),n.複數：hens,,,,,,,,,,Vmx0pA2kFjs
國中,,,A1,,1200-動物與昆蟲-1,horse,/hɔrs/,馬,The farmer rode his horse to the market.,農夫騎馬去市場。,,,,,,,,,,,,(n.),n.複數：horses,,,,,,,,,,Vmx0pA2kFjs
國中,,,A2,,1200-動物與昆蟲-1,lion,/ˋlaɪən/,獅子,The lion roared loudly.,獅子大聲吼叫。,,,,,,,,,,,,(n.),n.複數：lions,,,,,,,,,,Vmx0pA2kFjs
國中,,,A2,,1200-動物與昆蟲-1,monkey,/ˋmʌŋkɪ/,猴子,The monkey swung from tree to tree.,猴子從一棵樹跳到另一棵樹。,,,,,,,,,,,,(n.),n.複數：monkeys,,,,,,,,,,Vmx0pA2kFjs
國中,,,A2,,1200-動物與昆蟲-1,mouse,/maʊs/,老鼠,The cat chased the mouse around the house.,貓在房子裡追老鼠。,,,,,,,,,,,,(n.),n.複數：mice,,,,,,,,,,Vmx0pA2kFjs
國中,,,A1,,1200-動物與昆蟲-1,pet,/pɛt/,寵物,Her pet dog follows her everywhere.,她的寵物狗跟著她到處走。,,,,,,,,,,,,(n.),,,,,,,,,,,Vmx0pA2kFjs
國中,,,A1,,1200-動物與昆蟲-1,pig,/pɪg/,豬,The farmer raised pigs on his farm.,農夫在他的農場養豬。,,,,,,,,,,,,(n.),,,,,,,,,,,Vmx0pA2kFjs
國中,,,B1,,1200-動物與昆蟲-1,puppy,/ˋpʌpɪ/,小狗,The puppy followed its owner everywhere.,小狗跟著主人到處走。,,,,,,,,,,,,(n.),,,,,,,,,,,Vmx0pA2kFjs
國中,,,A2,,1200-動物與昆蟲-2,rabbit,/ˋræbɪt/,兔子,The rabbit hopped through the garden.,兔子跳過了花園。,,,,,,,,,,,,(n.),n.複數：rabbits,,,,,,,,,,GiuSFyZJ37w
國中,,,A2,,1200-動物與昆蟲-2,rat,/ræt/,老鼠,There was a rat in the kitchen last night.,昨晚廚房裡有一隻老鼠。,,,,,,,,,,,,(n.),n.複數：rats,,,,,,,,,,GiuSFyZJ37w
國中,,,A1,,1200-動物與昆蟲-2,sheep,/ʃip/,羊,The farmer raised sheep for wool.,農夫養羊取羊毛。,,,,,,,,,,,,(n.),,,,,,,,,,,GiuSFyZJ37w
國中,,,B1,,1200-動物與昆蟲-2,tiger,/ˋtaɪgɚ/,老虎,The tiger roared loudly in the jungle.,老虎在叢林中大聲吼叫。,,,,,,,,,,,,(n.),n.複數：tigers,,,,,,,,,,GiuSFyZJ37w
國中,,,B2,,1200-動物與昆蟲-2,zebra,[`zibrə],斑馬,A zebra has black and white stripes.,斑馬有黑白相間的條紋。,,,,,,,,,,,,(n.),"n.複數：zebras, zebra",,,,,,,,,,GiuSFyZJ37w
國中,,,A2,,1200-動物與昆蟲-2,insect,/ˋɪnsɛkt/,昆蟲,Ants are a type of small insect.,螞蟻是一種小型昆蟲。,,,,,,,,,,,,(n.),n.複數：insects,,,,,,,,,,GiuSFyZJ37w
國中,,,B1,,1200-動物與昆蟲-2,ant,/ænt/,螞蟻,The ant carried a piece of food.,螞蟻搬運著一塊食物。,,,,,,,,,,,,(n.),n.複數：ants,,,,,,,,,,GiuSFyZJ37w
國中,,,A1,,1200-動物與昆蟲-2,bat,/bæt/,蝙蝠,Bats fly at night.,蝙蝠在夜間飛行。,,,,,,,,,,,,(n.),,,,,,,,,,,GiuSFyZJ37w
國中,,,B1,,1200-動物與昆蟲-2,bee,/bi/,蜜蜂,Bees collect nectar from flowers.,蜜蜂從花中採集花蜜。,,,,,,,,,,,,(n.),n.複數：bees,,,,,,,,,,GiuSFyZJ37w
國中,,,A1,,1200-動物與昆蟲-2,bird,/bɝd/,鳥,A bird flew past the window.,一隻鳥飛過窗戶。,,,,,,,,,,,,(n.),,,,,,,,,,,GiuSFyZJ37w
國中,,,B1,,1200-動物與昆蟲-2,bug,/bʌg/,昆蟲,A bug flew into the room.,一隻蟲子飛進了房間。,,,,,,,,,,,,(n.),,,,,,,,,,,GiuSFyZJ37w
國中,,,B1,,1200-動物與昆蟲-2,butterfly,/ˋbʌtɚ͵flaɪ/,蝴蝶,The butterfly landed on the flower.,蝴蝶停在花朵上。,,,,,,,,,,,,(n.),n.複數：butterflies,,,,,,,,,,GiuSFyZJ37w
國中,,,A2,,1200-動物與昆蟲-2,snake,/snek/,蛇,Be careful; there’s a snake in the grass.,小心，草叢裡有蛇。,,,,,,,,,,,,(n.),,,,,,,,,,,GiuSFyZJ37w
國中,,,B1,,1200-動物與昆蟲-2,spider,/ˋspaɪdɚ/,蜘蛛,A spider spun a web in the corner.,一隻蜘蛛在角落結了網。,,,,,,,,,,,,(n.),n.複數：spiders,,,,,,,,,,GiuSFyZJ37w
國中,,,A1,,1200-動物與昆蟲-2,fish,/fɪʃ/,魚,We caught a big fish in the lake.,我們在湖裡抓到了一條大魚。,,,,,,,,,,,,(n.),,,,,,,,,,,GiuSFyZJ37w
國中,,,,,1200-動物與昆蟲-2,turtle,/ˋtɝt!/,烏龜,The turtle moved slowly across the road.,烏龜慢慢地爬過馬路。,,,,,,,,,,,,(n.),"n.複數：turtles, turtle",,,,,,,,,,GiuSFyZJ37w
國中,,,B1,,1200-動物與昆蟲-2,bite,/baɪt/,咬,The dog bit the man.,狗咬了那個人。,,,,,,,,,,,,(v.),,,,,,,,,,,GiuSFyZJ37w
國中,,,B2,,1200-動物與昆蟲-2,tail,/tel/,尾巴,The dog wagged its tail happily.,狗開心地搖著尾巴。,,,,,,,,,,,,(n.),n.複數：tails,,,,,,,,,,GiuSFyZJ37w
國中,,,A1,,1200-人格特質-1,beautiful,/ˋbjutəfəl/,美麗的,The sunset was beautiful.,日落非常美麗。,,,,,,,,,,,,(adj.),adj.比較級：more beautiful；最高級：most beautiful,,"pretty, lovely",ugly,,,,,,,1CWokq8xU50
國中,,,B1,,1200-人格特質-1,blind,/blaɪnd/,失明的,The old man is blind.,這位老人失明了。,,,,,,,,,,,,(adj.),,,,,,,,,,,1CWokq8xU50
國中,,,,,1200-人格特質-1,cute,/kjut/,可愛的,The puppy looks so cute!,這隻小狗看起來真可愛！,,,,,,,,,,,,(adj.),adj.比較級：cuter；最高級：cutest,,,,,,,,,,1CWokq8xU50
國中,,,A1,,1200-人格特質-1,fat,/fæt/,肥胖的,Eating too much junk food can make you fat.,吃太多垃圾食品會讓你變胖。,,,,,,,,,,,,(adj.),,,,,,,,,,,1CWokq8xU50
國中,,,B1,,1200-人格特質-1,handsome,/ˋhænsəm/,英俊的,The actor is very handsome.,這位演員非常英俊。,,,,,,,,,,,,(adj.),adj.比較級：handsomer；最高級：handsomest,,"good-looking, attractive",,,,,,,,1CWokq8xU50
國中,,,A2,,1200-人格特質-1,heavy,/ˋhɛvɪ/,重的,The box is too heavy for me to lift.,這個箱子太重了，我搬不動。,,,,,,,,,,,,(adj.),adj.比較級：heavier；最高級：heaviest,,,,,,,,,,1CWokq8xU50
國中,,,A1,,1200-人格特質-1,old,/old/,老的,"My grandfather is very old, but still healthy.",我祖父很老了，但仍然健康。,,,,,,,,,,,,(adj.),,,,,,,,,,,1CWokq8xU50
國中,,,A2,,1200-人格特質-1,pretty,/ˋprɪtɪ/,漂亮的,She looks pretty in that dress.,她穿那件裙子看起來很漂亮。,,,,,,,,,,,,(adj.),,,,,,,,,,,1CWokq8xU50
國中,,,A1,,1200-人格特質-1,short,/ʃɔrt/,短的,Her hair is very short.,她的頭髮很短。,,,,,,,,,,,,(adj.),,,,,,,,,,,1CWokq8xU50
國中,,,A1,,1200-人格特質-1,slim,/slɪm/,苗條的,She has a slim waist.,她有苗條的腰身。,,,,,,,,,,,,(adj.),,,,,,,,,,,1CWokq8xU50
國中,,,A1,,1200-人格特質-1,tall,/tɔl/,高的,He is the tallest boy in the class.,他是班上最高的男孩。,,,,,,,,,,,,(adj.),,,,,,,,,,,1CWokq8xU50
國中,,,A2,,1200-人格特質-1,thin,/θɪn/,薄的,The paper is very thin.,這張紙很薄。,,,,,,,,,,,,(adj.),,,,,,,,,,,1CWokq8xU50
國中,,,B1,,1200-人格特質-1,ugly,/ˋʌglɪ/,醜陋的,The monster in the movie was very ugly.,電影裡的怪物非常醜陋。,,,,,,,,,,,,(adj.),adj.比較級：uglier；最高級：ugliest,,unattractive,beautiful,,,,,,,1CWokq8xU50
國中,,,A1,,1200-人格特質-1,young,/jʌŋ/,年輕的,She is young and full of energy.,她年輕且充滿活力。,,,,,,,,,,,,(adj.),,,,old,,,,,,,1CWokq8xU50
國中,,,A2,,1200-人格特質-1,angry,/ˋæŋgrɪ/,生氣的,Don’t be angry with me.,不要生我的氣。,,,,,,,,,,,,(adj.),adj.比較級：angrier；最高級：angriest,,mad,,,,,,,,1CWokq8xU50
國中,,,A1,,1200-人格特質-1,bad,/bæd/,壞的,This apple tastes bad.,這個蘋果味道不好。,,,,,,,,,,,,(adj.),,,,,,,,,,,1CWokq8xU50
國中,,,A1,,1200-人格特質-1,bored,/bɔrd/,厭倦的,I’m bored with this game.,我對這個遊戲感到厭倦。,,,,,,,,,,,,(adj.),,,,,,,,,,,1CWokq8xU50
國中,,,A1,,1200-人格特質-1,boring,[`bɔrɪŋ],令人無聊的,This movie is really long and boring.,這部電影真的很長又很無聊。,,,,,,,,,,,,(adj.),,,dull,,,,,,,,1CWokq8xU50
國中,,,B1,,1200-人格特質-1,brave,/brev/,勇敢的,The soldier was very brave.,這名士兵非常勇敢。,,,,,,,,,,,,(adj.),adj.比較級：braver；最高級：bravest,,,,,,,,,,1CWokq8xU50
國中,,,A1,,1200-人格特質-1,busy,/ˋbɪzɪ/,忙碌的,She is always busy with her work.,她總是忙於工作。,,,,,,,,,,,,(adj.),adj.比較級：busier；最高級：busiest,,,,,,,,,,1CWokq8xU50
國中,,,A2,,1200-人格特質-2,careful,/ˋkɛrfəl/,小心的,Be careful when crossing the street.,過馬路時要小心。,,,,,,,,,,,,(adj.),adj.比較級：more careful；最高級：most careful,,,,,,,,,,wscU-kes8GE
國中,,,A2,,1200-人格特質-2,cool,/kul/,涼的,The weather is cool today.,今天天氣涼爽。,,,,,,,,,,,,(adj.),,,,,,,,,,,wscU-kes8GE
國中,,,A2,,1200-人格特質-2,crazy,/ˋkrezɪ/,瘋狂的,He went crazy after hearing the news.,聽到這個消息後，他瘋了。,,,,,,,,,,,,(adj.),adj.比較級：crazier；最高級：craziest,,,,,,,,,,wscU-kes8GE
國中,,,A1,,1200-人格特質-2,excited,[ɪk`saɪtɪd],感到興奮的,I am so excited about the school trip tomorrow.,我對明天的學校旅行感到非常興奮。,,,,,,,,,,,,(adj.),,,,,,,,,,,wscU-kes8GE
國中,,,A1,,1200-人格特質-2,exciting,[ɪk`saɪtɪŋ],令人興奮的,The soccer game was very exciting.,這場足球賽非常令人興奮。,,,,,,,,,,,,(adj.),,,,,,,,,,,wscU-kes8GE
國中,,,A1,,1200-人格特質-2,famous,/ˋfeməs/,著名的,This actor is famous all over the world.,這位演員舉世聞名。,,,,,,,,,,,,(adj.),,,,,,,,,,,wscU-kes8GE
國中,,,A2,,1200-人格特質-2,friendly,/ˋfrɛndlɪ/,友好的,The staff at the hotel were very friendly.,酒店的工作人員非常友好。,,,,,,,,,,,,(adj.),,,,,,,,,,,wscU-kes8GE
國中,,,A1,,1200-人格特質-2,funny,/ˋfʌnɪ/,好笑的,His jokes are always funny.,他的笑話總是很好笑。,,,,,,,,,,,,(adj.),,,,,,,,,,,wscU-kes8GE
國中,,,A1,,1200-人格特質-2,good,/gʊd/,好的,This restaurant serves good food.,這家餐廳的食物很好吃。,,,,,,,,,,,,(adj.),,,,,,,,,,,wscU-kes8GE
國中,,,A1,,1200-人格特質-2,happy,/ˋhæpɪ/,快樂的,She felt happy after receiving the gift.,收到禮物後，她感到很快樂。,,,,,,,,,,,,(adj.),,,,,,,,,,,wscU-kes8GE
國中,,,B2,,1200-人格特質-2,hard-working,[ˌhɑrd`wɝkɪŋ],認真的,She is a very hard-working student.,她是個非常勤奮的學生。,,,,,,,,,,,,(adj.),,,,,,,,,,,wscU-kes8GE
國中,,,B1,,1200-人格特質-2,honest,/ˋɑnɪst/,誠實的,It’s important to be honest with others.,誠實待人是很重要的。,,,,,,,,,,,,(adj.),,,,,,,,,,,wscU-kes8GE
國中,,,A2,,1200-人格特質-2,interested,/ˋɪntərɪstɪd/,感興趣的,I’m interested in learning new languages.,我對學習新語言感興趣。,,,,,,,,,,,,(adj.),,,,,,,,,,,wscU-kes8GE
國中,,,A1,,1200-人格特質-2,kind,/kaɪnd/,仁慈的,She is very kind to everyone.,她對每個人都非常仁慈。,,,,,,,,,,,,(adj.),,,,,,,,,,,wscU-kes8GE
國中,,,A2,,1200-人格特質-2,lazy,/ˋlezɪ/,懶惰的,He is too lazy to clean his room.,他太懶了，不願意打掃房間。,,,,,,,,,,,,(adj.),adj.比較級：lazier；最高級：laziest,,,,,,,,,,wscU-kes8GE
國中,,,B1,,1200-人格特質-2,lonely,/ˋlonlɪ/,寂寞的,She felt lonely after moving to a new city.,她搬到新城市後感到寂寞。,,,,,,,,,,,,(adj.),adj.比較級：lonelier；最高級：loneliest,,,,,,,,,,wscU-kes8GE
國中,,,A2,,1200-人格特質-2,lovely,/ˋlʌvlɪ/,可愛的,She has a lovely smile.,她的笑容很可愛。,,,,,,,,,,,,(adj.),,,,,,,,,,,wscU-kes8GE
國中,,,A2,,1200-人格特質-2,mad,/mæd/,生氣的,She was mad at her brother for breaking her toy.,她因為弟弟弄壞了她的玩具而生氣。,,,,,,,,,,,,(adj.),adj.比較級：madder；最高級：maddest,,,,,,,,,,wscU-kes8GE
國中,,,A1,,1200-人格特質-2,nice,/naɪs/,友善的,She is always nice to everyone.,她總是對每個人都很友善。,,,,,,,,,,,,(adj.),,,,,,,,,,,wscU-kes8GE
國中,,,A2,,1200-人格特質-2,polite,/pəˋlaɪt/,有禮貌的,It’s important to be polite to others.,對他人有禮貌是很重要的。,,,,,,,,,,,,(adj.),adj.比較級：politer；最高級：politest,,,,,,,,,,wscU-kes8GE
國中,,,A1,,1200-人格特質-3,poor,/pʊr/,貧窮的,Many poor families struggle to afford food.,許多貧困家庭難以負擔食物。,,,,,,,,,,,,(adj.),adj.比較級：poorer；最高級：poorest,,,,,,,,,,Bm_GN9jcDL8
國中,,,B1,,1200-人格特質-3,proud,/praʊd/,驕傲的,She is proud of her achievements.,她為自己的成就感到驕傲。,,,,,,,,,,,,(adj.),,,,,,,,,,,Bm_GN9jcDL8
國中,,,A2,,1200-人格特質-3,rich,/rɪtʃ/,有錢的,He became rich after winning the lottery.,他在中彩票後變得富有。,,,,,,,,,,,,(adj.),adj.比較級：richer；最高級：richest,,,,,,,,,,Bm_GN9jcDL8
國中,,,A1,,1200-人格特質-3,sad,/sæd/,悲傷的,She felt sad after hearing the news.,她聽到消息後感到悲傷。,,,,,,,,,,,,(adj.),,,,,,,,,,,Bm_GN9jcDL8
國中,,,B1,,1200-人格特質-3,scared,[skɛrd],害怕的,She is scared of the big dog.,她害怕那隻大狗。,,,,,,,,,,,,(adj.),,,,,,,,,,,Bm_GN9jcDL8
國中,,,B1,,1200-人格特質-3,shy,/ʃaɪ/,害羞的,She is shy and doesn’t like to speak in public.,她很害羞，不喜歡在公共場合說話。,,,,,,,,,,,,(adj.),,,,,,,,,,,Bm_GN9jcDL8
國中,,,B1,,1200-人格特質-3,smart,/smɑrt/,聰明的,She is a smart student who always gets good grades.,她是一個聰明的學生，總是取得好成績。,,,,,,,,,,,,(adj.),adj.比較級：smarter；最高級：smartest,,"clever, intelligent, bright",silly,,,,,,,Bm_GN9jcDL8
國中,,,B1,,1200-人格特質-3,stupid,/ˋstjupɪd/,笨的,It’s stupid to make fun of others.,取笑別人是愚蠢的。,,,,,,,,,,,,(adj.),,,,,,,,,,,Bm_GN9jcDL8
國中,,,B1,,1200-人格特質-3,successful,/səkˋsɛsfəl/,成功的,He is a successful businessman.,他是個成功的商人。,,,,,,,,,,,,(adj.),adj.比較級：more successful；最高級：most successful,,,,,,,,,,Bm_GN9jcDL8
國中,,,A2,,1200-人格特質-3,unhappy,/ʌnˋhæpɪ/,不快樂的,He looked unhappy after hearing the news.,听到消息後他看起來不開心。,,,,,,,,,,,,(adj.),,,,,,,,,,,Bm_GN9jcDL8
國中,,,B2,,1200-人格特質-3,wise,/waɪz/,明智的,It’s wise to save money for the future.,為未來存錢是明智的。,,,,,,,,,,,,(adj.),adj.比較級：wiser；最高級：wisest,,,,,,,,,,Bm_GN9jcDL8
國中,,,A1,,1200-食物與飲料,fruit,/frut/,水果,I like to eat fruit for breakfast.,我喜歡早餐吃水果。,,,,,,,,,,,,(n.),"n.複數：fruits, fruit",,,,,,,,,,-D62J72KJBY
國中,,,A1,,1200-食物與飲料,apple,/ˋæp!/,蘋果,I ate an apple for breakfast.,我早餐吃了一個蘋果。,,,,,,,,,,,,(n.),,,,,,,,,,,-D62J72KJBY
國中,,,A1,,1200-食物與飲料,banana,/bəˋnænə/,香蕉,Monkeys love to eat bananas.,猴子喜歡吃香蕉。,,,,,,,,,,,,(n.),,,,,,,,,,,-D62J72KJBY
國中,,,A2,,1200-食物與飲料,grape,/grep/,葡萄,We picked fresh grapes from the vineyard.,我們從葡萄園裡摘了新鮮的葡萄。,,,,,,,,,,,,(n.),n.複數：grapes,,,,,,,,,,-D62J72KJBY
國中,,,,,1200-食物與飲料,guava,/ˋgwɑvə/,番石榴,She likes to eat guava for dessert.,她喜歡吃番石榴當甜點。,,,,,,,,,,,,(n.),,,,,,,,,,,-D62J72KJBY
國中,,,A2,,1200-食物與飲料,lemon,/ˋlɛmən/,檸檬,I added some lemon juice to the tea.,我在茶裡加了一些檸檬汁。,,,,,,,,,,,,(n.),n.複數：lemons,,,,,,,,,,-D62J72KJBY
國中,,,A1,,1200-食物與飲料,orange,/ˋɔrɪndʒ/,柑橘,I love eating oranges for breakfast.,我喜歡早餐吃橙子。,,,,,,,,,,,,(n.),,,,,,,,,,,-D62J72KJBY
國中,,,,,1200-食物與飲料,papaya,/pəˋpaɪə/,木瓜,Papaya is a tropical fruit.,木瓜是一種熱帶水果。,,,,,,,,,,,,(n.),n.複數：papayas,,,,,,,,,,-D62J72KJBY
國中,,,B1,,1200-食物與飲料,peach,/pitʃ/,桃子,She ate a juicy peach for dessert.,她吃了多汁的桃子當甜點。,,,,,,,,,,,,(n.),n.複數：peaches,,,,,,,,,,-D62J72KJBY
國中,,,A2,,1200-食物與飲料,pear,/pɛr/,梨子,This pear tastes sweet.,這梨子味道很甜。,,,,,,,,,,,,(n.),n.複數：pears,,,,,,,,,,-D62J72KJBY
國中,,,B1,,1200-食物與飲料,strawberry,/ˋstrɔbɛrɪ/,草莓,I love eating fresh strawberries.,我喜歡吃新鮮的草莓。,,,,,,,,,,,,(n.),n.複數：strawberries,,,,,,,,,,-D62J72KJBY
國中,,,A1,,1200-食物與飲料,tomato,/təˋmeto/,番茄,I added a tomato to the salad.,我在沙拉裡加了一個番茄。,,,,,,,,,,,,(n.),n.複數：tomatoes,,,,,,,,,,-D62J72KJBY
國中,,,,,1200-食物與飲料,watermelon,/ˋwɔtɚ͵mɛlən/,西瓜,We ate watermelon on a hot summer day.,我們在炎熱的夏天吃了西瓜。,,,,,,,,,,,,(n.),,,,,,,,,,,-D62J72KJBY
國中,,,A1,,1200-食物與飲料,vegetable,/ˋvɛdʒətəb!/,蔬菜,Eat more vegetables for a healthy diet.,多吃蔬菜以保持健康飲食。,,,,,,,,,,,,(n.),n.複數：vegetables,,,,,,,,,,-D62J72KJBY
國中,,,A1,,1200-食物與飲料,bean,/bin/,豆子,She cooked a pot of beans for dinner.,她晚餐煮了一鍋豆子。,,,,,,,,,,,,(n.),n.複數：beans,,,,,,,,,,-D62J72KJBY
國中,,,,,1200-食物與飲料,pumpkin,/ˋpʌmpkɪn/,南瓜,We carved a pumpkin for Halloween.,我們為萬聖節雕刻了一個南瓜。,,,,,,,,,,,,(n.),n.複數：pumpkins,,,,,,,,,,-D62J72KJBY
國中,,,A1,,1200-食物與飲料,meat,/mit/,肉類,I prefer chicken meat over beef.,我更喜歡雞肉而不是牛肉。,,,,,,,,,,,,(n.),,,,,,,,,,,-D62J72KJBY
國中,,,B1,,1200-食物與飲料,beef,/bif/,牛肉,We had beef for dinner last night.,昨晚我們晚餐吃了牛肉。,,,,,,,,,,,,(n.),n.複數：beeves,,,,,,,,,,-D62J72KJBY
國中,,,A1,,1200-食物與飲料,bread,/brɛd/,麵包,I like to eat bread with butter.,我喜歡吃塗了奶油的麵包。,,,,,,,,,,,,(n.),n.複數：breads,,,,,,,,,,-D62J72KJBY
國中,,,B2,,1200-食物與飲料,bun,/bʌn/,圓麵包,I bought a bun for breakfast.,我買了一個圓麵包當早餐。,,,,,,,,,,,,(n.),,,,,,,,,,,-D62J72KJBY
國中,,,A2,,1200-食物與飲料-1,chicken,/ˋtʃɪkɪn/,雞,We had roast chicken for dinner.,我們晚餐吃了烤雞。,,,,,,,,,,,,(n.),,,,,,,,,,,-D62J72KJBY
國中,,,A1,,1200-食物與飲料-1,egg,/ɛg/,蛋,I had an omelet made with three eggs for breakfast.,我早餐吃了用三個蛋做的煎蛋捲。,,,,,,,,,,,,(n.),,,,,,,,,,,-D62J72KJBY
國中,,,A1,,1200-食物與飲料-1,fish,/fɪʃ/,魚,We caught a big fish in the lake.,我們在湖裡抓到了一條大魚。,,,,,,,,,,,,(n.),,,,,,,,,,,-D62J72KJBY
國中,,,A1,,1200-食物與飲料-1,food,/fud/,食物,Healthy food is important for a balanced diet.,健康的食物對均衡飲食很重要。,,,,,,,,,,,,(n.),n.複數：foods,,,,,,,,,,-D62J72KJBY
國中,,,,,1200-食物與飲料-1,fries (French fries),/fraɪz/,薯條,I love eating fries with ketchup.,我喜歡吃薯條配番茄醬。,,,,,,,,,,,,(n.),,,,,,,,,,,-D62J72KJBY
國中,,,A2,,1200-食物與飲料-1,ham,/hæm/,火腿,We had ham sandwiches for lunch.,我們午餐吃了火腿三明治。,,,,,,,,,,,,(n.),n.複數：hams,,,,,,,,,,-D62J72KJBY
國中,,,,,1200-食物與飲料-1,hamburger (burger),/ˋhæmbɝgɚ/,漢堡,I ordered a hamburger at the restaurant.,我在餐廳點了一個漢堡。,,,,,,,,,,,,(n.),,,,,,,,,,,-D62J72KJBY
國中,,,B1,,1200-食物與飲料-1,hot dog,,熱狗,Let's get a hot dog for lunch.,我們午餐吃熱狗吧。,,,,,,,,,,,,(n.),,,,,,,,,,,-D62J72KJBY
國中,,,,,1200-食物與飲料-1,noodle,/ˋnud!/,麵條,I love eating noodles for lunch.,我喜歡午餐吃麵條。,,,,,,,,,,,,(n.),n.複數：noodles,,,,,,,,,,-D62J72KJBY
國中,,,A1,,1200-食物與飲料-1,pizza,/ˋpitsə/,披薩,Let’s order pizza for dinner.,讓我們訂披薩當晚餐吧。,,,,,,,,,,,,(n.),n.複數：pizzas,,,,,,,,,,-D62J72KJBY
國中,,,B1,,1200-食物與飲料-1,pork,/pork  pɔrk/,豬肉,Pork is a common ingredient in Chinese cuisine.,豬肉是中式烹飪中常見的食材。,,,,,,,,,,,,(n.),,,,,,,,,,,-D62J72KJBY
國中,,,A1,,1200-食物與飲料-1,rice,/raɪs/,米,Rice is a staple food in many countries.,米是許多國家的主食。,,,,,,,,,,,,(n.),,,,,,,,,,,-D62J72KJBY
國中,,,A2,,1200-食物與飲料-1,salad,/ˋsæləd/,沙拉,I ordered a Caesar salad for lunch.,我午餐點了一份凱撒沙拉。,,,,,,,,,,,,(n.),n.複數：salads,,,,,,,,,,-D62J72KJBY
國中,,,A1,,1200-食物與飲料-1,sandwich,/ˋsændwɪtʃ/,三明治,I made a ham and cheese sandwich for lunch.,我做了一個火腿芝士三明治當午餐。,,,,,,,,,,,,(n.),,,,,,,,,,,-D62J72KJBY
國中,,,A1,,1200-食物與飲料-1,soup,/sup/,湯,She made a delicious chicken soup.,她煮了一鍋美味的雞湯。,,,,,,,,,,,,(n.),n.複數：soups,,,,,,,,,,-D62J72KJBY
國中,,,A2,,1200-食物與飲料-1,steak,/stek/,牛排,I ordered a medium-rare steak.,我點了一份五分熟的牛排。,,,,,,,,,,,,(n.),n.複數：steaks,,,,,,,,,,-D62J72KJBY
國中,,,A1,,1200-食物與飲料-1,breakfast,/ˋbrɛkfəst/,早餐,I usually have cereal for breakfast.,我通常早餐吃麥片。,,,,,,,,,,,,(n.),,,,,,,,,,,-D62J72KJBY
國中,,,A1,,1200-食物與飲料-1,dinner,/ˋdɪnɚ/,晚餐,We had dinner at a nice restaurant.,我們在一間不錯的餐廳吃了晚餐。,,,,,,,,,,,,(n.),n.複數：dinners,,,,,,,,,,-D62J72KJBY
國中,,,A1,,1200-食物與飲料-1,lunch,/lʌntʃ/,午餐,Let’s have lunch together.,讓我們一起吃午餐吧。,,,,,,,,,,,,(n.),,,,,,,,,,,-D62J72KJBY
國中,,,A1,,1200-食物與飲料-1,meal,/mil/,餐,Dinner is the main meal of the day.,晚餐是一天中的主餐。,,,,,,,,,,,,(n.),n.複數：meals,,,,,,,,,,-D62J72KJBY
國中,,,A2,,1200-食物與飲料-2,snack,/snæk/,點心,Let’s have a snack before dinner.,讓我們在晚餐前吃點點心吧。,,,,,,,,,,,,(n.),,,,,,,,,,,Inab1mpHjvI
國中,,,A1,,1200-食物與飲料-2,coffee,/ˋkɔfɪ/,咖啡,I drink coffee every morning.,我每天早上喝咖啡。,,,,,,,,,,,,(n.),n.複數：coffees,,,,,,,,,,Inab1mpHjvI
國中,,,A1,,1200-食物與飲料-2,drink,/drɪŋk/,喝,Would you like to drink some water?,你想喝點水嗎？,,,,,,,,,,,,(v.),,,,,,,,,,,Inab1mpHjvI
國中,,,A2,,1200-食物與飲料-2,ice,/aɪs/,冰,The lake was covered with ice in the winter.,冬天時，湖面被冰覆蓋。,,,,,,,,,,,,(n.),n.複數：ices,,,,,,,,,,Inab1mpHjvI
國中,,,A1,,1200-食物與飲料-2,juice,/dʒus/,果汁,I prefer orange juice over apple juice.,我更喜歡橙汁而不是蘋果汁。,,,,,,,,,,,,(n.),n.複數：juices,,,,,,,,,,Inab1mpHjvI
國中,,,A1,,1200-食物與飲料-2,milk,/mɪlk/,牛奶,I drink a glass of milk every morning.,我每天早上喝一杯牛奶。,,,,,,,,,,,,(n.),,,,,,,,,,,Inab1mpHjvI
國中,,,A1,,1200-食物與飲料-2,tea,/ti/,茶,Would you like a cup of tea?,你想喝杯茶嗎？,,,,,,,,,,,,(n.),n.複數：teas,,,,,,,,,,Inab1mpHjvI
國中,,,A1,,1200-食物與飲料-2,water,/ˋwɔtɚ/,水,Drink plenty of water every day.,每天多喝水。,,,,,,,,,,,,(n.),,,,,,,,,,,Inab1mpHjvI
國中,,,A1,,1200-食物與飲料-2,cake,/kek/,蛋糕,She baked a delicious chocolate cake.,她烤了一個美味的巧克力蛋糕。,,,,,,,,,,,,(n.),,,,,,,,,,,Inab1mpHjvI
國中,,,A2,,1200-食物與飲料-2,candy,/ˋkændɪ/,糖果,The children love to eat candy.,孩子們喜歡吃糖果。,,,,,,,,,,,,(n.),,,,,,,,,,,Inab1mpHjvI
國中,,,A1,,1200-食物與飲料-2,cheese,/tʃiz/,起司,I like to eat cheese with crackers.,我喜歡吃起司配餅乾。,,,,,,,,,,,,(n.),n.複數：cheeses,,,,,,,,,,Inab1mpHjvI
國中,,,A1,,1200-食物與飲料-2,chocolate,/ˋtʃɑkəlɪt/,巧克力,I bought some chocolate for dessert.,我買了一些巧克力當甜點。,,,,,,,,,,,,(n.),n.複數：chocolates,,,,,,,,,,Inab1mpHjvI
國中,,,A2,,1200-食物與飲料-2,cookie,/ˋkʊkɪ/,點心,I baked some cookies for the party.,我為派對烤了一些餅乾。,,,,,,,,,,,,(n.),,,,,,,,,,,Inab1mpHjvI
國中,,,,,1200-食物與飲料-2,ice cream,[`aıs`krim],冰淇淋,What's your favorite flavor of ice cream?,你最喜歡什麼口味的冰淇淋？,,,,,,,,,,,,(n.),,,,,,,,,,,Inab1mpHjvI
國中,,,B1,,1200-食物與飲料-2,pie,/paɪ/,派,I love apple pie.,我喜歡蘋果派。,,,,,,,,,,,,(n.),n.複數：pies,,,,,,,,,,Inab1mpHjvI
國中,,,B1,,1200-食物與飲料-2,popcorn,/ˋpɑp͵kɔrn/,爆米花,We ate popcorn while watching the movie.,我們在看電影時吃了爆米花。,,,,,,,,,,,,(n.),,,,,,,,,,,Inab1mpHjvI
國中,,,A2,,1200-食物與飲料-2,toast,/tost/,吐司,I like to eat toast with butter.,我喜歡吃塗了奶油的吐司。,,,,,,,,,,,,(n.),,,,,,,,,,,Inab1mpHjvI
國中,,,A1,,1200-食物與飲料-2,butter,/ˋbʌtɚ/,奶油,Spread some butter on the bread.,在麵包上抹些奶油。,,,,,,,,,,,,(n.),,,,,,,,,,,Inab1mpHjvI
國中,,,A2,,1200-食物與飲料-2,oil,/ɔɪl/,石油,Cars run on oil or gasoline.,汽車靠石油或汽油運行。,,,,,,,,,,,,(n.),,,,,,,,,,,Inab1mpHjvI
國中,,,A1,,1200-食物與飲料-2,salt,/sɔlt/,鹽,Add some salt to the soup for flavor.,加一些鹽到湯裡調味。,,,,,,,,,,,,(n.),,,,,,,,,,,Inab1mpHjvI
國中,,,A1,,1200-食物與飲料-3,sugar,/ˋʃʊgɚ/,糖,Add some sugar to your coffee.,在咖啡裡加些糖。,,,,,,,,,,,,(n.),n.複數：sugars,,,,,,,,,,v9WEwtWPx-E
國中,,,A1,,1200-食物與飲料-3,hungry,/ˋhʌŋgrɪ/,飢餓的,I’m hungry; let’s eat something.,我餓了，我們吃點東西吧。,,,,,,,,,,,,(adj.),adj.比較級：hungrier；最高級：hungriest,,,,,,,,,,v9WEwtWPx-E
國中,,,A2,,1200-食物與飲料-3,full,/fʊl/,滿的,The glass is full of water.,杯子裡裝滿了水。,,,,,,,,,,,,(adj.),,,,,,,,,,,v9WEwtWPx-E
國中,,,A2,,1200-食物與飲料-3,thirsty,/ˋθɝstɪ/,口渴的,I’m thirsty; can I have some water?,我口渴了，我能喝點水嗎？,,,,,,,,,,,,(adj.),adj.比較級：thirstier；最高級：thirstiest,,,,,,,,,,v9WEwtWPx-E
國中,,,B1,,1200-食物與飲料-3,delicious,/dɪˋlɪʃəs/,美味的,This pizza is delicious!,這個披薩真好吃！,,,,,,,,,,,,(adj.),,,,,,,,,,,v9WEwtWPx-E
國中,,,A1,,1200-食物與飲料-3,hot,/hɑt/,熱的,The coffee is too hot to drink.,咖啡太燙了，不能喝。,,,,,,,,,,,,(adj.),adj.比較級：hotter；最高級：hottest,,warm,cold,,,,,,,v9WEwtWPx-E
國中,,,A1,,1200-食物與飲料-3,sweet,/swit/,甜的,This cake is very sweet.,這個蛋糕非常甜。,,,,,,,,,,,,(adj.),,,,,,,,,,,v9WEwtWPx-E
國中,,,,,1200-食物與飲料-3,yummy,/ˋjʌmɪ/,好吃的,This cake is so yummy!,這個蛋糕真好吃！,,,,,,,,,,,,(adj.),,,,,,,,,,,v9WEwtWPx-E
國中,,,A2,,1200-食物與飲料-3,bake,/bek/,烘烤,I want to bake a cake for her birthday.,我想為她的生日烤一個蛋糕。,,,,,,,,,,,,(v.),v.過去式：baked；過去分詞：baked；現在分詞：baking,,,,,,,,,,v9WEwtWPx-E
國中,,,A2,,1200-食物與飲料-3,boil,/bɔɪl/,燒開,Boil the water before drinking it.,喝之前先把水燒開。,,,,,,,,,,,,(v.),,,,,,,,,,,v9WEwtWPx-E
國中,,,B1,,1200-食物與飲料-3,burn,/bɝn/,燒,Be careful not to burn yourself.,小心別燙傷自己。,,,,,,,,,,,,(v.),,,,,,,,,,,v9WEwtWPx-E
國中,,,A1,,1200-食物與飲料-3,cook,/kʊk/,煮,She cooked dinner for the family.,她為家人煮了晚餐。,,,,,,,,,,,,(v.),,,,,,,,,,,v9WEwtWPx-E
國中,,,A1,,1200-食物與飲料-3,eat,/it/,吃,I like to eat pizza on weekends.,我喜歡在週末吃披薩。,,,,,,,,,,,,(v.),,,,,,,,,,,v9WEwtWPx-E
國中,,,A2,,1200-食物與飲料-3,order,/ˋɔrdɚ/,命令,The soldier followed the captain’s order.,士兵遵從了上尉的命令。,,,,,,,,,,,,(n.),,,,,,,,,,,v9WEwtWPx-E
國中,,,A2,,1200-食物與飲料-3,menu,/ˋmɛnju/,菜單,"Can I see the menu, please?",請問我可以看一下菜單嗎？,,,,,,,,,,,,(n.),n.複數：menus,,,,,,,,,,v9WEwtWPx-E
國中,,,,,1200-語言,Chinese,[tʃaɪ`niz],中文,I am learning to speak Chinese at school.,我正在學校學習說中文。,,,,,,,,,,,,(n.),,,,,,,,,,,Y1523azGqUw
國中,,,,,1200-語言,English,/ˋɪŋglɪʃ/,英語,She is learning English as a second language.,她正在把英語作為第二語言學習。,,,,,,,,,,,,n.,,,,,,,,,,,Y1523azGqUw
國中,,,A1,,1200-感嘆詞,hello,/həˋlo/,哈囉；喂,"She waved her hand and said ""Hello!"" to her friend.",她揮手並對她的朋友說了聲「哈囉！」,,,,,,,,,,,,(n.),,,,,,,,,,,HO_aJJLtpQU
國中,,,A2,,1200-感嘆詞,hey,/he/,嘿；喂（招呼語）,"Hey, wait for me after class!",嘿，下課後等我一下！,,,,,,,,,,,,(interj.),,,,,,,,,,,HO_aJJLtpQU
國中,,,A1,,1200-感嘆詞,hi,/haɪ/,嗨；哈囉（招呼語）,"Hi, how was your weekend?",嗨，你週末過得怎麼樣？,,,,,,,,,,,,(interj.),,,,,,,,,,,HO_aJJLtpQU
國中,,,,,1200-感嘆詞,"good-bye (goodbye, bye)",/gʊdˋbaɪ/ ; /͵gʊdˋbaɪ/ ; /baɪ/,,I said goodbye to my teacher yesterday.,我昨天跟老師說再見。,,,,,,,,,,,,再見,,,,,,,,,,,HO_aJJLtpQU
國中,,,A2,,1200-數字-1,zero,/ˋzɪro/,零,The temperature dropped to zero degrees Celsius.,溫度降至攝氏零度。,,,,,,,,,,,,(n.),,,,,,,,,,,FpPqKLgjw-A
國中,,,A1,,1200-數字-1,one,/wʌn/,一個的,There is only one apple left.,只剩下一顆蘋果了。,,,,,,,,,,,,(adj.),,,,,,,,,,,FpPqKLgjw-A
國中,,,A1,,1200-數字-1,two,/tu/,二,Two plus two equals four.,二加二等於四。,,,,,,,,,,,,(n.),,,,,,,,,,,FpPqKLgjw-A
國中,,,A1,,1200-數字-1,three,/θri/,三,There are three apples on the table.,桌上有三個蘋果。,,,,,,,,,,,,(n.),,,,,,,,,,,FpPqKLgjw-A
國中,,,A1,,1200-數字-1,four,/for/,四,She has four cats at home.,她家裡有四隻貓。,,,,,,,,,,,,(n.),,,,,,,,,,,FpPqKLgjw-A
國中,,,A1,,1200-數字-1,five,/faɪv/,五,There are five apples on the table.,桌子上有五個蘋果。,,,,,,,,,,,,(n.),,,,,,,,,,,FpPqKLgjw-A
國中,,,A1,,1200-數字-1,six,/sɪks/,六,There are six apples on the table.,桌上有六個蘋果。,,,,,,,,,,,,(n.),,,,,,,,,,,FpPqKLgjw-A
國中,,,A1,,1200-數字-1,seven,/ˋsɛvn/,七,There are seven days in a week.,一週有七天。,,,,,,,,,,,,(n.),,,,,,,,,,,FpPqKLgjw-A
國中,,,A1,,1200-數字-1,eight,/et/,八,There are eight planets in our solar system.,我們的太陽系有八顆行星。,,,,,,,,,,,,(n.),,,,,,,,,,,FpPqKLgjw-A
國中,,,A1,,1200-數字-1,nine,/naɪn/,九,There are nine planets in the solar system.,太陽系有九顆行星。,,,,,,,,,,,,(n.),,,,,,,,,,,FpPqKLgjw-A
國中,,,A1,,1200-數字-1,ten,/tɛn/,十,There are ten apples in the basket.,籃子裡有十個蘋果。,,,,,,,,,,,,(n.),,,,,,,,,,,FpPqKLgjw-A
國中,,,A1,,1200-數字-1,eleven,/ɪˋlɛvn/,十一,There are eleven players on a soccer team.,一支足球隊有十一名球員。,,,,,,,,,,,,(n.),,,,,,,,,,,FpPqKLgjw-A
國中,,,A1,,1200-數字-1,twelve,/twɛlv/,十二,There are twelve months in a year.,一年有十二個月。,,,,,,,,,,,,(n.),,,,,,,,,,,FpPqKLgjw-A
國中,,,A1,,1200-數字-1,thirteen,/ˋθɝtin/,十三,There are thirteen cards in this deck.,這副牌有十三張。,,,,,,,,,,,,(n.),,,,,,,,,,,FpPqKLgjw-A
國中,,,A1,,1200-數字-1,fourteen,/ˋforˋtin/,十四,My brother is fourteen years old.,我弟弟十四歲了。,,,,,,,,,,,,(n.),,,,,,,,,,,FpPqKLgjw-A
國中,,,A1,,1200-數字-1,fifteen,/ˋfɪfˋtin/,十五,There are fifteen students in the classroom.,教室裡有十五名學生。,,,,,,,,,,,,(n.),,,,,,,,,,,FpPqKLgjw-A
國中,,,A1,,1200-數字-1,sixteen,/ˋsɪksˋtin/,十六,She turned sixteen last month.,她上個月滿十六歲。,,,,,,,,,,,,(n.),,,,,,,,,,,FpPqKLgjw-A
國中,,,A1,,1200-數字-1,seventeen,/͵sɛvnˋtin/,十七,She turned seventeen last month.,她上個月滿十七歲。,,,,,,,,,,,,(n.),,,,,,,,,,,FpPqKLgjw-A
國中,,,A1,,1200-數字-1,eighteen,/ˋeˋtin/,十八,She is eighteen years old.,她十八歲了。,,,,,,,,,,,,(n.),,,,,,,,,,,FpPqKLgjw-A
國中,,,A1,,1200-數字-1,nineteen,/ˋnaɪnˋtin/,十九,She is nineteen years old.,她十九歲了。,,,,,,,,,,,,(n.),,,,,,,,,,,FpPqKLgjw-A
國中,,,A1,,1200-數字-2,twenty,/ˋtwɛntɪ/,二十,She turned twenty last week.,她上週滿二十歲。,,,,,,,,,,,,(n.),,,,,,,,,,,9flZSgM_ryw
國中,,,A2,,1200-數字-2,thirty,/ˋθɝtɪ/,三十,She turned thirty last month.,她上個月滿三十歲。,,,,,,,,,,,,(n.),,,,,,,,,,,9flZSgM_ryw
國中,,,A2,,1200-數字-2,forty,/ˋfɔrtɪ/,四十,There are forty students in my class.,我們班有四十名學生。,,,,,,,,,,,,(n.),,,,,,,,,,,9flZSgM_ryw
國中,,,A2,,1200-數字-2,fifty,/ˋfɪftɪ/,五十,She bought fifty apples at the market.,她在市場買了五十個蘋果。,,,,,,,,,,,,(n.),,,,,,,,,,,9flZSgM_ryw
國中,,,A2,,1200-數字-2,sixty,/ˋsɪkstɪ/,六十,My grandfather is sixty years old.,我祖父六十歲了。,,,,,,,,,,,,(n.),,,,,,,,,,,9flZSgM_ryw
國中,,,A2,,1200-數字-2,seventy,/ˋsɛvntɪ/,七十,My grandfather is seventy years old.,我祖父七十歲了。,,,,,,,,,,,,(n.),,,,,,,,,,,9flZSgM_ryw
國中,,,A2,,1200-數字-2,eighty,/ˋetɪ/,八十,My grandfather is over eighty years old.,我祖父已經八十幾歲了。,,,,,,,,,,,,(n.),,,,,,,,,,,9flZSgM_ryw
國中,,,A2,,1200-數字-2,ninety,/ˋnaɪntɪ/,九十,My grandfather is ninety years old.,我祖父九十歲了。,,,,,,,,,,,,(n.),,,,,,,,,,,9flZSgM_ryw
國中,,,A2,,1200-數字-2,hundred,/ˋhʌndrəd/,一百,There are one hundred students in the class.,班上有100名學生。,,,,,,,,,,,,(n.),,,,,,,,,,,9flZSgM_ryw
國中,,,A2,,1200-數字-2,thousand,/ˋθaʊznd/,千,The city has a population of over a thousand.,這個城市的人口超過一千人。,,,,,,,,,,,,(n.),,,,,,,,,,,9flZSgM_ryw
國中,,,A2,,1200-數字-2,million,/ˋmɪljən/,百萬,He won a million dollars in the lottery.,他在彩票中贏得了100萬美元。,,,,,,,,,,,,(n.),,,,,,,,,,,9flZSgM_ryw
國中,,,A1,,1200-數字-2,first,/fɝst/,第一的,She was the first person to arrive.,她是第一個到達的人。,,,,,,,,,,,,(adj.),,,,,,,,,,,9flZSgM_ryw
國中,,,A1,,1200-數字-2,second,/ˋsɛkənd/,第二的,He came in second place in the race.,他在比賽中獲得第二名。,,,,,,,,,,,,(adj.),,,,,,,,,,,9flZSgM_ryw
國中,,,A2,,1200-數字-2,third,/θɝd/,第三的,She came in third place in the race.,她在比賽中獲得第三名。,,,,,,,,,,,,(adj.),,,,,,,,,,,9flZSgM_ryw
國中,,,A1,,1200-數字-2,last,/læst/,最後的,She was the last person to leave the party.,她是派對上最後一個離開的人。,,,,,,,,,,,,(adj.),,,,,,,,,,,9flZSgM_ryw
國中,,,A1,,1200-數字-2,all,/ɔl/,全部的,All students must attend the meeting.,所有學生都必須參加會議。,,,,,,,,,,,,(adj.),,,,,,,,,,,9flZSgM_ryw
國中,,,,,1200-數字-2,a few,[ə `fju],一些,I have a few questions to ask you.,我有一些問題想問你。,,,,,,,,,,,,(adj.),,,,,,,,,,,9flZSgM_ryw
國中,,,,,1200-數字-2,a little,/ə ˈlɪt̬.əl/,少量的；一點,Can I have a little milk in my tea?,我的茶可以加一點點牛奶嗎？,,,,,,,,,,,,(phr.),,,,,,,,,,,9flZSgM_ryw
國中,,,,,1200-數字-2,a lot,,非常；很多,She studies a lot before every test.,她每次考試前都讀很多書。,,,,,,,,,,,,(adv.),,,,,,,,,,,9flZSgM_ryw
國中,,,A1,,1200-數字-2,any,/ˋɛnɪ/,任何的,Do you have any questions?,你有什麼問題嗎？,,,,,,,,,,,,(adj.),,,,,,,,,,,9flZSgM_ryw
國中,,,A1,,1200-疑問詞,how,/haʊ/,如何,How do you solve this problem?,你如何解決這個問題？,,,,,,,,,,,,(adv.),,,,,,,,,,,QOPRYlODyGc
國中,,,A1,,1200-疑問詞,what,/wʌt/,什麼,What is your favorite color?,你最喜歡的顏色是什麼？,,,,,,,,,,,,pro(n.),,,,,,,,,,,QOPRYlODyGc
國中,,,A1,,1200-疑問詞,which,/wɪtʃ/,哪個,Which book do you prefer?,你更喜歡哪本書？,,,,,,,,,,,,pro(n.),,,,,,,,,,,QOPRYlODyGc
國中,,,A1,,1200-疑問詞,who,/hu/,誰,Who is that man over there?,那邊的那個男人是誰？,,,,,,,,,,,,pro(n.),,,,,,,,,,,QOPRYlODyGc
國中,,,B1,,1200-疑問詞,whose,/huz/,誰的,Whose bag is this?,這是誰的包？,,,,,,,,,,,,pro(n.),,,,,,,,,,,QOPRYlODyGc
國中,,,A1,,1200-疑問詞,when,/wɛn/,何時,When are you coming back?,你什麼時候回來？,,,,,,,,,,,,pro(n.),,,,,,,,,,,QOPRYlODyGc
國中,,,A1,,1200-疑問詞,where,/wɛr/,哪裡,Where do you live?,你住在哪裡？,,,,,,,,,,,,pro(n.),,,,,,,,,,,QOPRYlODyGc
國中,,,B1,,1200-疑問詞,whether,/ˋhwɛðɚ/,是否,I’m not sure whether it will rain tomorrow.,我不確定明天是否會下雨。,,,,,,,,,,,,(conj.),,,,,,,,,,,QOPRYlODyGc
國中,,,A2,,1200-疑問詞,while,/waɪl/,當…時候,I read a book while waiting for the bus.,我在等公車的時候讀了一本書。,,,,,,,,,,,,(conj.),,,,,,,,,,,QOPRYlODyGc
國中,,,A1,,1200-疑問詞,why,/waɪ/,為何,Why did you leave so early?,你為什麼這麼早就離開了？,,,,,,,,,,,,(adv.),,,,,,,,,,,QOPRYlODyGc
國中,,,A1,,1200-冠詞與限定詞,a,/ə/,一個；一種（不定冠詞）,I need a new pencil for class.,我需要一支新鉛筆上課。,,,,,,,,,,,,(art.),,,,,,,,,,,4OB8YsBs58s
國中,,,A1,,1200-冠詞與限定詞,an,/æn/,一個；一種（母音前的不定冠詞）,She gave me an apple for lunch.,她給了我一顆蘋果當午餐。,,,,,,,,,,,,(art.),,,,,,,,,,,4OB8YsBs58s
國中,,,A1,,1200-冠詞與限定詞,every,/ˋɛvrɪ/,每個,Every student must submit their homework.,每個學生都必須交作業。,,,,,,,,,,,,(adj.),,,,,,,,,,,4OB8YsBs58s
國中,,,A1,,1200-冠詞與限定詞,the,/ðə/,這個；那個,The sun rises in the east and sets in the west every day.,太陽每天從東方升起，從西方落下。,,,,,,,,,,,,(art.),,,,,,,,,,,4OB8YsBs58s
國中,,,A1,,1200-冠詞與限定詞,this,/ðɪs/,這,This is my favorite song.,這是我最喜歡的歌。,,,,,,,,,,,,pro(n.),,,,,,,,,,,4OB8YsBs58s
國中,,,A1,,1200-冠詞與限定詞,that,/ðæt/,那,That book is mine.,那本書是我的。,,,,,,,,,,,,pro(n.),,,,,,,,,,,4OB8YsBs58s
國中,,,A1,,1200-冠詞與限定詞,these,/ðiz/,這些,These flowers are beautiful.,這些花很漂亮。,,,,,,,,,,,,pro(n.),,,,,,,,,,,4OB8YsBs58s
國中,,,A1,,1200-冠詞與限定詞,those,/ðoz/,那些,Those shoes are too expensive.,那些鞋子太貴了。,,,,,,,,,,,,pro(n.),,,,,,,,,,,4OB8YsBs58s
國中,,,A1,,1200-冠詞與限定詞,my,/maɪ/,我的（所有格）,This is my favorite notebook.,這是我最喜歡的筆記本。,,,,,,,,,,,,(pron.),,,,,,,,,,,4OB8YsBs58s
國中,,,A1,,1200-冠詞與限定詞,our,[aʊr],我們的,This is our classroom.,這是我們的教室。,,,,,,,,,,,,(det.),,,,,hour (小時),,,,,,4OB8YsBs58s
國中,,,A1,,1200-冠詞與限定詞,your,/jur/,你的；你們的（所有格）,Is this your backpack or mine?,這是你的背包還是我的？,,,,,,,,,,,,(pron.),,,,,,,,,,,4OB8YsBs58s
國中,,,A1,,1200-冠詞與限定詞,his,/hɪz/,他的（所有格）,That blue bike is his.,那輛藍色腳踏車是他的。,,,,,,,,,,,,(pron.),,,,,,,,,,,4OB8YsBs58s
國中,,,A1,,1200-冠詞與限定詞,her,/hɝ/,她的；她（所有格和受格）,I borrowed her pencil in class.,我在課堂上借了她的鉛筆。,,,,,,,,,,,,(pron.),,,,,,,,,,,4OB8YsBs58s
國中,,,A1,,1200-冠詞與限定詞,its,/ɪts/,它的（所有格）,The dog wagged its tail happily.,那隻狗開心地搖著牠的尾巴。,,,,,,,,,,,,(pron.),,,,,,,,,,,4OB8YsBs58s
國中,,,A1,,1200-冠詞與限定詞,their,[ðer],他們的,The zebras are eating their lunch now.,斑馬們現在正在吃牠們的午餐。,,,,,,,,,,,,(det.),,,,,there (那裡),,,,,,4OB8YsBs58s
國中,,,,,1200-Be動詞與助動詞,be ,/bi/ ,是,My brother is 15 years old.,我哥哥15歲。,,,,,,,,,,,,(v.),,,,,,,,,,,fej2fRs82Y0
國中,,,,,1200-Be動詞與助動詞,do ,/du/,做,What do you want for dinner tonight?,你今晚晚餐想吃什麼？,,,,,,,,,,,,(v.),,,,,,,,,,,fej2fRs82Y0
國中,,,,,1200-Be動詞與助動詞,"have (has, had)",/hæv/,有,Do you have a pen I can borrow?,你有我可以借用的筆嗎？,,,,,,,,,,,,(v.),,,,,,,,,,,fej2fRs82Y0
國中,,,A1,,1200-Be動詞與助動詞,can,/kæn/,能夠,Can you help me with this?,你能幫我這個忙嗎？,,,,,,,,,,,,(aux.),,,,,,,,,,,fej2fRs82Y0
國中,,,A2,,1200-Be動詞與助動詞,could,/kʊd/,能夠；可以（can的過去式；表示委婉請求或可能性）,Could you help me with my homework?,你可以幫我寫作業嗎？,,,,,,,,,,,,(aux.),,,,,,,,,,,fej2fRs82Y0
國中,,,B2,,1200-Be動詞與助動詞,may (might),/me/,可能,You may leave if you’re not feeling well.,如果你不舒服，你可以離開。,,,,,,,,,,,,(aux.),,,,,,,,,,,fej2fRs82Y0
國中,,,,,1200-Be動詞與助動詞,will (would),/wɪl/,將要,I will call you later.,我待會兒會打電話給你。,,,,,,,,,,,,(aux.),,,,,,,,,,,fej2fRs82Y0
國中,,,A2,,1200-Be動詞與助動詞,must,/mʌst/,必須,You must finish your homework before going out.,出門前你必須完成作業。,,,,,,,,,,,,(aux.),,,,,,,,,,,fej2fRs82Y0
國中,,,A2,,1200-Be動詞與助動詞,should,/ʃʊd/,應該,You should study harder for the exam.,你應該更努力準備考試。,,,,,,,,,,,,(aux.),,,,,,,,,,,fej2fRs82Y0
國中,,,A2,,1200-Be動詞與助動詞,shall,/ʃæl/,將要,Shall we go now?,我們現在走嗎？,,,,,,,,,,,,(aux.),,,,,,,,,,,fej2fRs82Y0
國中,,,A2,,1200-稱謂,Dr.,,博士；醫生,Dr. Lin is our family doctor.,林醫生是我們的家庭醫生。,,,,,,,,,,,,(n.),,,,,,,,,,,rVIt8W2pxiQ
國中,,,A1,,1200-稱謂,Mr.,/ˋmɪstɚ/,先生,Mr. Johnson is the principal of the school.,約翰遜先生是學校的校長。,,,,,,,,,,,,(n.),,,,,,,,,,,rVIt8W2pxiQ
國中,,,A1,,1200-稱謂,Mrs.,/ˋmɪsɪz/,太太；夫人(用於已婚女性夫姓前),"Mrs. Lin, the school librarian, helps us find books for our research projects.",林太太，學校圖書館員，幫助我們尋找研究計畫所需的書籍。,,,,,,,,,,,,(n.),,,,,,,,,,,rVIt8W2pxiQ
國中,,,A1,,1200-稱謂,Miss,/mɪs/,小姐,Miss Smith is our new teacher.,史密斯小姐是我們的新老師。,,,,,,,,,,,,(n.),,,,,,,,,,,rVIt8W2pxiQ
國中,,,A2,,1200-稱謂,Ms.,/mɪz/,女士,Ms. Chen is our English teacher.,陳女士是我們的英文老師。,,,,,,,,,,,,(n.),,,,,,,,,,,rVIt8W2pxiQ
國中,,,B1,,1200-稱謂,sir,/sɝ/,先生,"Yes, sir, how may I assist you?",是的，先生，我該如何幫助您？,,,,,,,,,,,,(n.),n.複數：sirs,,,,,,,,,,rVIt8W2pxiQ
國中,,,A1,,1200-稱謂,name,/nem/,名字,What is your name?,你叫什麼名字？,,,,,,,,,,,,(n.),,,,,,,,,,,rVIt8W2pxiQ
國中,,,B1,,1200-稱謂,ma'am,/mæm/,夫人；女士（對女性的尊稱）,"Excuse me, ma'am, is this your bag?",不好意思，女士，這是您的包包嗎？,,,,,,,,,,,,(n.),,,,,,,,,,,rVIt8W2pxiQ
國中,,,A1,,1200-顏色,black,/blæk/,黑的,"The cat has a coat of soft, black fur.",這隻貓擁有一身柔軟的黑色皮毛。,,,,,,,,,,,,(adj.),,,,,,,,,,,U0CKU7f8yMI
國中,,,A1,,1200-顏色,blue,/blu/,藍的,The sky is blue today.,今天的天空是藍色的。,,,,,,,,,,,,(adj.),,,,,,,,,,,U0CKU7f8yMI
國中,,,A1,,1200-顏色,brown,/braʊn/,棕色的,Her hair is brown.,她的頭髮是棕色的。,,,,,,,,,,,,(adj.),,,,,,,,,,,U0CKU7f8yMI
國中,,,,,1200-顏色,color,/ˋkʌlɚ/,顏色,What is your favorite color?,你最喜歡什麼顏色？,,,,,,,,,,,,(n.),,,,,,,,,,,U0CKU7f8yMI
國中,,,,,1200-顏色,gray,/gre/,灰色的,The sky turned gray before the storm.,暴風雨前天空變灰了。,,,,,,,,,,,,(adj.),,,,,,,,,,,U0CKU7f8yMI
國中,,,A1,,1200-顏色,green,/grin/,綠色的,The leaves on the trees are green.,樹上的葉子是綠色的。,,,,,,,,,,,,(adj.),,,,,,,,,,,U0CKU7f8yMI
國中,,,A1,,1200-顏色,orange,/ˋɔrɪndʒ/,柑橘,I love eating oranges for breakfast.,我喜歡早餐吃橙子。,,,,,,,,,,,,(n.),,,,,,,,,,,U0CKU7f8yMI
國中,,,A2,,1200-顏色,pink,/pɪŋk/,粉紅色的,She wore a pink dress to the party.,她穿著粉紅色的裙子去參加派對。,,,,,,,,,,,,(adj.),,,,,,,,,,,U0CKU7f8yMI
國中,,,A2,,1200-顏色,purple,/ˋpɝp!/,紫色的,She wore a purple T-shirt to school.,她穿著紫色上衣去上學。,,,,,,,,,,,,(adj.),,,,,,,,,,,U0CKU7f8yMI
國中,,,A1,,1200-顏色,red,/rɛd/,紅色的,The beautiful rose is red.,那朵美麗的玫瑰是紅色的。,,,,,,,,,,,,(adj.),,,,,,,,,,,U0CKU7f8yMI
國中,,,A2,,1200-顏色,golden,/ˋgoldn/,金色的,The sunset turned the sky golden.,日落將天空染成了金色。,,,,,,,,,,,,(adj.),,,,,,,,,,,U0CKU7f8yMI
國中,,,A1,,1200-顏色,white,/hwaɪt/,白色的,I need a piece of white paper.,我需要一張白色的紙。,,,,,,,,,,,,(adj.),,,,,,,,,,,U0CKU7f8yMI
國中,,,A1,,1200-顏色,yellow,/ˋjɛlo/,黃色的,The sunflowers are bright yellow.,向日葵是明亮的黃色。,,,,,,,,,,,,(adj.),,,,,,,,,,,U0CKU7f8yMI
國中,,,A1,,1200-人物 ,baby,/ˋbebɪ/,嬰兒,The baby is sleeping soundly.,嬰兒睡得很香。,,,,,,,,,,,,(n.),n.複數：babies,,,,,,,,,,T2sOVN1ClDE
國中,,,A1,,1200-人物 ,boy,/bɔɪ/,男孩,The boy played with his toys.,男孩和他的玩具一起玩。,,,,,,,,,,,,(n.),,,,,,,,,,,T2sOVN1ClDE
國中,,,A1,,1200-人物 ,child,/tʃaɪld/,小孩,The child was playing in the park.,孩子在公園裡玩耍。,,,,,,,,,,,,(n.),,,,,,,,,,,T2sOVN1ClDE
國中,,,B1,,1200-人物 ,fool,/ful/,傻子,Don’t be a fool and trust everything you hear.,別傻了，別相信你聽到的一切。,,,,,,,,,,,,(n.),,,,,,,,,,,T2sOVN1ClDE
國中,,,B1,,1200-人物 ,giant,/ˋdʒaɪənt/,巨大的,There was a giant tree in the middle of the forest.,森林中央有一棵巨大的樹。,,,,,,,,,,,,(adj.),,,,,,,,,,,T2sOVN1ClDE
國中,,,A1,,1200-人物 ,girl,/gɝl/,女孩,The girl is playing with her friends.,這個女孩正在和她的朋友們玩耍。,,,,,,,,,,,,(n.),,,,,,,,,,,T2sOVN1ClDE
國中,,,A2,,1200-人物 ,guy,/gaɪ/,小伙子,That guy over there looks familiar.,那邊的那個小伙子看起來很熟悉。,,,,,,,,,,,,(n.),,,,,,,,,,,T2sOVN1ClDE
國中,,,B1,,1200-人物 ,kid,/kɪd/,小孩,The kids played happily in the park.,孩子們在公園裡快樂地玩耍。,,,,,,,,,,,,(n.),,,,,,,,,,,T2sOVN1ClDE
國中,,,A2,,1200-人物 ,king,/kɪŋ/,國王,The king ruled his kingdom wisely.,國王明智地統治他的王國。,,,,,,,,,,,,(n.),n.複數：kings,,,,,,,,,,T2sOVN1ClDE
國中,,,A1,,1200-人物 ,man,/mæn/,男人,The man helped the old lady cross the street.,這個男人幫助老婦人過馬路。,,,,,,,,,,,,(n.),,,,,,,,,,,T2sOVN1ClDE
國中,,,,,1200-人物 ,neighbor,/ˋnebɚ/,鄰居,My neighbor is very friendly.,我的鄰居非常友好。,,,,,,,,,,,,(n.),n.複數：neighbors,,,,,,,,,,T2sOVN1ClDE
國中,,,A1,,1200-人物 ,people,/ˋpip!/,人,There are many people at the concert.,音樂會上有許多人。,,,,,,,,,,,,(n.),,,,,,,,,,,T2sOVN1ClDE
國中,,,A1,,1200-人物 ,person,[`pɝsn],人,My teacher is a very kind person.,我的老師是個非常善良的人。,,,,,,,,,,,,(n.),n.複數：people,,,,,,,,,,T2sOVN1ClDE
國中,,,A2,,1200-人物 ,queen,/ˋkwin/,女王,The queen gave a speech to her people.,女王向她的人民發表了一場演講。,,,,,,,,,,,,(n.),,,,,,,,,,,T2sOVN1ClDE
國中,,,B1,,1200-人物 ,stranger,/ˋstrendʒɚ/,陌生人,Be careful when talking to strangers.,和陌生人說話時要小心。,,,,,,,,,,,,(n.),n.複數：strangers,,,,,,,,,,T2sOVN1ClDE
國中,,,A2,,1200-人物 ,teenager,/ˋtin͵edʒɚ/,青少年,Teenagers often enjoy listening to music.,青少年通常喜歡聽音樂。,,,,,,,,,,,,(n.),n.複數：teenagers,,,,,,,,,,T2sOVN1ClDE
國中,,,A2,,1200-人物 ,visitor,/ˋvɪzɪtɚ/,訪客,The museum had many visitors today.,博物館今天有很多訪客。,,,,,,,,,,,,(n.),n.複數：visitors,,,,,,,,,,T2sOVN1ClDE
國中,,,A1,,1200-人物 ,woman,/ˋwʊmən/,女人,That woman is a famous scientist.,那位女士是一位著名的科學家。,,,,,,,,,,,,(n.),n.複數：women,,,,,,,,,,T2sOVN1ClDE
國中,,,A1,,1200-身體部位-1,ear,/ɪr/,耳朵,She has a sharp ear for music.,她對音樂有很敏銳的聽覺。,,,,,,,,,,,,(n.),n.複數：ears,,,,,,,,,,DlND5pk44m4
國中,,,A1,,1200-身體部位-1,eye,/aɪ/,眼睛,Her eyes are very beautiful.,她的眼睛很漂亮。,,,,,,,,,,,,(n.),n.複數：eyes,,,,,,,,,,DlND5pk44m4
國中,,,A1,,1200-身體部位-1,face,/fes/,臉,She washed her face in the morning.,她早上洗了臉。,,,,,,,,,,,,(n.),,,,,,,,,,,DlND5pk44m4
國中,,,A1,,1200-身體部位-1,hair,/hɛr/,頭髮,"She has long, beautiful hair.",她有一頭又長又漂亮的頭髮。,,,,,,,,,,,,(n.),n.複數：hairs,,,,,,,,,,DlND5pk44m4
國中,,,B1,,1200-身體部位-1,lip,/lɪp/,嘴唇,She bit her lip nervously.,她緊張地咬著嘴唇。,,,,,,,,,,,,(n.),n.複數：lips,,,,,,,,,,DlND5pk44m4
國中,,,A1,,1200-身體部位-1,mouth,/maʊθ/,嘴巴,She covered her mouth when she laughed.,她笑的時候用手摀住了嘴。,,,,,,,,,,,,(n.),,,,,,,,,,,DlND5pk44m4
國中,,,A1,,1200-身體部位-1,nose,/noz/,鼻子,"She has a cold, so her nose is runny.",她感冒了，所以鼻子流鼻涕。,,,,,,,,,,,,(n.),n.複數：noses,,,,,,,,,,DlND5pk44m4
國中,,,A1,,1200-身體部位-1,tooth,/tuθ/,牙齒,Brush your teeth twice a day.,每天刷牙兩次。,,,,,,,,,,,,(n.),,,,,,,,,,,DlND5pk44m4
國中,,,A1,,1200-身體部位-1,arm,/ɑrm/,手臂,He broke his arm in the accident.,他在事故中摔斷了手臂。,,,,,,,,,,,,(n.),,,,,,,,,,,DlND5pk44m4
國中,,,A2,,1200-身體部位-1,back,/bæk/,背部,She leaned back in her chair.,她靠在椅子背上。,,,,,,,,,,,,(n.),,,,,,,,,,,DlND5pk44m4
國中,,,A1,,1200-身體部位-1,body,/ˋbɑdɪ/,身體,Take care of your body.,照顧好你的身體。,,,,,,,,,,,,(n.),n.複數：bodies,,,,,,,,,,DlND5pk44m4
國中,,,A2,,1200-身體部位-1,finger,/ˋfɪŋgɚ/,指頭,She pointed with her finger.,她用手指指著。,,,,,,,,,,,,(n.),,,,,,,,,,,DlND5pk44m4
國中,,,A1,,1200-身體部位-1,foot,/fʊt/,腳,My foot hurts after walking all day.,走了一整天，我的腳很痛。,,,,,,,,,,,,(n.),,,,,,,,,,,DlND5pk44m4
國中,,,A1,,1200-身體部位-1,hand,/hænd/,手,She held her child’s hand as they walked.,她牽著孩子的手走路。,,,,,,,,,,,,(n.),,,,,,,,,,,DlND5pk44m4
國中,,,A1,,1200-身體部位-1,head,/hɛd/,頭,She rested her head on the pillow.,她把頭靠在枕頭上休息。,,,,,,,,,,,,(n.),,,,,,,,,,,DlND5pk44m4
國中,,,B1,,1200-身體部位-1,knee,/ni/,膝蓋,He hurt his knee while playing soccer.,他在踢足球時傷到了膝蓋。,,,,,,,,,,,,(n.),,,,,,,,,,,DlND5pk44m4
國中,,,A1,,1200-身體部位-1,leg,/lɛg/,腿,My leg hurts after running.,跑步後我的腿很痛。,,,,,,,,,,,,(n.),n.複數：legs,,,,,,,,,,DlND5pk44m4
國中,,,B2,,1200-身體部位-1,nail,/nel/,指甲,"My nails are long, so I need to cut them.",我的指甲很長，所以我要剪掉它們。,,,,,,,,,,,,(n.),n.複數：nails,,,,,,,,,,DlND5pk44m4
國中,,,A2,,1200-身體部位-1,neck,/nɛk/,脖子,She wore a scarf around her neck.,她在脖子上圍了一條圍巾。,,,,,,,,,,,,(n.),n.複數：necks,,,,,,,,,,DlND5pk44m4
國中,,,B1,,1200-身體部位-1,shoulder,/ˋʃoldɚ/,肩膀,She carried the bag on her shoulder.,她把包掛在肩膀上。,,,,,,,,,,,,(n.),n.複數：shoulders,,,,,,,,,,DlND5pk44m4
國中,,,B1,,1200-身體部位-2,throat,/θrot/,喉嚨,My throat hurts; I think I have a cold.,我喉嚨痛，我想我感冒了。,,,,,,,,,,,,(n.),,,,,,,,,,,Y2zdKihjENo
國中,,,A2,,1200-身體部位-2,toe,/to/,腳趾頭,She stubbed her toe on the table leg.,她的腳趾撞到了桌腿。,,,,,,,,,,,,(n.),,,,,,,,,,,Y2zdKihjENo
國中,,,A2,,1200-身體部位-2,heart,/hɑrt/,心臟,The heart pumps blood throughout the body.,心臟將血液泵送到全身。,,,,,,,,,,,,(n.),,,,,,,,,,,Y2zdKihjENo
國中,,,A2,,1200-身體部位-2,stomach,/ˋstʌmək/,胃,I feel sick to my stomach.,我胃不舒服。,,,,,,,,,,,,(n.),n.複數：stomachs,,,,,,,,,,Y2zdKihjENo
國中,,,A2,,1200-健康,comfortable,/ˋkʌmfɚtəb!/,舒服的,The sofa is very comfortable to sit on.,這張沙發坐起來很舒服。,,,,,,,,,,,,(adj.),,,,,,,,,,,b5Lx1Ksgedo
國中,,,A2,,1200-健康,healthy,/ˋhɛlθɪ/,健康的,Eating vegetables keeps you healthy.,吃蔬菜讓你保持健康。,,,,,,,,,,,,(adj.),adj.比較級：healthier；最高級：healthiest,,,,,,,,,,b5Lx1Ksgedo
國中,,,A2,,1200-健康,sick,/sɪk/,生病的,He stayed home because he was sick.,他因為生病而待在家裡。,,,,,,,,,,,,(adj.),adj.比較級：sicker；最高級：sickest,,,,,,,,,,b5Lx1Ksgedo
國中,,,A2,,1200-健康,strong,/strɔŋ/,強壯的,He is a strong athlete.,他是個強壯的運動員。,,,,,,,,,,,,(adj.),adj.比較級：stronger；最高級：strongest,,powerful,weak,,,,,,,b5Lx1Ksgedo
國中,,,A1,,1200-健康,tired,/taɪrd/,疲倦的,I’m tired after a long day of work.,工作了一整天後我很累。,,,,,,,,,,,,(adj.),,,,,,,,,,,b5Lx1Ksgedo
國中,,,B1,,1200-健康,weak,/wik/,虛弱的,He felt weak after running the marathon.,跑完馬拉松後他感到虛弱。,,,,,,,,,,,,(adj.),adj.比較級：weaker；最高級：weakest,,,strong,week (星期),,,,,,b5Lx1Ksgedo
國中,,,A1,,1200-健康,well,/wɛl/,很好地,She sings very well.,她唱得很好。,,,,,,,,,,,,(adv.),,,,,,,,,,,b5Lx1Ksgedo
國中,,,A1,,1200-健康,cold,/kold/,冷的,It’s very cold outside today.,今天外面非常冷。,,,,,,,,,,,,(adj.),,,cool,hot,,,,,,,b5Lx1Ksgedo
國中,,,A2,,1200-健康,headache,/ˋhɛd͵ek/,頭痛,I have a terrible headache today.,我今天頭痛得厲害。,,,,,,,,,,,,(n.),n.複數：headaches,,,,,,,,,,b5Lx1Ksgedo
國中,,,B1,,1200-健康,fever,/ˋfivɚ/,發燒,"If you have a fever, you should see a doctor.",如果你發燒了，應該去看醫生。,,,,,,,,,,,,(n.),n.複數：fevers,,,,,,,,,,b5Lx1Ksgedo
國中,,,B1,,1200-健康,death,/dɛθ/,死亡,The death of his father made him very sad.,他父親的去世讓他非常悲傷。,,,,,,,,,,,,(n.),n.複數：deaths,,,,,,,,,,b5Lx1Ksgedo
國中,,,A2,,1200-健康,health,/hɛlθ/,健康,Good health is important for everyone.,良好的健康對每個人來說都很重要。,,,,,,,,,,,,(n.),n.複數：your healths,,,,,,,,,,b5Lx1Ksgedo
國中,,,A1,,1200-健康,life,/laɪf/,生命,Life is full of surprises.,生活充滿了驚喜。,,,,,,,,,,,,(n.),,,,,,,,,,,b5Lx1Ksgedo
國中,,,A2,,1200-健康,medicine,/ˋmɛdəsn/,藥,Take this medicine three times a day.,這種藥一天吃三次。,,,,,,,,,,,,(n.),n.複數：medicines,,,,,,,,,,b5Lx1Ksgedo
國中,,,A2,,1200-家庭,aunt,/ænt/,姑媽,My aunt is visiting us this weekend.,我姑媽這個週末要來看我們。,,,,,,,,,,,,(n.),,,,,,,,,,,5846uCADPB4
國中,,,A1,,1200-家庭,brother,/ˋbrʌðɚ/,兄弟,My brother is older than me.,我哥哥比我年長。,,,,,,,,,,,,(n.),,,,,,,,,,,5846uCADPB4
國中,,,A2,,1200-家庭,cousin,/ˋkʌzn/,表(堂)兄弟姊妹,My cousin is visiting us this weekend.,我的表親這個週末要來看我們。,,,,,,,,,,,,(n.),,,,,,,,,,,5846uCADPB4
國中,,,A1,,1200-家庭,daughter,/ˋdɔtɚ/,女兒,My daughter is five years old.,我女兒五歲了。,,,,,,,,,,,,(n.),n.複數：daughters,,,,,,,,,,5846uCADPB4
國中,,,A1,,1200-家庭,family,/ˋfæməlɪ/,家庭,My family is very supportive.,我的家庭非常支持我。,,,,,,,,,,,,(n.),n.複數：families,,,,,,,,,,5846uCADPB4
國中,,,,,1200-家庭,"father (dad, daddy)",/ˋfaðɚ/,父親,My father is a teacher.,我父親是一名教師。,,,,,,,,,,,,(n.),,,,,,,,,,,5846uCADPB4
國中,,,,,1200-家庭,grandfather (grandpa),/ˋgrænd͵fɑðɚ/,祖父,My grandfather told me stories about his youth.,我祖父跟我講述了他的青春故事。,,,,,,,,,,,,(n.),,,,,,,,,,,5846uCADPB4
國中,,,,,1200-家庭,grandmother (grandma),/ˋgrænd͵mʌðɚ/,祖母,My grandmother baked cookies for us.,我祖母給我們烤了餅乾。,,,,,,,,,,,,(n.),,,,,,,,,,,5846uCADPB4
國中,,,A1,,1200-家庭,husband,/ˋhʌzbənd/,丈夫,Her husband is a doctor.,她的丈夫是一名醫生。,,,,,,,,,,,,(n.),n.複數：husbands,,,,,,,,,,5846uCADPB4
國中,,,,,1200-家庭,"mother (mom, mommy)",/ˋmʌðɚ/,母親,My mother is a wonderful cook.,我母親是一位出色的廚師。,,,,,,,,,,,,(n.),,,,,,,,,,,5846uCADPB4
國中,,,A1,,1200-家庭,parent,/ˋpɛrənt/,父母,My parents are coming to visit me this weekend.,我父母這個週末要來看我。,,,,,,,,,,,,(n.),,,,,,,,,,,5846uCADPB4
國中,,,B1,,1200-家庭,relative,/ˋrɛlətɪv/,親戚,My relatives are coming to visit next week.,我的親戚下周要來拜訪。,,,,,,,,,,,,(n.),,,,,,,,,,,5846uCADPB4
國中,,,A1,,1200-家庭,sister,/ˋsɪstɚ/,姊妹,My sister is older than me.,我姐姐比我大。,,,,,,,,,,,,(n.),,,,,,,,,,,5846uCADPB4
國中,,,A1,,1200-家庭,son,/sʌn/,兒子,My son is five years old.,我兒子五歲了。,,,,,,,,,,,,(n.),n.複數：sons,,,,sun (太陽),,,,,,5846uCADPB4
國中,,,A2,,1200-家庭,uncle,/ˋʌŋk!/,叔伯,My uncle is visiting us this weekend.,我叔叔這個週末來拜訪我們。,,,,,,,,,,,,(n.),,,,,,,,,,,5846uCADPB4
國中,,,A1,,1200-家庭,wife,/waɪf/,妻子,His wife is a doctor.,他的妻子是一名醫生。,,,,,,,,,,,,(n.),n.複數：wives,,,,,,,,,,5846uCADPB4
國中,,,A2,,1200-家庭,born,/bɔrn/,天生的,He was born with a talent for music.,他天生就有音樂天賦。,,,,,,,,,,,,(adj.),,,,,,,,,,,5846uCADPB4
國中,,,A2,,1200-家庭,grow,/gro/,生長,Plants grow faster in the spring.,植物在春天生長得更快。,,,,,,,,,,,,(v.),,,,,,,,,,,5846uCADPB4
國中,,,A1,,1200-家庭,live,/lɪv/,居住,She lives in New York City.,她住在紐約市。,,,,,,,,,,,,(v.),,,,,,,,,,,5846uCADPB4
國中,,,A2,,1200-家庭,married,/ˋmærɪd/,已婚的,They have been happily married for five years.,他們已經幸福地結婚五年了。,,,,,,,,,,,,(adj.),,,,,,,,,,,5846uCADPB4
國中,,,A2,,1200-金錢,cent,/sɛnt/,分,A dollar is equal to 100 cents.,一美元等於100分。,,,,,,,,,,,,(n.),,,,,,,,,,,ssulnW-GJPc
國中,,,A1,,1200-金錢,change,/tʃendʒ/,零錢,Do you have change for ten dollars?,你有十元的零錢嗎？,,,,,,,,,,,,(n.),,,,,,,,,,,ssulnW-GJPc
國中,,,A1,,1200-金錢,dollar,/ˋdɑlɚ/,元,A cup of coffee costs two dollars.,一杯咖啡要兩美元。,,,,,,,,,,,,(n.),n.複數：dollars,,,,,,,,,,ssulnW-GJPc
國中,,,A1,,1200-金錢,money,/ˋmʌnɪ/,錢,How much money do you need?,你需要多少錢？,,,,,,,,,,,,(n.),n.複數：moneys,,,,,,,,,,ssulnW-GJPc
國中,,,A2,,1200-金錢,price,/praɪs/,價格,The price of the book is reasonable.,這本書的價格很合理。,,,,,,,,,,,,(n.),,,,,,,,,,,ssulnW-GJPc
國中,,,A2,,1200-金錢,borrow,/ˋbɑro/,借,Can I borrow your pen?,我可以借你的筆嗎？,,,,,,,,,,,,(v.),,,,,,,,,,,ssulnW-GJPc
國中,,,A1,,1200-金錢,buy,/baɪ/,買,I want to buy a new phone.,我想買一部新手機。,,,,,,,,,,,,(v.),,,,,,,,,,,ssulnW-GJPc
國中,,,A2,,1200-金錢,cost,/kɔst/,花費,How much does it cost to buy a ticket?,買一張票要花多少錢？,,,,,,,,,,,,(v.),,,,,,,,,,,ssulnW-GJPc
國中,,,A2,,1200-金錢,lend,/lɛnd/,借,Can you lend me some money?,你能借我一些錢嗎？,,,,,,,,,,,,(v.),,,,,,,,,,,ssulnW-GJPc
國中,,,A1,,1200-金錢,pay,/pe/,付款,I’ll pay for dinner tonight.,我今晚請客吃飯。,,,,,,,,,,,,(v.),,,,,,,,,,,ssulnW-GJPc
國中,,,A2,,1200-金錢,spend,/spɛnd/,花費(時間),I spent two hours studying for the test.,我花了兩個小時準備考試。,,,,,,,,,,,,(v.),,,,,,,,,,,ssulnW-GJPc
國中,,,A1,,1200-金錢,cheap,/tʃip/,便宜的,This shirt is very cheap.,這件襯衫很便宜。,,,,,,,,,,,,(adj.),,,,,,,,,,,ssulnW-GJPc
國中,,,A1,,1200-金錢,expensive,/ɪkˋspɛnsɪv/,昂貴的,This watch is very expensive.,這隻手錶非常昂貴。,,,,,,,,,,,,(adj.),adj.比較級：more expensive；最高級：most expensive,,,,,,,,,,ssulnW-GJPc
國中,,,A2,,1200-餐具,bowl,/bol/,碗,She ate soup from a bowl.,她用碗喝湯。,,,,,,,,,,,,(n.),n.複數：bowls,,,,,,,,,,f_a_ocUCHTg
國中,,,,,1200-餐具,chopsticks,"[`tʃɑp,stɪks]",筷子,Many people in Asia use chopsticks.,許多亞洲人使用筷子。,,,,,,,,,,,,(n.),,,,,,,,,,,f_a_ocUCHTg
國中,,,A1,,1200-餐具,cup,/kʌp/,杯子,She drank a cup of tea.,她喝了一杯茶。,,,,,,,,,,,,(n.),,,,,,,,,,,f_a_ocUCHTg
國中,,,A2,,1200-餐具,dish,/dɪʃ/,盤子,Please wash the dishes after dinner.,請在晚餐後洗碗。,,,,,,,,,,,,(n.),,,,,,,,,,,f_a_ocUCHTg
國中,,,A2,,1200-餐具,fork,/fɔrk/,叉子,Use a fork to eat your salad.,用叉子吃你的沙拉。,,,,,,,,,,,,(n.),n.複數：forks,,,,,,,,,,f_a_ocUCHTg
國中,,,A1,,1200-餐具,glass,/glæs/,玻璃,The window is made of glass.,窗戶是由玻璃製成的。,,,,,,,,,,,,(n.),,,,,,,,,,,f_a_ocUCHTg
國中,,,A1,,1200-餐具,knife,/naɪf/,刀,Be careful when using a sharp knife.,使用鋒利的刀時要小心。,,,,,,,,,,,,(n.),,,,,,,,,,,f_a_ocUCHTg
國中,,,A1,,1200-餐具,plate,/plet/,盤子,He put his food on a plate.,他把食物放在盤子裡。,,,,,,,,,,,,(n.),n.複數：plates,,,,,,,,,,f_a_ocUCHTg
國中,,,A2,,1200-餐具,spoon,/spun/,湯匙,Use a spoon to eat your soup.,用湯匙喝湯。,,,,,,,,,,,,(n.),n.複數：spoons,,,,,,,,,,f_a_ocUCHTg
國中,,,A1,,1200-衣物與配件-1,coat,/kot/,大衣,She wore a warm coat in the winter.,她冬天穿了一件暖和的大衣。,,,,,,,,,,,,(n.),,,,,,,,,,,TSq0D9Cfg8Q
國中,,,A1,,1200-衣物與配件-1,dress,/drɛs/,洋裝,She wore a beautiful dress to the party.,她穿著一件漂亮的禮服去參加派對。,,,,,,,,,,,,(n.),,,,,,,,,,,TSq0D9Cfg8Q
國中,,,A1,,1200-衣物與配件-1,jacket,/ˋdʒækɪt/,外套,She wore a warm jacket to protect herself from the cold.,她穿了一件暖和的外套來保暖。,,,,,,,,,,,,(n.),,,,,,,,,,,TSq0D9Cfg8Q
國中,,,A1,,1200-衣物與配件-1,jeans,/dʒinz/,牛仔褲,He always wears jeans on weekends.,他週末總是穿牛仔褲。,,,,,,,,,,,,(n.),,,,,,,,,,,TSq0D9Cfg8Q
國中,,,A1,,1200-衣物與配件-1,pants,/pænts/,褲子,He bought a new pair of pants.,他買了一條新褲子。,,,,,,,,,,,,(n.),,,,,,,,,,,TSq0D9Cfg8Q
國中,,,A1,,1200-衣物與配件-1,shirt,/ʃɝt/,襯衫,He wore a white shirt to the interview.,他穿了一件白襯衫去面試。,,,,,,,,,,,,(n.),n.複數：shirts,,,,,,,,,,TSq0D9Cfg8Q
國中,,,A1,,1200-衣物與配件-1,T-shirt,/ˋti͵ʃɝt/,T恤,He wore a black T-shirt to the party.,他穿了一件黑色T恤去參加派對。,,,,,,,,,,,,(n.),,,,,,,,,,,TSq0D9Cfg8Q
國中,,,A2,,1200-衣物與配件-1,shorts,/ʃɔrts/,短褲,He wore shorts because it was hot outside.,因為外面很熱，他穿了短褲。,,,,,,,,,,,,(n.),n.複數：shorts,,,,,,,,,,TSq0D9Cfg8Q
國中,,,A1,,1200-衣物與配件-1,skirt,/skɝt/,裙子,She wore a red skirt to the party.,她穿了一條紅色的裙子去參加派對。,,,,,,,,,,,,(n.),n.複數：skirts,,,,,,,,,,TSq0D9Cfg8Q
國中,,,A2,,1200-衣物與配件-1,sweater,/ˋswɛtɚ/,毛衣,She wore a warm sweater to keep out the cold.,她穿了一件保暖的毛衣以防寒。,,,,,,,,,,,,(n.),n.複數：sweaters,,,,,,,,,,TSq0D9Cfg8Q
國中,,,A2,,1200-衣物與配件-1,uniform,/ˋjunə͵fɔrm/,制服,Students must wear uniforms to school.,學生必須穿制服上學。,,,,,,,,,,,,(n.),n.複數：uniforms,,,,,,,,,,TSq0D9Cfg8Q
國中,,,A1,,1200-衣物與配件-1,bag,/bæg/,袋子,She carried her books in a bag.,她把書放在袋子裡拿著。,,,,,,,,,,,,(n.),,,,,,,,,,,TSq0D9Cfg8Q
國中,,,A2,,1200-衣物與配件-1,belt,/bɛlt/,皮帶,He tightened his belt before leaving.,他在離開前繫緊了皮帶。,,,,,,,,,,,,(n.),,,,,,,,,,,TSq0D9Cfg8Q
國中,,,B1,,1200-衣物與配件-1,button,/ˋbʌtn/,鈕扣,The button on my shirt fell off.,我襯衫上的鈕扣掉了。,,,,,,,,,,,,(n.),,,,,,,,,,,TSq0D9Cfg8Q
國中,,,A2,,1200-衣物與配件-1,cap,/kæp/,帽子,He wore a baseball cap to the game.,他戴著棒球帽去看比賽。,,,,,,,,,,,,(n.),,,,,,,,,,,TSq0D9Cfg8Q
國中,,,A2,,1200-衣物與配件-1,comb,/kom/,梳子,She used a comb to fix her hair.,她用梳子整理了她的頭髮。,,,,,,,,,,,,(n.),,,,,,,,,,,TSq0D9Cfg8Q
國中,,,A2,,1200-衣物與配件-1,glove,/glʌv/,手套,She put on her gloves before going outside.,她出門前戴上了手套。,,,,,,,,,,,,(n.),,,,,,,,,,,TSq0D9Cfg8Q
國中,,,A1,,1200-衣物與配件-1,hat,/hæt/,帽子,He wore a hat to protect himself from the sun.,他戴帽子來保護自己免受陽光照射。,,,,,,,,,,,,(n.),n.複數：hats,,,,,,,,,,TSq0D9Cfg8Q
國中,,,B2,,1200-衣物與配件-1,mask,/mæsk/,面具,He wore a mask to protect himself from the dust.,他戴著面具以防塵土。,,,,,,,,,,,,(n.),,,,,,,,,,,TSq0D9Cfg8Q
國中,,,A2,,1200-衣物與配件-1,pocket,/ˋpɑkɪt/,口袋,He put his phone in his pocket.,他把手機放進口袋裡。,,,,,,,,,,,,(n.),,,,,,,,,,,TSq0D9Cfg8Q
國中,,,A2,,1200-衣物與配件-2,ring,/rɪŋ/,戒指,She wears a gold ring on her finger.,她手指上戴著一枚金戒指。,,,,,,,,,,,,(n.),,,,,,,,,,,cT3ZJgRQuPg
國中,,,A1,,1200-衣物與配件-2,shoes,/ʃuz/,鞋子,These shoes are very comfortable to wear.,這些鞋子穿起來很舒服。,,,,,,,,,,,,(n.),,,,,,,,,,,cT3ZJgRQuPg
國中,,,A2,,1200-衣物與配件-2,socks,/sɑks/,襪子,I can't find my blue socks today.,我今天找不到我的藍色襪子。,,,,,,,,,,,,(n.),,,,,,,,,,,cT3ZJgRQuPg
國中,,,A2,,1200-衣物與配件-2,tie,/taɪ/,領帶,He wore a blue tie to the interview.,他面試時戴了一條藍色領帶。,,,,,,,,,,,,(n.),,,,,,,,,,,cT3ZJgRQuPg
國中,,,A2,,1200-衣物與配件-2,umbrella,/ʌmˋbrɛlə/,雨傘,Don’t forget to bring your umbrella; it might rain.,別忘了帶雨傘，可能會下雨。,,,,,,,,,,,,(n.),n.複數：umbrellas,,,,,,,,,,cT3ZJgRQuPg
國中,,,A2,,1200-衣物與配件-2,wallet,/ˋwɑlɪt/,皮夾,He keeps his money in his wallet.,他把錢放在皮夾裡。,,,,,,,,,,,,(n.),n.複數：wallets,,,,,,,,,,cT3ZJgRQuPg
國中,,,A1,,1200-衣物與配件-2,clothes,/kloz/,衣服,I need to wash my clothes.,我需要洗我的衣服。,,,,,,,,,,,,(n.),n.複數：clothes,,,,,,,,,,cT3ZJgRQuPg
國中,,,A1,,1200-衣物與配件-2,wear,/wɛr/,穿戴著,She likes to wear dresses on special occasions.,她喜歡在特殊場合穿裙子。,,,,,,,,,,,,(v.),,,,,,,,,,,cT3ZJgRQuPg
國中,,,A2,,1200-運動、興趣與愛好-1,badminton,/ˋbædmɪntən/,羽毛球,They played badminton in the park.,他們在公園裡打了羽毛球。,,,,,,,,,,,,(n.),,,,,,,,,,,9YIbRrQp6aQ
國中,,,A1,,1200-運動、興趣與愛好-1,baseball,/ˋbes͵bɔl/,棒球,He loves playing baseball with his friends.,他喜歡和朋友們一起打棒球。,,,,,,,,,,,,(n.),n.複數：baseballs,,,,,,,,,,9YIbRrQp6aQ
國中,,,A1,,1200-運動、興趣與愛好-1,basketball,/ˋbæskɪt͵bɔl/,籃球,He plays basketball every weekend.,他每週末都打籃球。,,,,,,,,,,,,(n.),n.複數：basketballs,,,,,,,,,,9YIbRrQp6aQ
國中,,,A2,,1200-運動、興趣與愛好-1,race,/res/,賽跑,He won the race by a small margin.,他以微弱的差距贏得了比賽。,,,,,,,,,,,,(n.),,,,,,,,,,,9YIbRrQp6aQ
國中,,,A2,,1200-運動、興趣與愛好-1,soccer,/ˋsɑkɚ/,足球,He loves playing soccer with his friends.,他喜歡和朋友們踢足球。,,,,,,,,,,,,(n.),,,,,,,,,,,9YIbRrQp6aQ
國中,,,B1,,1200-運動、興趣與愛好-1,sports,/spɔrts/,運動；體育活動,I play different sports every weekend.,我每個週末都做不同的運動。,,,,,,,,,,,,(n.),,,,,,,,,,,9YIbRrQp6aQ
國中,,,A1,,1200-運動、興趣與愛好-1,tennis,/ˋtɛnɪs/,網球,She plays tennis every weekend.,她每週末都打網球。,,,,,,,,,,,,(n.),,,,,,,,,,,9YIbRrQp6aQ
國中,,,,,1200-運動、興趣與愛好-1,camp (camping),/kæmp/,紮營,They decided to camp by the lake.,他們決定在湖邊紮營。,,,,,,,,,,,,(v.),,,,,,,,,,,9YIbRrQp6aQ
國中,,,,,1200-運動、興趣與愛好-1,climb (mountain climbing),/klaɪm/,攀爬,They climbed the mountain early in the morning.,他們一大早就開始爬山。,,,,,,,,,,,,(v.),,,,,,,,,,,9YIbRrQp6aQ
國中,,,,,1200-運動、興趣與愛好-1,cook (cooking),/kʊk/,烹煮,She cooked dinner for the family.,她為家人煮了晚餐。,,,,,,,,,,,,(v.),,,,,,,,,,,9YIbRrQp6aQ
國中,,,,,1200-運動、興趣與愛好-1,dance (dancing),/dæns/,跳舞,She loves to dance at parties.,她喜歡在派對上跳舞。,,,,,,,,,,,,(v.),,,,,,,,,,,9YIbRrQp6aQ
國中,,,,,1200-運動、興趣與愛好-1,draw (drawing),/drɔ/,畫畫,I like to draw animals.,我喜歡畫動物。,,,,,,,,,,,,(v.),,,,,,,,,,,9YIbRrQp6aQ
國中,,,A2,,1200-運動、興趣與愛好-1,exercise,/ˋɛksɚ͵saɪz/,運動,Regular exercise is good for your health.,規律運動對健康有益。,,,,,,,,,,,,(n.),,,,,,,,,,,9YIbRrQp6aQ
國中,,,,,1200-運動、興趣與愛好-1,fish (fishing),/fɪʃ/,釣魚,We went to the river to fish.,我們去河邊釣魚。,,,,,,,,,,,,(v.),,,,,,,,,,,9YIbRrQp6aQ
國中,,,,,1200-運動、興趣與愛好-1,hike ( hiking),/haɪk/,遠足,They went on a hike in the mountains.,他們去山裡遠足。,,,,,,,,,,,,(n.),,,,,,,,,,,9YIbRrQp6aQ
國中,,,,,1200-運動、興趣與愛好-1,jog (jogging),/dʒɑg/,慢跑,She jogs every morning to stay fit.,她每天早上慢跑以保持健康。,,,,,,,,,,,,(v.),,,,,,,,,,,9YIbRrQp6aQ
國中,,,A1,,1200-運動、興趣與愛好-1,picnic,/ˋpɪknɪk/,野餐,We had a picnic by the lake last weekend.,上週末我們在湖邊野餐。,,,,,,,,,,,,(n.),,,,,,,,,,,9YIbRrQp6aQ
國中,,,,,1200-運動、興趣與愛好-1,run (running),/rʌn/,跑步,She runs every morning to stay fit.,她每天早上跑步以保持健康。,,,,,,,,,,,,(v.),,,,,,,,,,,9YIbRrQp6aQ
國中,,,,,1200-運動、興趣與愛好-1,sail (sailing),/sel/,航行,They decided to sail across the ocean.,他們決定航行穿越海洋。,,,,,,,,,,,,(v.),,,,,,,,,,,9YIbRrQp6aQ
國中,,,,,1200-運動、興趣與愛好-1,sing (singing),/sɪŋ/,唱歌,She likes to sing in the shower.,她喜歡一邊淋浴一邊唱歌。,,,,,,,,,,,,(v.),,,,,,,,,,,9YIbRrQp6aQ
國中,,,A2,,1200-運動、興趣與愛好-2,stamp,/stæmp/,郵票,He collects stamps from many countries.,他收集來自很多國家的郵票。,,,,,,,,,,,,(n.),,,,,,,,,,,G-pgdY5Pou8
國中,,,A2,,1200-運動、興趣與愛好-2,surf,/sɝf/,衝浪,He likes to surf on the weekends.,他喜歡在週末衝浪。,,,,,,,,,,,,(v.),v.過去式：surfed；過去分詞：surfed；現在分詞：surfing,,,,,,,,,,G-pgdY5Pou8
國中,,,,,1200-運動、興趣與愛好-2,swim (swimming),/swɪm/,游泳,Let’s swim in the pool.,讓我們在游泳池裡游泳吧。,,,,,,,,,,,,(v.),,,,,,,,,,,G-pgdY5Pou8
國中,,,A2,,1200-運動、興趣與愛好-2,trip,/trɪp/,旅行,Our trip to Japan was amazing.,我們去日本的旅行很棒。,,,,,,,,,,,,(n.),,,,,,,,,,,G-pgdY5Pou8
國中,,,A2,,1200-運動、興趣與愛好-2,hobby,/ˋhɑbɪ/,嗜好,Her hobby is painting.,她的嗜好是繪畫。,,,,,,,,,,,,(n.),n.複數：hobbies,,,,,,,,,,G-pgdY5Pou8
國中,,,A1,,1200-運動、興趣與愛好-2,band,/bænd/,樂團,The band played some popular songs.,樂隊演奏了一些流行歌曲。,,,,,,,,,,,,(n.),n.複數：bands,,,,,,,,,,G-pgdY5Pou8
國中,,,A2,,1200-運動、興趣與愛好-2,card,/kɑrd/,卡片,She sent me a birthday card.,她寄給我一張生日卡片。,,,,,,,,,,,,(n.),,,,,,,,,,,G-pgdY5Pou8
國中,,,A2,,1200-運動、興趣與愛好-2,comic,/ˋkɑmɪk/,喜劇演員；漫畫,I bought a new comic book yesterday.,我昨天買了一本新漫畫。,,,,,,,,,,,,(n.),,,,,,,,,,,G-pgdY5Pou8
國中,,,A1,,1200-運動、興趣與愛好-2,doll,/dɑl/,洋娃娃,The little girl loves her new doll.,小女孩很喜歡她的新洋娃娃。,,,,,,,,,,,,(n.),,,,,,,,,,,G-pgdY5Pou8
國中,,,A2,,1200-運動、興趣與愛好-2,drum,/drʌm/,鼓,He plays the drum in a band.,他在樂隊裡打鼓。,,,,,,,,,,,,(n.),,,,,,,,,,,G-pgdY5Pou8
國中,,,A1,,1200-運動、興趣與愛好-2,game,/gem/,遊戲,The children love to play games in the park.,孩子們喜歡在公園裡玩遊戲。,,,,,,,,,,,,(n.),,,,,,,,,,,G-pgdY5Pou8
國中,,,A1,,1200-運動、興趣與愛好-2,guitar,/gɪˋtɑr/,吉他,He plays the guitar beautifully.,他彈吉他彈得很美。,,,,,,,,,,,,(n.),n.複數：guitars,,,,,,,,,,G-pgdY5Pou8
國中,,,A2,,1200-運動、興趣與愛好-2,kite,/kaɪt/,風箏,The children flew kites in the park.,孩子們在公園裡放風箏。,,,,,,,,,,,,(n.),n.複數：kites,,,,,,,,,,G-pgdY5Pou8
國中,,,A1,,1200-運動、興趣與愛好-2,movie,/ˋmuvɪ/,電影,We watched a great movie last night.,我們昨晚看了一部很棒的電影。,,,,,,,,,,,,(n.),n.複數：movies,,,,,,,,,,G-pgdY5Pou8
國中,,,A1,,1200-運動、興趣與愛好-2,music,/ˋmjuzɪk/,音樂,I enjoy listening to classical music.,我喜歡聽古典音樂。,,,,,,,,,,,,(n.),,,,,,,,,,,G-pgdY5Pou8
國中,,,A1,,1200-運動、興趣與愛好-2,paint,/pent/,畫圖,She likes to paint landscapes.,她喜歡畫風景畫。,,,,,,,,,,,,(v.),,,,,,,,,,,G-pgdY5Pou8
國中,,,A2,,1200-運動、興趣與愛好-2,piano,/pɪˋæno/,鋼琴,He plays the piano beautifully.,他彈鋼琴彈得很美。,,,,,,,,,,,,(n.),n.複數：pianos,,,,,,,,,,G-pgdY5Pou8
國中,,,A2,,1200-運動、興趣與愛好-2,song,/sɔŋ/,歌,She sang a beautiful song at the party.,她在派對上唱了一首美麗的歌。,,,,,,,,,,,,(n.),,,,,,,,,,,G-pgdY5Pou8
國中,,,A2,,1200-運動、興趣與愛好-2,team,/tim/,隊伍,Our team won the championship.,我們的隊伍贏得了冠軍。,,,,,,,,,,,,(n.),,,,,,,,,,,G-pgdY5Pou8
國中,,,A2,,1200-運動、興趣與愛好-2,toy,/tɔɪ/,玩具,The child played with his new toy.,孩子玩著他的新玩具。,,,,,,,,,,,,(n.),n.複數：toys,,,,,,,,,,G-pgdY5Pou8
國中,,,A2,,1200-運動、興趣與愛好-3,violin,/͵vaɪəˋlɪn/,小提琴,She plays the violin beautifully.,她小提琴拉得很美。,,,,,,,,,,,,(n.),n.複數：violins,,,,,,,,,,I5GTxOVenW0
國中,,,A2,,1200-運動、興趣與愛好-3,lose,/luz/,失去,Don’t lose your keys again!,別再丟你的鑰匙了！,,,,,,,,,,,,(v.),v.過去式：lost；過去分詞：lost；現在分詞：losing,,,,,,,,,,I5GTxOVenW0
國中,,,A1,,1200-運動、興趣與愛好-3,play,/ple/,玩,The children played in the park all afternoon.,孩子們整個下午都在公園裡玩。,,,,,,,,,,,,(v.),,,,,,,,,,,I5GTxOVenW0
國中,,,A2,,1200-運動、興趣與愛好-3,win,/wɪn/,獲勝,Our team won the championship.,我們的隊伍贏得了冠軍。,,,,,,,,,,,,(v.),,,,,,,,,,,I5GTxOVenW0
國中,,,A2,,1200-運動、興趣與愛好-3,fan,/fæn/,愛好者、迷（某種運動或活動的粉絲）,She is a big fan of tennis.,她是網球的忠實粉絲。,,,,,,,,,,,,(n.),,,,,,,,,,,I5GTxOVenW0
國中,,,A2,,1200-房屋與公寓-1,apartment,/əˋpɑrtmənt/,公寓,She lives in a small apartment.,她住在一個小公寓裡。,,,,,,,,,,,,(n.),n.複數：apartments,,,,,,,,,,WQNApvSWOLo
國中,,,A1,,1200-房屋與公寓-1,house,/haʊs/,房子,Their house is near the park.,他們的房子靠近公園。,,,,,,,,,,,,(n.),,,,,,,,,,,WQNApvSWOLo
國中,,,A1,,1200-房屋與公寓-1,home,/hom/,家,Home is where the heart is.,家就是心之所在。,,,,,,,,,,,,(n.),,,,,,,,,,,WQNApvSWOLo
國中,,,A1,,1200-房屋與公寓-1,bathroom,/ˋbæθ͵rum/,浴室,The bathroom is on the second floor.,浴室在二樓。,,,,,,,,,,,,(n.),n.複數：bathrooms,,,,,,,,,,WQNApvSWOLo
國中,,,A1,,1200-房屋與公寓-1,bedroom,/ˋbɛd͵rʊm/,臥室,Her bedroom is decorated with flowers.,她的臥室裝飾著花朵。,,,,,,,,,,,,(n.),n.複數：bedrooms,,,,,,,,,,WQNApvSWOLo
國中,,,A1,,1200-房屋與公寓-1,dining room,"[`daɪnɪŋ ,rum]",飯廳,We have dinner in the dining room every day.,我們每天都在飯廳吃晚餐。,,,,,,,,,,,,(n.),,,,,,,,,,,WQNApvSWOLo
國中,,,A1,,1200-房屋與公寓-1,garden,/ˋgɑrdn/,花園,The garden is full of beautiful flowers.,花園裡滿是美麗的花朵。,,,,,,,,,,,,(n.),,,,,,,,,,,WQNApvSWOLo
國中,,,A1,,1200-房屋與公寓-1,kitchen,/ˋkɪtʃɪn/,廚房,The kitchen is where we cook our meals.,廚房是我們做飯的地方。,,,,,,,,,,,,(n.),n.複數：kitchens,,,,,,,,,,WQNApvSWOLo
國中,,,A1,,1200-房屋與公寓-1,living room,/ˈlɪvɪŋ ˌrum/,客廳,We watched TV in the living room last night.,我們昨晚在客廳看電視。,,,,,,,,,,,,(n.),,,,,,,,,,,WQNApvSWOLo
國中,,,A1,,1200-房屋與公寓-1,room,/rum/,房間,This room is very spacious.,這個房間非常寬敞。,,,,,,,,,,,,(n.),,,,,,,,,,,WQNApvSWOLo
國中,,,A2,,1200-房屋與公寓-1,yard,/jɑrd/,院子,The children played in the yard after school.,孩子們放學後在院子裡玩耍。,,,,,,,,,,,,(n.),n.複數：yards,,,,,,,,,,WQNApvSWOLo
國中,,,B1,,1200-房屋與公寓-1,balcony,/ˋbælkənɪ/,陽臺,They sat on the balcony and enjoyed the view.,他們坐在陽臺上欣賞風景。,,,,,,,,,,,,(n.),n.複數：balconies,,,,,,,,,,WQNApvSWOLo
國中,,,A1,,1200-房屋與公寓-1,door,/dor/,門,Please close the door behind you.,請關上你身後的門。,,,,,,,,,,,,(n.),,,,,,,,,,,WQNApvSWOLo
國中,,,A1,,1200-房屋與公寓-1,floor,/flor/,地板,The floor was covered with a soft carpet.,地板上鋪著柔軟的地毯。,,,,,,,,,,,,(n.),,,,,,,,,,,WQNApvSWOLo
國中,,,A2,,1200-房屋與公寓-1,gate,/get/,大門,The gate was locked after everyone left.,每個人離開後，大門被鎖上了。,,,,,,,,,,,,(n.),n.複數：gates,,,,,,,,,,WQNApvSWOLo
國中,,,A2,,1200-房屋與公寓-1,stairs,/stɛrz/,樓梯,Be careful when you walk down the stairs.,下樓梯時要小心。,,,,,,,,,,,,(n.),,,,,,,,,,,WQNApvSWOLo
國中,,,A1,,1200-房屋與公寓-1,wall,/wɔl/,牆壁,There is a painting on the wall.,牆上有一幅畫。,,,,,,,,,,,,(n.),n.複數：walls,,,,,,,,,,WQNApvSWOLo
國中,,,A1,,1200-房屋與公寓-1,window,/ˋwɪndo/,窗戶,She looked out the window and saw the rain.,她望向窗外，看到了雨。,,,,,,,,,,,,(n.),n.複數：windows,,,,,,,,,,WQNApvSWOLo
國中,,,A1,,1200-房屋與公寓-1,bath,/bæθ/,沐浴,She takes a bath every evening.,她每天晚上都洗澡。,,,,,,,,,,,,(n.),n.複數：baths,,,,,,,,,,WQNApvSWOLo
國中,,,A1,,1200-房屋與公寓-1,bed,/bɛd/,床,It’s time to go to bed.,該睡覺了。,,,,,,,,,,,,(n.),,,,,,,,,,,WQNApvSWOLo
國中,,,B2,,1200-房屋與公寓-2,bench,/bɛntʃ/,長凳,They sat on a bench in the park.,他們坐在公園的長凳上。,,,,,,,,,,,,(n.),n.複數：benches,,,,,,,,,,lBSFnDs2zWI
國中,,,A1,,1200-房屋與公寓-2,chair,/tʃɛr/,椅子,Please sit on the chair.,請坐在椅子上。,,,,,,,,,,,,(n.),,,,,,,,,,,lBSFnDs2zWI
國中,,,A2,,1200-房屋與公寓-2,couch,/kaʊtʃ/,長沙發,We sat on the couch and watched TV.,我們坐在沙發上看電視。,,,,,,,,,,,,(n.),,,,,,,,,,,lBSFnDs2zWI
國中,,,A1,,1200-房屋與公寓-2,desk,/dɛsk/,書桌,She sat at her desk and started working.,她坐在書桌前開始工作。,,,,,,,,,,,,(n.),,,,,,,,,,,lBSFnDs2zWI
國中,,,A2,,1200-房屋與公寓-2,drawer,/ˋdrɔɚ/,抽屜,The socks are in the top drawer.,襪子在最上面的抽屜裡。,,,,,,,,,,,,(n.),,,,,,,,,,,lBSFnDs2zWI
國中,,,A2,,1200-房屋與公寓-2,lamp,/læmp/,燈,She turned on the lamp to read her book.,她打開燈來讀書。,,,,,,,,,,,,(n.),n.複數：lamps,,,,,,,,,,lBSFnDs2zWI
國中,,,A1,,1200-房屋與公寓-2,light,/laɪt/,燈,Turn off the light when you leave the room.,離開房間時關燈。,,,,,,,,,,,,(n.),,,,,,,,,,,lBSFnDs2zWI
國中,,,A2,,1200-房屋與公寓-2,sofa,/ˋsofə/,沙發,We sat on the sofa and watched TV.,我們坐在沙發上看電視。,,,,,,,,,,,,(n.),n.複數：sofas,,,,,,,,,,lBSFnDs2zWI
國中,,,A1,,1200-房屋與公寓-2,table,/ˋteb!/,桌子,We sat around the table for dinner.,我們圍著桌子吃晚餐。,,,,,,,,,,,,(n.),n.複數：tables,,,,,,,,,,lBSFnDs2zWI
國中,,,A2,,1200-房屋與公寓-2,blanket,/ˋblæŋkɪt/,毯子,She covered herself with a warm blanket.,她用一條溫暖的毯子蓋住自己。,,,,,,,,,,,,(n.),,,,,,,,,,,lBSFnDs2zWI
國中,,,A2,,1200-房屋與公寓-2,towel,/ˋtaʊəl/,毛巾,Please hand me a towel.,請遞給我一條毛巾。,,,,,,,,,,,,(n.),,,,,,,,,,,lBSFnDs2zWI
國中,,,A1,,1200-房屋與公寓-2,camera,/ˋkæmərə/,照相機,She took a picture with her new camera.,她用她的新相機拍了一張照片。,,,,,,,,,,,,(n.),n.複數：cameras,,,,,,,,,,lBSFnDs2zWI
國中,,,A1,,1200-房屋與公寓-2,computer,/kəmˋpjutɚ/,電腦,She uses the computer to write her reports.,她用電腦寫報告。,,,,,,,,,,,,(n.),n.複數：computers,,,,,,,,,,lBSFnDs2zWI
國中,,,A2,,1200-房屋與公寓-2,fan,/fæn/,電扇,"Turn on the fan, it’s getting hot.",打開電扇，天氣越來越熱了。,,,,,,,,,,,,(n.),,,,,,,,,,,lBSFnDs2zWI
國中,,,A2,,1200-房屋與公寓-2,machine,/məˋʃin/,機器,The washing machine broke down yesterday.,洗衣機昨天壞了。,,,,,,,,,,,,(n.),,,,,,,,,,,lBSFnDs2zWI
國中,,,A1,,1200-房屋與公寓-2,radio,/ˋredɪ͵o/,收音機,She listens to the radio every morning.,她每天早上都聽收音機。,,,,,,,,,,,,(n.),,,,,,,,,,,lBSFnDs2zWI
國中,,,,,1200-房屋與公寓-2,refrigerator (fridge),/rɪˋfrɪdʒə͵retɚ/,冰箱,The milk is in the refrigerator.,牛奶在冰箱裡。,,,,,,,,,,,,(n.),,,,,,,,,,,lBSFnDs2zWI
國中,,,,,1200-房屋與公寓-2,tape,/tep/,錄音帶,I recorded the song on a tape.,我把這首歌錄在磁帶上了。,,,,,,,,,,,,(n.),,,,,,,,,,,lBSFnDs2zWI
國中,,,,,1200-房屋與公寓-2,telephone (phone),/fon/,電話,She called me on my phone earlier.,她早些時候打電話給我。,,,,,,,,,,,,(n.),,,,,,,,,,,lBSFnDs2zWI
國中,,,,,1200-房屋與公寓-2,television (TV),/ˋtɛlə͵vɪʒən/,電視,We watched television together after dinner.,晚餐後我們一起看了電視。,,,,,,,,,,,,(n.),,,,,,,,,,,lBSFnDs2zWI
國中,,,A2,,1200-房屋與公寓-3,video,/ˋvɪdɪ͵o/,錄影帶,We watched a funny video online.,我們在網上看了一段有趣的影片。,,,,,,,,,,,,(n.),,,,,,,,,,,Qs_nIScKFPA
國中,,,B1,,1200-房屋與公寓-2,basket,/ˋbæskɪt/,籃子,She put the fruit in the basket.,她把水果放進籃子裡。,,,,,,,,,,,,(n.),n.複數：baskets,,,,,,,,,,lBSFnDs2zWI
國中,,,B1,,1200-房屋與公寓-2,candle,/ˋkænd!/,蠟燭,She lit a candle in the dark room.,她在黑暗的房間裡點燃了一支蠟燭。,,,,,,,,,,,,(n.),n.複數：candles,,,,,,,,,,lBSFnDs2zWI
國中,,,A1,,1200-房屋與公寓-3,key,/ki/,鑰匙,I lost my house key.,我丟了我的家門鑰匙。,,,,,,,,,,,,(n.),,,,,,,,,,,Qs_nIScKFPA
國中,,,B1,,1200-房屋與公寓-3,pot,/pɑt/,鍋子,She cooked soup in a large pot.,她用大鍋煮了湯。,,,,,,,,,,,,(n.),,,,,,,,,,,Qs_nIScKFPA
國中,,,A2,,1200-房屋與公寓-3,umbrella,/ʌmˋbrɛlə/,雨傘,Don’t forget to bring your umbrella; it might rain.,別忘了帶雨傘，可能會下雨。,,,,,,,,,,,,(n.),n.複數：umbrellas,,,,,,,,,,Qs_nIScKFPA
國中,,,A2,,1200-房屋與公寓-3,build,/bɪld/,建造,They are building a new house.,他們正在建造一座新房子。,,,,,,,,,,,,(v.),v.過去式：built；過去分詞：built；現在分詞：building,,,,,,,,,,Qs_nIScKFPA
國中,,,A1,,1200-房屋與公寓-3,clean,/klin/,乾淨的,The kitchen is very clean.,廚房非常乾淨。,,,,,,,,,,,,(adj.),,,"neat, tidy",dirty,,,,,,,Qs_nIScKFPA
國中,,,B1,,1200-房屋與公寓-3,fix,/fɪks/,固定,Can you fix the broken chair?,你能修理那把壞椅子嗎？,,,,,,,,,,,,(v.),,,,,,,,,,,Qs_nIScKFPA
國中,,,A1,,1200-房屋與公寓-3,wash,/wɑʃ/,洗滌,I need to wash my clothes.,我需要洗衣服。,,,,,,,,,,,,(v.),,,,,,,,,,,Qs_nIScKFPA
國中,,,A1,,1200-房屋與公寓-3,road,/rod/,道路,The road leads to the mountains.,這條路通往山區。,,,,,,,,,,,,(n.),n.複數：roads,,,,,,,,,,Qs_nIScKFPA
國中,,,A1,,1200-房屋與公寓-3,street,/strit/,街道,The parade marched down the main street.,遊行隊伍沿著主要街道前進。,,,,,,,,,,,,(n.),n.複數：streets,,,,,,,,,,Qs_nIScKFPA
國中,,,B1,,1200-學校-1,elementary school,[ˌɛlə`mɛntərɪ skul],國小,My little brother is in elementary school.,我的弟弟正在念國小。,,,,,,,,,,,,(n.),,,,,,,,,,,Z6Ngpad_dFs
國中,,,,,1200-學校-1,junior high school,"[ˌdʒunjɚ `haɪ ,skul]",國中,My sister is a junior high school student.,我的姐姐是國中生。,,,,,,,,,,,,(n.),,,,,,,,,,,Z6Ngpad_dFs
國中,,,A1,,1200-學校-1,school,/skul/,學校,She goes to school every day.,她每天去上學。,,,,,,,,,,,,(n.),,,,,,,,,,,Z6Ngpad_dFs
國中,,,,,1200-學校-1,senior high school,[ˈsinjər haɪ skul],高級中學,My sister studies hard in senior high school.,我姊姊在高中很努力讀書。,,,,,,,,,,,,(n.),,,,,,,,,,,Z6Ngpad_dFs
國中,,,A1,,1200-學校-1,classroom,/ˋklæs͵rʊm/,班級,The classroom was filled with students.,教室裡坐滿了學生。,,,,,,,,,,,,(n.),,,,,,,,,,,Z6Ngpad_dFs
國中,,,A2,,1200-學校-1,gym,/dʒɪm/,體育館,She goes to the gym every morning.,她每天早上都去健身房。,,,,,,,,,,,,(n.),,,,,,,,,,,Z6Ngpad_dFs
國中,,,A2,,1200-學校-1,playground,/ˋple͵graʊnd/,操場,The kids love playing on the playground.,孩子們喜歡在操場上玩。,,,,,,,,,,,,(n.),,,,,,,,,,,Z6Ngpad_dFs
國中,,,A2,,1200-學校-1,library,/ˋlaɪ͵brɛrɪ/,圖書館,I borrowed a book from the library yesterday.,我昨天從圖書館借了一本書。,,,,,,,,,,,,(n.),n.複數：libraries,,,,,,,,,,Z6Ngpad_dFs
國中,,,A1,,1200-學校-1,class,/klæs/,班級,She is in my math class.,她在我的數學班上。,,,,,,,,,,,,(n.),,,,,,,,,,,Z6Ngpad_dFs
國中,,,,,1200-學校-1,seesaw,/ˋsi͵sɔ/,蹺蹺板,The children played on the seesaw at the park.,孩子們在公園裡玩蹺蹺板。,,,,,,,,,,,,(n.),,,,,,,,,,,Z6Ngpad_dFs
國中,,,B2,,1200-學校-1,slide,/slaɪd/,滑動,The children slid down the hill on their sleds.,孩子們滑著雪橇從山坡上下來。,,,,,,,,,,,,(v.),,,,,,,,,,,Z6Ngpad_dFs
國中,,,A2,,1200-學校-1,blackboard,/ˋblæk͵bord/,黑板,The teacher wrote on the blackboard.,老師在黑板上寫字。,,,,,,,,,,,,(n.),n.複數：blackboards,,,,,,,,,,Z6Ngpad_dFs
國中,,,A1,,1200-學校-1,book,/bʊk/,書,I borrowed a book from the library.,我從圖書館借了一本書。,,,,,,,,,,,,(n.),,,,,,,,,,,Z6Ngpad_dFs
國中,,,,,1200-學校-1,chalk,/tʃɔk/,粉筆,The teacher wrote on the blackboard with chalk.,老師用粉筆在黑板上寫字。,,,,,,,,,,,,(n.),,,,,,,,,,,Z6Ngpad_dFs
國中,,,A1,,1200-學校-1,dictionary,/ˋdɪkʃən͵ɛrɪ/,字典,I used a dictionary to look up the word.,我用字典查了這個詞。,,,,,,,,,,,,(n.),n.複數：dictionaries,,,,,,,,,,Z6Ngpad_dFs
國中,,,A2,,1200-學校-1,envelope,/ˋɛnvə͵lop/,信封,She put the letter in an envelope and mailed it.,她把信放進信封裡寄了出去。,,,,,,,,,,,,(n.),n.複數：envelopes,,,,,,,,,,Z6Ngpad_dFs
國中,,,A1,,1200-學校-1,eraser,/ɪˋresɚ/,橡皮擦,I need an eraser to correct my mistakes.,我需要一塊橡皮擦來修正我的錯誤。,,,,,,,,,,,,(n.),,,,,,,,,,,Z6Ngpad_dFs
國中,,,A1,,1200-學校-1,glasses,/ˋglæsɪz/,眼鏡,He wears glasses to help him see better.,他戴眼鏡來幫助他看得更清楚。,,,,,,,,,,,,(n.),,,,,,,,,,,Z6Ngpad_dFs
國中,,,C2,,1200-學校-1,glue,/glu/,膠水,Use glue to stick the paper together.,用膠水把紙粘在一起。,,,,,,,,,,,,(n.),,,,,,,,,,,Z6Ngpad_dFs
國中,,,A1,,1200-學校-1,letter,/ˋlɛtɚ/,信,She wrote a long letter to her friend.,她給朋友寫了一封長信。,,,,,,,,,,,,(n.),n.複數：letters,,,,,,,,,,Z6Ngpad_dFs
國中,,,A2,,1200-學校-2,map,/mæp/,地圖,We used a map to find our way in the city.,我們用地圖在城市裡找到了路。,,,,,,,,,,,,(n.),,,,,,,,,,,cg4XPgxZExs
國中,,,,,1200-學校-2,marker,[`mɑrkɚ],麥克筆,Please use a red marker to circle the answer.,請用紅色的麥克筆圈出答案。,,,,,,,,,,,,(n.),n.複數：markers,,,,,,,,,,cg4XPgxZExs
國中,,,A2,,1200-學校-2,notebook,/ˋnot͵bʊk/,筆記本,I write down important things in my notebook.,我在筆記本上記下重要的事情。,,,,,,,,,,,,(n.),,,,,,,,,,,cg4XPgxZExs
國中,,,A1,,1200-學校-2,page,/pedʒ/,頁,Turn to page 50 in your textbook.,翻到課本的第50頁。,,,,,,,,,,,,(n.),,,,,,,,,,,cg4XPgxZExs
國中,,,A1,,1200-學校-2,paper,/ˋpepɚ/,紙,Please write your answers on the paper.,請把答案寫在紙上。,,,,,,,,,,,,(n.),,,,,,,,,,,cg4XPgxZExs
國中,,,A1,,1200-學校-2,pen,/pɛn/,筆,Can I borrow your pen?,我可以借你的筆嗎？,,,,,,,,,,,,(n.),,,,,,,,,,,cg4XPgxZExs
國中,,,A1,,1200-學校-2,pencil,/ˋpɛns!/,鉛筆,She sharpened her pencil before starting the test.,她在考試前削尖了鉛筆。,,,,,,,,,,,,(n.),,,,,,,,,,,cg4XPgxZExs
國中,,,A1,,1200-學校-2,picture,/ˋpɪktʃɚ/,照片,The picture on the wall is beautiful.,牆上的照片很漂亮。,,,,,,,,,,,,(n.),,,,,,,,,,,cg4XPgxZExs
國中,,,A2,,1200-學校-2,postcard,"[`post,kɑrd]",明信片,I sent a postcard from Japan.,我從日本寄了一張明信片。,,,,,,,,,,,,(n.),n.複數：postcards,,,,,,,,,,cg4XPgxZExs
國中,,,A2,,1200-學校-2,present,/ˋprɛznt/,出席,All the students are present today.,今天所有學生都到齊。,,,,,,,,,,,,(adj.),,,,,,,,,,,cg4XPgxZExs
國中,,,A2,,1200-學校-2,ruler,/ˋrulɚ/,統治者；尺,The ruler measured the length of the desk.,這把尺測量了桌子的長度。,,,,,,,,,,,,(n.),,,,,,,,,,,cg4XPgxZExs
國中,,,A2,,1200-學校-2,workbook,"[`wɝk,bʊk]",練習冊,I need to finish my math workbook.,我需要完成我的數學練習冊。,,,,,,,,,,,,(n.),,,,,,,,,,,cg4XPgxZExs
國中,,,A1,,1200-學校-2,course,/kors/,課程,She is taking a course in photography.,她正在上攝影課。,,,,,,,,,,,,(n.),,,,,,,,,,,cg4XPgxZExs
國中,,,A2,,1200-學校-2,art,/ɑrt/,藝術,She studies art at university.,她在大學學習藝術。,,,,,,,,,,,,(n.),n.複數：arts,,,,,,,,,,cg4XPgxZExs
國中,,,,,1200-學校-2,Chinese,[tʃaɪ`niz],中文,I am learning to speak Chinese at school.,我正在學校學習說中文。,,,,,,,,,,,,(n.),,,,,,,,,,,cg4XPgxZExs
國中,,,,,1200-學校-2,English,/ˋɪŋglɪʃ/,英語,She is learning English as a second language.,她正在把英語作為第二語言學習。,,,,,,,,,,,,(n.),,,,,,,,,,,cg4XPgxZExs
國中,,,A2,,1200-學校-2,history,/ˋhɪstərɪ/,歷史,History teaches us about the past.,歷史教我們了解過去。,,,,,,,,,,,,(n.),,,,,,,,,,,cg4XPgxZExs
國中,,,A1,,1200-學校-2,language,/ˋlæŋgwɪdʒ/,語言,English is an international language.,英語是一種國際語言。,,,,,,,,,,,,(n.),n.複數：languages,,,,,,,,,,cg4XPgxZExs
國中,,,,,1200-學校-2,math (mathematics),/mæθ/,數學,I enjoy solving math problems.,我喜歡解數學題。,,,,,,,,,,,,(n.),,,,,,,,,,,cg4XPgxZExs
國中,,,A1,,1200-學校-2,music,/ˋmjuzɪk/,音樂,I enjoy listening to classical music.,我喜歡聽古典音樂。,,,,,,,,,,,,(n.),,,,,,,,,,,cg4XPgxZExs
國中,,,,,1200-學校-3,PE (physical education),[ˌpiːˈiː],名詞,I enjoy playing basketball in PE class.,我喜歡上體育課時打籃球。,,,,,,,,,,,,(n.),,,,,,,,,,,mVI16156vmg
國中,,,A2,,1200-學校-3,science,/ˋsaɪəns/,科學,Science helps us understand the world.,科學幫助我們了解世界。,,,,,,,,,,,,(n.),n.複數：sciences,,,,,,,,,,mVI16156vmg
國中,,,A2,,1200-學校-3,classmate,/ˋklæs͵met/,同學,My classmate helped me with the homework.,我的同學幫助我完成了作業。,,,,,,,,,,,,(n.),,,,,,,,,,,mVI16156vmg
國中,,,A1,,1200-學校-3,friend,/frɛnd/,朋友,She is my best friend.,她是我最好的朋友。,,,,,,,,,,,,(n.),,,,,,,,,,,mVI16156vmg
國中,,,A1,,1200-學校-3,student,/ˋstjudnt/,學生,The student studied hard for the exam.,學生努力準備考試。,,,,,,,,,,,,(n.),,,,,,,,,,,mVI16156vmg
國中,,,A1,,1200-學校-3,teacher,/ˋtitʃɚ/,導師；班導師,Our homeroom teacher is very kind.,我們的班導師很親切。,2,,,,,,,,,,,(n.),,,,,,,,,,,mVI16156vmg
國中,,,A1,,1200-學校-3,answer,/ˋænsɚ/,答案,What is the answer to this question?,這個問題的答案是什麼？,,,,,,,,,,,,(n.),,,,,,,,,,,mVI16156vmg
國中,,,A2,,1200-學校-3,ask,/æsk/,詢問,She asked me a question.,她問了我一個問題。,,,,,,,,,,,,(v.),v.過去式：asked；過去分詞：asked；現在分詞：asking,,,,,,,,,,mVI16156vmg
國中,,,A2,,1200-學校-3,explain,/ɪkˋsplen/,說明,Can you explain why you were late?,你能解釋一下為什麼遲到嗎？,,,,,,,,,,,,(v.),,,,,,,,,,,mVI16156vmg
國中,,,A2,,1200-學校-3,fail,/fel/,失敗,He didn’t want to fail the exam.,他不想考試不及格。,,,,,,,,,,,,(v.),,,,,,,,,,,mVI16156vmg
國中,,,A1,,1200-學校-3,learn,/lɝn/,學習,You should learn from your mistakes.,你應該從錯誤中學習。,,,,,,,,,,,,(v.),v.過去式：learned；過去分詞：learned；現在分詞：learning,,,,,,,,,,mVI16156vmg
國中,,,A1,,1200-學校-3,listen,/ˋlɪsn/,聽,Listen carefully to the teacher’s instructions.,認真聽老師的指示。,,,,,,,,,,,,(v.),v.過去式：listened；過去分詞：listened；現在分詞：listening,,,,,,,,,,mVI16156vmg
國中,,,A2,,1200-學校-3,mark,/mɑrk/,標記,She made a mark on the paper.,她在紙上做了一個標記。,,,,,,,,,,,,(n.),,,,,,,,,,,mVI16156vmg
國中,,,A2,,1200-學校-3,pass,/pæs/,通過,The car passed us on the highway.,汽車在高速公路上超過了我們。,,,,,,,,,,,,(v.),,,,,,,,,,,mVI16156vmg
國中,,,A2,,1200-學校-3,practice,/ˋpræktɪs/,練習,Practice makes perfect.,熟能生巧。,,,,,,,,,,,,(n.),,,,,,,,,,,mVI16156vmg
國中,,,A2,,1200-學校-3,prepare,/prɪˋpɛr/,準備,She is preparing dinner for her family.,她正在為家人準備晚餐。,,,,,,,,,,,,(v.),v.過去式：prepared；過去分詞：prepared；現在分詞：preparing,,,,,,,,,,mVI16156vmg
國中,,,A1,,1200-學校-3,read,/rid/,閱讀,She likes to read books in her free time.,她喜歡在空閒時間讀書。,,,,,,,,,,,,(v.),,,,,,,,,,,mVI16156vmg
國中,,,A2,,1200-學校-3,repeat,/rɪˋpit/,重複,Can you repeat what you just said?,你能重複一下剛才說的話嗎？,,,,,,,,,,,,(v.),v.過去式：repeated；過去分詞：repeated；現在分詞：repeating,,,,,,,,,,mVI16156vmg
國中,,,A1,,1200-學校-3,say,/se/,說,What did he say to you?,他對你說了什麼？,,,,,,,,,,,,(v.),v.過去式：said；過去分詞：said；現在分詞：saying,,"tell, speak",,,,,,,,mVI16156vmg
國中,,,A1,,1200-學校-3,speak,/spik/,講話,Can you speak English?,你會說英語嗎？,,,,,,,,,,,,(v.),v.過去式：spoke；過去分詞：spoken；現在分詞：speaking,,,,,,,,,,mVI16156vmg
國中,,,A2,,1200-學校-4,spell,/spɛl/,拼寫,How do you spell your name?,你的名字怎麼拼寫？,,,,,,,,,,,,(v.),,,,,,,,,,,ma36uY3fDv8
國中,,,A1,,1200-學校-4,study,/ˋstʌdɪ/,學習,She studies every night to improve her grades.,她每晚學習以提高成績。,,,,,,,,,,,,(v.),,,,,,,,,,,ma36uY3fDv8
國中,,,A1,,1200-學校-4,talk,/tɔk/,說話,They talked about their plans for the weekend.,他們談論了週末的計劃。,,,,,,,,,,,,(v.),,,,,,,,,,,ma36uY3fDv8
國中,,,A1,,1200-學校-4,teach,/titʃ/,教導,She teaches English at a local school.,她在當地一所學校教英語。,,,,,,,,,,,,(v.),v.過去式：taught；過去分詞：taught；現在分詞：teaching,,,,,,,,,,ma36uY3fDv8
國中,,,A1,,1200-學校-4,understand,/͵ʌndɚˋstænd/,了解,I don’t understand what you mean.,我不明白你的意思。,,,,,,,,,,,,(v.),v.過去式：understood；過去分詞：understood；現在分詞：understanding,,,,,,,,,,ma36uY3fDv8
國中,,,A1,,1200-學校-4,write,/raɪt/,寫,I need to write a letter to my friend.,我需要寫一封信給我的朋友。,,,,,,,,,,,,(v.),,,,,,,,,,,ma36uY3fDv8
國中,,,A1,,1200-學校-4,draw,/drɔ/,拉,He drew the curtains to let in some light.,他拉開窗簾讓一些光線進來。,,,,,,,,,,,,(v.),,,,,,,,,,,ma36uY3fDv8
國中,,,A1,,1200-學校-4,example,/ɪgˋzæmp!/,例子,Can you give me an example of what you mean?,你能舉個例子說明你的意思嗎？,,,,,,,,,,,,(n.),,,,,,,,,,,ma36uY3fDv8
國中,,,A2,,1200-學校-4,exercise,/ˋɛksɚ͵saɪz/,運動,Regular exercise is good for your health.,規律運動對健康有益。,,,,,,,,,,,,(n.),,,,,,,,,,,ma36uY3fDv8
國中,,,A2,,1200-學校-4,grade,/gred/,分數,She got an A grade on her math test.,她的數學考試得了A。,,,,,,,,,,,,(n.),,,,,,,,,,,ma36uY3fDv8
國中,,,A1,,1200-學校-4,homework,/ˋhom͵wɝk/,作業,I finished my homework before dinner.,我在晚餐前完成了作業。,,,,,,,,,,,,(n.),,,,,,,,,,,ma36uY3fDv8
國中,,,B1,,1200-學校-4,knowledge,/ˋnɑlɪdʒ/,知識,Knowledge is power.,知識就是力量。,,,,,,,,,,,,(n.),n.複數：knowledges,,,,,,,,,,ma36uY3fDv8
國中,,,A1,,1200-學校-4,lesson,/ˋlɛsn/,課,Today’s lesson is about grammar.,今天的課是關於語法的。,,,,,,,,,,,,(n.),,,,,,,,,,,ma36uY3fDv8
國中,,,A1,,1200-學校-4,problem,/ˋprɑbləm/,問題,We need to solve this problem quickly.,我們需要迅速解決這個問題。,,,,,,,,,,,,(n.),n.複數：problems,,,,,,,,,,ma36uY3fDv8
國中,,,A1,,1200-學校-4,question,/ˋkwɛstʃən/,問題,Do you have any questions about the lesson?,你對這堂課有什麼問題嗎？,,,,,,,,,,,,(n.),,,,silly,,,,,,,ma36uY3fDv8
國中,,,A2,,1200-學校-4,quiz,/kwɪz/,小考,We had a surprise quiz in class today.,今天班上有一場突擊小考。,,,,,,,,,,,,(n.),n.複數：quizzes,,,,,,,,,,ma36uY3fDv8
國中,,,A2,,1200-學校-4,story,/ˋstorɪ/,故事,She told me a funny story.,她告訴我一個有趣的故事。,,,,,,,,,,,,(n.),n.複數：stories,,,,,,,,,,ma36uY3fDv8
國中,,,A1,,1200-學校-4,test,/tɛst/,測驗,We have a math test tomorrow.,我們明天有數學測驗。,,,,,,,,,,,,(n.),,,,,,,,,,,ma36uY3fDv8
國中,,,A1,,1200-地點與位置-1,here,/hɪr/,在這裡,Come here and see what I found!,過來看看我找到了什麼！,,,,,,,,,,,,(adv.),,,,,,,,,,,XPo_e6_AhhY
國中,,,A1,,1200-地點與位置-1,there,/ðɛr/,那裡,Is there anyone in the room?,房間裡有人嗎？,,,,,,,,,,,,(adv.),,,,,,,,,,,XPo_e6_AhhY
國中,,,A2,,1200-地點與位置-1,back,/bæk/,背部,She leaned back in her chair.,她靠在椅子背上。,,,,,,,,,,,,(n.),,,,,,,,,,,XPo_e6_AhhY
國中,,,A2,,1200-地點與位置-1,front,/frʌnt/,前面的,The car stopped in front of the house.,車停在房子前面。,,,,,,,,,,,,(adj.),,,,,,,,,,,XPo_e6_AhhY
國中,,,A2,,1200-地點與位置-1,left,/lɛft/,左邊的,Turn left at the corner.,在拐角處向左轉。,,,,,,,,,,,,(adj.),,,,,,,,,,,XPo_e6_AhhY
國中,,,A2,,1200-地點與位置-1,middle,/ˋmɪd!/,中間的,The book is on the middle shelf.,書在中間的架子上。,,,,,,,,,,,,(adj.),,,,,,,,,,,XPo_e6_AhhY
國中,,,A1,,1200-地點與位置-1,right,/raɪt/,正確的,You are absolutely right.,你完全正確。,,,,,,,,,,,,(adj.),,,,,write (寫),,,,,,XPo_e6_AhhY
國中,,,A2,,1200-地點與位置-1,east,/ist/,東方,The sun rises in the east.,太陽從東方升起。,,,,,,,,,,,,(n.),,,,,,,,,,,XPo_e6_AhhY
國中,,,A2,,1200-地點與位置-1,west,/wɛst/,西方,The sun sets in the west.,太陽在西方落下。,,,,,,,,,,,,(n.),,,,,,,,,,,XPo_e6_AhhY
國中,,,A2,,1200-地點與位置-1,south,/saʊθ/,南方,The weather is warmer in the south.,南方的天氣比較暖和。,,,,,,,,,,,,(n.),,,,,,,,,,,XPo_e6_AhhY
國中,,,A2,,1200-地點與位置-1,north,/nɔrθ/,北方,Canada is located to the north of the United States.,加拿大位於美國的北方。,,,,,,,,,,,,(n.),,,,,,,,,,,XPo_e6_AhhY
國中,,,A2,,1200-地點與位置-1,top,/tɑp/,上面,The mountain’s top is covered with snow.,山頂覆蓋著雪。,,,,,,,,,,,,(n.),,,,,,,,,,,XPo_e6_AhhY
國中,,,B2,,1200-地點與位置-1,bakery,/ˋbekərɪ/,麵包店,The bakery sells fresh bread every morning.,麵包店每天早上都賣新鮮麵包。,,,,,,,,,,,,(n.),n.複數：bakeries,,,,,,,,,,XPo_e6_AhhY
國中,,,A1,,1200-地點與位置-1,bank,/bæŋk/,銀行,I need to go to the bank to deposit some money.,我需要去銀行存一些錢。,,,,,,,,,,,,(n.),,,,,,,,,,,XPo_e6_AhhY
國中,,,A1,,1200-地點與位置-1,beach,/bitʃ/,沙灘,We spent the day at the beach.,我們在沙灘上度過了一整天。,,,,,,,,,,,,(n.),,,,,,,,,,,XPo_e6_AhhY
國中,,,A2,,1200-地點與位置-1,bookstore,"[`bʊk,stɔr]",書店,I like to read books at the bookstore.,我喜歡在書店看書。,,,,,,,,,,,,(n.),,,,,,,,,,,XPo_e6_AhhY
國中,,,A2,,1200-地點與位置-1,church,/tʃɝtʃ/,教堂,The wedding was held in the church.,婚禮在教堂舉行。,,,,,,,,,,,,(n.),n.複數：churches,,,,,,,,,,XPo_e6_AhhY
國中,,,A2,,1200-地點與位置-1,department store,"[dɪ`pɑrtmənt ,stɔr]",百貨公司,Let's go shopping at the department store.,我們去百貨公司購物吧。,,,,,,,,,,,,(n.),,,,,,,,,,,XPo_e6_AhhY
國中,,,A1,,1200-地點與位置-1,factory,/ˋfæktərɪ/,工廠,The factory produces thousands of products daily.,這家工廠每天生產數千件產品。,,,,,,,,,,,,(n.),n.複數：factories,,,,,,,,,,XPo_e6_AhhY
國中,,,A1,,1200-地點與位置-1,hospital,/ˋhɑspɪt!/,醫院,She works at the hospital as a nurse.,她在醫院當護士。,,,,,,,,,,,,(n.),n.複數：hospitals,,,,,,,,,,XPo_e6_AhhY
國中,,,A1,,1200-地點與位置-2,hotel,/hoˋtɛl/,旅館,We stayed at a nice hotel during our trip.,我們旅行期間住在一家不錯的旅館。,,,,,,,,,,,,(n.),,,,,,,,,,,o4huSOXYbKg
國中,,,A2,,1200-地點與位置-2,market,/ˋmɑrkɪt/,市場,We bought fresh vegetables at the local market.,我們在當地市場買了新鮮的蔬菜。,,,,,,,,,,,,(n.),,,,,,,,,,,o4huSOXYbKg
國中,,,A1,,1200-地點與位置-2,museum,/mjuˋzɪəm/,博物館,We visited the art museum last weekend.,上週末我們參觀了藝術博物館。,,,,,,,,,,,,(n.),n.複數：museums,,,,,,,,,,o4huSOXYbKg
國中,,,A2,,1200-地點與位置-2,office,/ˋɔfɪs/,辦公室,I work in an office downtown.,我在市中心的一間辦公室工作。,,,,,,,,,,,,(n.),n.複數：offices,,,,,,,,,,o4huSOXYbKg
國中,,,A1,,1200-地點與位置-2,park,/pɑrk/,公園,We went for a walk in the park.,我們去公園散步了。,,,,,,,,,,,,(n.),,,,,,,,,,,o4huSOXYbKg
國中,,,A2,,1200-地點與位置-2,pool,/pul/,水塘,The children swam in the pool.,孩子們在水塘裡游泳。,,,,,,,,,,,,(n.),,,,,,,,,,,o4huSOXYbKg
國中,,,A2,,1200-地點與位置-2,post office,/ˈpoʊst ˌɔfɪs/,郵局,I need to go to the post office to send a package.,我需要去郵局寄包裹。,,,,,,,,,,,,(n.),,,,,,,,,,,o4huSOXYbKg
國中,,,A2,,1200-地點與位置-2,restroom,/ˋrɛst͵rum/,洗手間,Where is the nearest restroom?,最近的洗手間在哪裡？,,,,,,,,,,,,(n.),n.複數：restrooms,,,,,,,,,,o4huSOXYbKg
國中,,,A1,,1200-地點與位置-2,restaurant,/ˋrɛstərənt/,餐廳,We had dinner at a nice restaurant.,我們在一間不錯的餐廳吃了晚餐。,,,,,,,,,,,,(n.),n.複數：restaurants,,,,,,,,,,o4huSOXYbKg
國中,,,A1,,1200-地點與位置-2,shop,/ʃɑp/,商店,I went to the shop to buy groceries.,我去商店買雜貨。,,,,,,,,,,,,(n.),,,,,,,,,,,o4huSOXYbKg
國中,,,B1,,1200-地點與位置-2,store,/stor/,商店,I bought groceries at the store.,我在商店買了雜貨。,,,,,,,,,,,,(n.),,,,,,,,,,,o4huSOXYbKg
國中,,,A1,,1200-地點與位置-2,supermarket,/ˋsupɚ͵mɑrkɪt/,超市,We went to the supermarket to buy groceries.,我們去超市買雜貨。,,,,,,,,,,,,(n.),n.複數：supermarkets,,,,,,,,,,o4huSOXYbKg
國中,,,B1,,1200-地點與位置-2,temple,/ˋtɛmp!/,廟宇,The temple is a popular tourist attraction.,這座廟宇是熱門的旅遊景點。,,,,,,,,,,,,(n.),,,,,,,,,,,o4huSOXYbKg
國中,,,A2,,1200-地點與位置-2,theater,/ˋθɪətɚ/,電影院,We went to the theater to watch a movie.,我們去電影院看電影。,,,,,,,,,,,,(n.),,,,,,,,,,,o4huSOXYbKg
國中,,,A1,,1200-地點與位置-2,zoo,/zu/,動物園,We visited the zoo and saw many animals.,我們參觀了動物園，看到了許多動物。,,,,,,,,,,,,(n.),,,,,,,,,,,o4huSOXYbKg
國中,,,A1,,1200-地點與位置-2,city,/ˋsɪtɪ/,城市,New York is a bustling city.,紐約是一個繁忙的城市。,,,,,,,,,,,,(n.),n.複數：cities,,,,,,,,,,o4huSOXYbKg
國中,,,A1,,1200-地點與位置-2,country,/ˋkʌntrɪ/,國家,Japan is a beautiful country.,日本是一個美麗的國家。,,,,,,,,,,,,(n.),n.複數：countries,,,,,,,,,,o4huSOXYbKg
國中,,,A1,,1200-地點與位置-2,farm,/fɑrm/,農場,They live on a farm in the countryside.,他們住在鄉下的農場。,,,,,,,,,,,,(n.),,,,,,,,,,,o4huSOXYbKg
國中,,,A1,,1200-地點與位置-2,place,/ples/,地方,This is a nice place to relax.,這是個放鬆的好地方。,,,,,,,,,,,,(n.),,,,,,,,,,,o4huSOXYbKg
國中,,,A1,,1200-地點與位置-2,town,/taʊn/,城鎮,The town is small but charming.,這個城鎮雖小但迷人。,,,,,,,,,,,,(n.),n.複數：towns,,,,,,,,,,o4huSOXYbKg
國中,,,,,1200-交通工具-1,airplane (plane),/ˋɛr͵plen/,飛機,The airplane took off on time.,飛機準時起飛了。,,,,,,,,,,,,(n.),,,,,,,,,,,hV4caVToeMQ
國中,,,,,1200-交通工具-1,bicycle (bike),/ˋbaɪsɪk!/,腳踏車,He rides his bicycle to work every day.,他每天騎腳踏車上班。,,,,,,,,,,,,(n.),,,,,,,,,,,hV4caVToeMQ
國中,,,A1,,1200-交通工具-1,boat,/bot/,船,They went fishing by boat.,他們乘船去釣魚。,,,,,,,,,,,,(n.),n.複數：boats,,,,,,,,,,hV4caVToeMQ
國中,,,A1,,1200-交通工具-1,bus,/bʌs/,公車,I take the bus to school every day.,我每天搭公車去學校。,,,,,,,,,,,,(n.),,,,,,,,,,,hV4caVToeMQ
國中,,,A1,,1200-交通工具-1,car,/kar/,車子,He drives a red sports car.,他開著一輛紅色跑車。,,,,,,,,,,,,(n.),,,,,,,,,,,hV4caVToeMQ
國中,,,A2,,1200-交通工具-1,motorcycle,/ˋmotɚ͵saɪk!/,摩托車,He rides his motorcycle to work every day.,他每天騎摩托車上班。,,,,,,,,,,,,(n.),n.複數：motorcycles,,,,,,,,,,hV4caVToeMQ
國中,,,A2,,1200-交通工具-1,scooter,/ˋskutɚ/,摩托車,He rides a scooter to work every day.,他每天騎摩托車上班。,,,,,,,,,,,,(n.),,,,,,,,,,,hV4caVToeMQ
國中,,,A2,,1200-交通工具-1,ship,/ʃɪp/,船,The ship sailed across the ocean.,船隻橫渡了海洋。,,,,,,,,,,,,(n.),,,,,,,,,,,hV4caVToeMQ
國中,,,A1,,1200-交通工具-1,taxi,/ˋtæksɪ/,計程車,We took a taxi to the airport.,我們搭計程車去機場。,,,,,,,,,,,,(n.),,,,,,,,,,,hV4caVToeMQ
國中,,,A1,,1200-交通工具-1,train,/tren/,訓練,She is training for the marathon.,她正在為馬拉松訓練。,,,,,,,,,,,,(n.),,,,,,,,,,,hV4caVToeMQ
國中,,,B1,,1200-交通工具-1,truck,/trʌk/,卡車,The truck delivered goods to the store.,卡車把貨物送到商店。,,,,,,,,,,,,(n.),,,,,,,,,,,hV4caVToeMQ
國中,,,A2,,1200-交通工具-1,airport,/ˋɛr͵port/,機場,We arrived at the airport early.,我們很早就到了機場。,,,,,,,,,,,,(n.),n.複數：airports,,,,,,,,,,hV4caVToeMQ
國中,,,A1,,1200-交通工具-1,station,/ˋsteʃən/,車站,The train station is just around the corner.,火車站就在轉角處。,,,,,,,,,,,,(n.),n.複數：stations,,,,,,,,,,hV4caVToeMQ
國中,,,A2,,1200-交通工具-1,block,/blɑk/,街區,It’s just two blocks away from here.,這裡離那裡只有兩個街區。,,,,,,,,,,,,(n.),,,,,,,,,,,hV4caVToeMQ
國中,,,A2,,1200-交通工具-1,bridge,/brɪdʒ/,橋,The bridge connects the two cities.,這座橋連接著兩座城市。,,,,,,,,,,,,(n.),,,,,,,,,,,hV4caVToeMQ
國中,,,B1,,1200-交通工具-1,sidewalk,/ˋsaɪd͵wɔk/,人行道,We walked along the sidewalk to the store.,我們沿著人行道走到商店。,,,,,,,,,,,,(n.),,,,,,,,,,,hV4caVToeMQ
國中,,,A2,,1200-交通工具-1,traffic,/ˋtræfɪk/,交通,The traffic was heavy during rush hour.,尖峰時段交通擁堵。,,,,,,,,,,,,(n.),,,,,,,,,,,hV4caVToeMQ
國中,,,A2,,1200-交通工具-1,arrive,/əˋraɪv/,到達,We arrived at the station on time.,我們準時到達了車站。,,,,,,,,,,,,(v.),,,,,,,,,,,hV4caVToeMQ
國中,,,A1,,1200-交通工具-1,cross,/krɔs/,穿過,Be careful when you cross the street.,過馬路時要小心。,,,,,,,,,,,,(v.),,,,,,,,,,,hV4caVToeMQ
國中,,,A1,,1200-交通工具-1,drive,/draɪv/,開車,He drives to work every day.,他每天開車上班。,,,,,,,,,,,,(v.),,,,,,,,,,,hV4caVToeMQ
國中,,,A1,,1200-交通工具-2,fly,/flaɪ/,飛,Birds can fly high in the sky.,鳥兒可以在天空中高飛。,,,,,,,,,,,,(v.),,,,,,,,,,,d36Yz2h-5zY
國中,,,B1,,1200-交通工具-2,land,/lænd/,土地,The farmer owns a large piece of land.,農夫擁有一大片土地。,,,,,,,,,,,,(n.),,,,,,,,,,,d36Yz2h-5zY
國中,,,A1,,1200-交通工具-2,ride,/raɪd/,騎,She likes to ride her bike in the park.,她喜歡在公園裡騎自行車。,,,,,,,,,,,,(v.),,,,,,,,,,,d36Yz2h-5zY
國中,,,B1,,1200-交通工具-2,sail,/sel/,航行,They decided to sail across the ocean.,他們決定航行穿越海洋。,,,,,,,,,,,,(v.),,,,,,,,,,,d36Yz2h-5zY
國中,,,A2,,1200-交通工具-2,turn,/tɝn/,轉彎,Turn left at the next corner.,在下一個街角向左轉。,,,,,,,,,,,,(v.),,,,,,,,,,,d36Yz2h-5zY
國中,,,A1,,1200-交通工具-2,fast,/fæst/,快的,The car is very fast.,這輛車非常快。,,,,,,,,,,,,(adj.),,,quick,slow,,,,,,,d36Yz2h-5zY
國中,,,A1,,1200-交通工具-2,quick,/kwɪk/,迅速的,She gave a quick response to the email.,她迅速回覆了郵件。,,,,,,,,,,,,(adj.),,,,,,,,,,,d36Yz2h-5zY
國中,,,A1,,1200-交通工具-2,slow,/slo/,緩慢的,The traffic was moving very slowly.,交通流量非常緩慢。,,,,,,,,,,,,(adj.),,,,,,,,,,,d36Yz2h-5zY
國中,,,A2,,1200-尺寸與度量-1,centimeter,/ˋsɛntə͵mitɚ/,公分,The ruler is 30 centimeters long.,這把尺子長30公分。,,,,,,,,,,,,(n.),n.複數：centimeters,,,,,,,,,,J-kdIGaM398
國中,,,A1,,1200-尺寸與度量-1,foot,/fʊt/,腳,My foot hurts after walking all day.,走了一整天，我的腳很痛。,,,,,,,,,,,,(n.),,,,,,,,,,,J-kdIGaM398
國中,,,A2,,1200-尺寸與度量-1,gram,/græm/,克,This apple weighs about 150 grams.,這個蘋果重約150克。,,,,,,,,,,,,(n.),,,,,,,,,,,J-kdIGaM398
國中,,,B1,,1200-尺寸與度量-1,inch,/ɪntʃ/,英吋,The table is 36 inches wide.,這張桌子寬36英吋。,,,,,,,,,,,,(n.),n.複數：inches,,,,,,,,,,J-kdIGaM398
國中,,,A2,,1200-尺寸與度量-1,kilogram,/ˋkɪlə͵græm/,公斤,This bag of rice weighs five kilograms.,這袋米重五公斤。,,,,,,,,,,,,(n.),n.複數：kilograms,,,,,,,,,,J-kdIGaM398
國中,,,B1,,1200-尺寸與度量-1,mile,/maɪl/,英里,The nearest gas station is two miles away.,最近的加油站在兩英里外。,,,,,,,,,,,,(n.),n.複數：miles,,,,,,,,,,J-kdIGaM398
國中,,,A2,,1200-尺寸與度量-1,pound,/paʊnd/,磅,This bag weighs five pounds.,這個袋子重五磅,,,,,,,,,,,,(n.),,,,,,,,,,,J-kdIGaM398
國中,,,A2,,1200-尺寸與度量-1,yard,/jɑrd/,院子,The children played in the yard after school.,孩子們放學後在院子裡玩耍。,,,,,,,,,,,,(n.),n.複數：yards,,,,,,,,,,J-kdIGaM398
國中,,,A2,,1200-尺寸與度量-1,circle,/ˋsɝk!/,圓圈,The children formed a circle and danced.,孩子們圍成一圈跳舞。,,,,,,,,,,,,(n.),,,,,,,,,,,J-kdIGaM398
國中,,,B1,,1200-尺寸與度量-1,dot,/dɑt/,點,There is a red dot on the map.,地圖上有一個紅點。,,,,,,,,,,,,(n.),,,,,,,,,,,J-kdIGaM398
國中,,,A2,,1200-尺寸與度量-1,line,/laɪn/,線,Draw a straight line across the paper.,在紙上畫一條直線。,,,,,,,,,,,,(n.),,,,,,,,,,,J-kdIGaM398
國中,,,A2,,1200-尺寸與度量-1,point,/pɔɪnt/,指出,He pointed out the mistake in the report.,他指出了報告中的錯誤。,,,,,,,,,,,,(v.),,,,,,,,,,,J-kdIGaM398
國中,,,B1,,1200-尺寸與度量-1,row,/raʊ/,一排,The students sat in a row.,學生們坐成一排。,,,,,,,,,,,,(n.),,,,,,,,,,,J-kdIGaM398
國中,,,B1,,1200-尺寸與度量-1,shape,/ʃep/,形狀,The moon has a round shape.,月亮是圓形的。,,,,,,,,,,,,(n.),n.複數：shapes,,,,,,,,,,J-kdIGaM398
國中,,,A2,,1200-尺寸與度量-1,square,/skwɛr/,廣場,We met at the town square.,我們在城鎮廣場見面。,,,,,,,,,,,,(n.),,,,,,,,,,,J-kdIGaM398
國中,,,C1,,1200-尺寸與度量-1,angle,[`æŋɡl],角度,A square has four right angles.,一個正方形有四個直角。,,,,,,,,,,,,(n.),n.複數：angles,,,,,,,,,,J-kdIGaM398
國中,,,A1,,1200-尺寸與度量-1,big,/bɪg/,大的,That is a big house.,那是一棟大房子。,,,,,,,,,,,,(adj.),,,,,,,,,,,J-kdIGaM398
國中,,,A2,,1200-尺寸與度量-1,deep,/dip/,深的,The lake is very deep.,這湖非常深。,,,,,,,,,,,,(adj.),,,,,,,,,,,J-kdIGaM398
國中,,,A2,,1200-尺寸與度量-1,far,/far/,遠方的,The beach is far from here.,海灘離這裡很遠。,,,,,,,,,,,,(adj.),,,,,,,,,,,J-kdIGaM398
國中,,,A2,,1200-尺寸與度量-1,high,/haɪ/,高的,The mountain is very high.,這座山非常高。,,,,,,,,,,,,(adj.),,,,,,,,,,,J-kdIGaM398
國中,,,A2,,1200-尺寸與度量-2,large,/lardʒ/,大的,The elephant is a very large animal.,大象是一種非常大的動物。,,,,,,,,,,,,(adj.),adj.比較級：larger；最高級：largest,,,,,,,,,,0hCg0qqi3vo
國中,,,A1,,1200-尺寸與度量-2,light,/laɪt/,燈,Turn off the light when you leave the room.,離開房間時關燈。,,,,,,,,,,,,(n.),,,,,,,,,,,0hCg0qqi3vo
國中,,,A1,,1200-尺寸與度量-2,little,/ˋlɪt!/,少的,There is little time left before the deadline.,截止日期前幾乎沒有時間了。,,,,,,,,,,,,(adj.),,,,,,,,,,,0hCg0qqi3vo
國中,,,A1,,1200-尺寸與度量-2,long,/lɔŋ/,渴望,I long to see my family again.,我渴望再次見到我的家人。,,,,,,,,,,,,(v.),,,,,,,,,,,0hCg0qqi3vo
國中,,,A2,,1200-尺寸與度量-2,low,/lo/,低的,The temperature is very low today.,今天的溫度很低。,,,,,,,,,,,,(adj.),,,,,,,,,,,0hCg0qqi3vo
國中,,,B1,,1200-尺寸與度量-2,medium,/ˋmidɪəm/,中等的,The coffee was served at a medium temperature.,咖啡以中等溫度供應。,,,,,,,,,,,,(adj.),,,,,,,,,,,0hCg0qqi3vo
國中,,,A1,,1200-尺寸與度量-2,short,/ʃɔrt/,短的,Her hair is very short.,她的頭髮很短。,,,,,,,,,,,,(adj.),,,,,,,,,,,0hCg0qqi3vo
國中,,,A1,,1200-尺寸與度量-2,small,/smɔl/,小的,This shirt is too small for me.,這件襯衫對我來說太小了。,,,,,,,,,,,,(adj.),,,,,,,,,,,0hCg0qqi3vo
國中,,,A2,,1200-尺寸與度量-2,straight,/stret/,直的,Draw a straight line across the page.,在頁面上畫一條直線。,,,,,,,,,,,,(adj.),,,,,,,,,,,0hCg0qqi3vo
國中,,,A2,,1200-尺寸與度量-2,wide,/waɪd/,廣大的,The river is very wide at this point.,這條河在這裡非常寬闊。,,,,,,,,,,,,(adj.),,,,,,,,,,,0hCg0qqi3vo
國中,,,A2,,1200-尺寸與度量-2,round,/raʊnd/,圓的,The table is round.,這張桌子是圓的。,,,,,,,,,,,,(adj.),,,,,,,,,,,0hCg0qqi3vo
國中,,,A2,,1200-尺寸與度量-2,bottle,/ˋbɑt!/,瓶子,She drank a bottle of water.,她喝了一瓶水。,,,,,,,,,,,,(n.),,,,,,,,,,,0hCg0qqi3vo
國中,,,A1,,1200-尺寸與度量-2,cup,/kʌp/,杯子,She drank a cup of tea.,她喝了一杯茶。,,,,,,,,,,,,(n.),,,,,,,,,,,0hCg0qqi3vo
國中,,,B1,,1200-尺寸與度量-2,dozen,/ˋdʌzn/,(一)打,I bought a dozen eggs at the store.,我在商店買了一打雞蛋。,,,,,,,,,,,,(n.),,,,,,,,,,,0hCg0qqi3vo
國中,,,A1,,1200-尺寸與度量-2,glass,/glæs/,玻璃,The window is made of glass.,窗戶是由玻璃製成的。,,,,,,,,,,,,(n.),,,,,,,,,,,0hCg0qqi3vo
國中,,,A2,,1200-尺寸與度量-2,pack,/pæk/,打包,She packed her clothes for the trip.,她為旅行打包了衣服。,,,,,,,,,,,,(v.),,,,,,,,,,,0hCg0qqi3vo
國中,,,B2,,1200-尺寸與度量-2,package,/ˋpækɪdʒ/,包裹,The package arrived yesterday.,包裹昨天到了。,,,,,,,,,,,,(n.),n.複數：packages,,,,,,,,,,0hCg0qqi3vo
國中,,,A2,,1200-尺寸與度量-2,pair,/pɛr/,一對,I bought a new pair of shoes.,我買了一雙新鞋。,,,,,,,,,,,,(n.),,,,,,,,,,,0hCg0qqi3vo
國中,,,A2,,1200-尺寸與度量-2,piece,/pis/,一張,Can you give me a piece of paper?,你能給我一張紙嗎？,,,,,,,,,,,,(n.),,,,,,,,,,,0hCg0qqi3vo
國中,,,A2,,1200-尺寸與度量-2,size,/saɪz/,尺碼,What size do you wear?,你穿什麼尺碼？,,,,,,,,,,,,(n.),,,,,,,,,,,0hCg0qqi3vo
國中,,,B1,,1200-尺寸與度量-2,height,/haɪt/,高度,What is the height of this building?,這棟建築的高度是多少？,,,,,,,,,,,,(n.),n.複數：heights,,,,,,,,,,0hCg0qqi3vo
國中,,,A2,,1200-職業-1,actor,/ˋæktɚ/,男演員,The actor received an award for his performance.,這位男演員因他的表演獲得了獎項。,,,,,,,,,,,,(n.),,,,,,,,,,,llCYxqzYwO4
國中,,,,,1200-職業-1,actress,/ˋæktrɪs/,女演員,The actress is famous for her role in the movie.,這位女演員因她在電影中的角色而出名。,,,,,,,,,,,,(n.),,,,,,,,,,,llCYxqzYwO4
國中,,,A2,,1200-職業-1,boss,/bɔs/,老闆,The boss gave us a lot of work to do.,老闆給我們很多工作要做。,,,,,,,,,,,,(n.),,,,,,,,,,,llCYxqzYwO4
國中,,,A2,,1200-職業-1,businessman,/ˋbɪznɪsmən/,商人,The businessman invested in a new project.,這位商人投資了一個新項目。,,,,,,,,,,,,(n.),,,,,,,,,,,llCYxqzYwO4
國中,,,,,1200-職業-1,clerk,/klɝk/,店員,The store clerk helped me find the item I needed.,商店店員幫我找到了我需要的商品。,,,,,,,,,,,,(n.),n.複數：clerks,,,,,,,,,,llCYxqzYwO4
國中,,,A1,,1200-職業-1,cook,/kʊk/,廚師,My uncle is a cook in a small restaurant.,我的叔叔是一間小餐廳的廚師。,,,,,,,,,,,,(n.),,,,,,,,,,,llCYxqzYwO4
國中,,,A2,,1200-職業-1,dentist,/ˋdɛntɪst/,牙醫,I need to visit the dentist for a check-up.,我需要去看牙醫做檢查。,,,,,,,,,,,,(n.),n.複數：dentists,,,,,,,,,,llCYxqzYwO4
國中,,,,,1200-職業-1,doctor (Dr.),/ˋdɑktɚ/,醫生,The doctor prescribed some medicine for my cold.,醫生給我的感冒開了一些藥。,,,,,,,,,,,,(n.),,,,,,,,,,,llCYxqzYwO4
國中,,,A1,,1200-職業-1,driver,/ˋdraɪvɚ/,駕駛人,The driver stopped the car at the red light.,司機在紅燈處停下了車。,,,,,,,,,,,,(n.),,,,,,,,,,,llCYxqzYwO4
國中,,,A2,,1200-職業-1,engineer,/͵ɛndʒəˋnɪr/,工程師,My father is an engineer who designs bridges.,我父親是一名設計橋樑的工程師。,,,,,,,,,,,,(n.),n.複數：engineers,,,,,,,,,,llCYxqzYwO4
國中,,,A2,,1200-職業-1,farmer,/ˋfɑrmɚ/,農夫,The farmer grows wheat-and-corn.,這位農夫種植小麥和玉米。,,,,,,,,,,,,(n.),n.複數：farmers,,,,,,,,,,llCYxqzYwO4
國中,,,B2,,1200-職業-1,fisherman,/ˋfɪʃɚmən/,漁夫,The fisherman went out to sea early in the morning.,漁夫一大早就出海了。,,,,,,,,,,,,(n.),n.複數：fishermen,,,,,,,,,,llCYxqzYwO4
國中,,,A2,,1200-職業-1,housewife,/ˋhaʊs͵waɪf/,家庭主婦,The housewife spent the morning cleaning the house.,家庭主婦花了整個早上打掃房子。,,,,,,,,,,,,(n.),,,,,,,,,,,llCYxqzYwO4
國中,,,B1,,1200-職業-1,lawyer,/ˋlɔjɚ/,律師,He hired a lawyer to defend him in court.,他聘請了一位律師在法庭上為他辯護。,,,,,,,,,,,,(n.),n.複數：lawyers,,,,,,,,,,llCYxqzYwO4
國中,,,,,1200-職業-1,mailman (mail carrier),[`melˌmæn (`mel `kærıɚ)],郵差,The mailman usually comes around 10 a.m.,郵差通常在早上十點左右來。,,,,,,,,,,,,(n.),,,,,,,,,,,llCYxqzYwO4
國中,,,A2,,1200-職業-1,nurse,/nɝs/,護士,The nurse took care of the patient all night.,護士整晚照顧病人。,,,,,,,,,,,,(n.),,,,,,,,,,,llCYxqzYwO4
國中,,,A2,,1200-職業-1,police officer,/ˋɔfəsɚ/,警官,The police officer directed traffic at the intersection.,警官在十字路口指揮交通。,,,,,,,,,,,,(n.),,,,,,,,,,,llCYxqzYwO4
國中,,,B1,,1200-職業-1,reporter,/rɪˋportɚ/,記者,The reporter interviewed the mayor.,記者採訪了市長。,,,,,,,,,,,,(n.),n.複數：reporters,,,,,,,,,,llCYxqzYwO4
國中,,,B1,,1200-職業-1,salesman,[`selzmən],推銷員；業務員,A salesman came to our door today.,今天有個推銷員來到我們家門口。,,,,,,,,,,,,(n.),,,,,,,,,,,llCYxqzYwO4
國中,,,A2,,1200-職業-1,secretary,/ˋsɛkrə͵tɛrɪ/,祕書,The secretary arranged the meeting schedule.,祕書安排了會議時間表。,,,,,,,,,,,,(n.),n.複數：secretaries,,,,,,,,,,llCYxqzYwO4
國中,,,B2,,1200-職業-2,shopkeeper,"[`ʃɑp,kipɚ]",店主,The friendly shopkeeper gave me a discount.,友善的店主給了我一個折扣。,,,,,,,,,,,,(n.),,,,,,,,,,,BcX2hqlrCUQ
國中,,,A2,,1200-職業-2,singer,/ˋsɪŋɚ/,歌手,The singer performed beautifully on stage.,歌手在舞台上表演得很美。,,,,,,,,,,,,(n.),n.複數：singers,,,,,,,,,,BcX2hqlrCUQ
國中,,,B1,,1200-職業-2,soldier,/ˋsoldʒɚ/,士兵,The soldier stood guard at the gate.,士兵在門口站崗。,,,,,,,,,,,,(n.),n.複數：soldiers,,,,,,,,,,BcX2hqlrCUQ
國中,,,A1,,1200-職業-2,waiter,/ˋwetɚ/,服務生,The waiter brought us the menu.,服務生把菜單拿給我們。,,,,,,,,,,,,(n.),,,,,,,,,,,BcX2hqlrCUQ
國中,,,A1,,1200-職業-2,waitress,/ˋwetrɪs/,女服務生,The waitress was very friendly.,女服務生非常友善。,,,,,,,,,,,,(n.),,,,,,,,,,,BcX2hqlrCUQ
國中,,,A2,,1200-職業-2,worker,/ˋwɝkɚ/,工人,The workers finished building the house on time.,工人們按時完成了房子的建造。,,,,,,,,,,,,(n.),,,,,,,,,,,BcX2hqlrCUQ
國中,,,B1,,1200-職業-2,writer,/ˋraɪtɚ/,作家,The writer signed copies of his new book.,這位作家簽名了他的新書副本。,,,,,,,,,,,,(n.),n.複數：writers,,,,,,,,,,BcX2hqlrCUQ
國中,,,A1,,1200-職業-2,business,/ˋbɪznɪs/,商業,He works in the business sector.,他在商業部門工作。,,,,,,,,,,,,(n.),n.複數：businesses,,,,,,,,,,BcX2hqlrCUQ
國中,,,A1,,1200-職業-2,job,/dʒɑb/,工作,Finding a good job can be difficult.,找到一份好工作可能很困難。,,,,,,,,,,,,(n.),n.複數：jobs,,,,,,,,,,BcX2hqlrCUQ
國中,,,A1,,1200-職業-2,work,/wɝk/,工作,She works at a bank.,她在銀行工作。,,,,,,,,,,,,(v.),v.過去式：worked；過去分詞：worked；現在分詞：working | n.複數：works,,,,,,,,,,BcX2hqlrCUQ
國中,,,A1,,1200-天氣與自然現象-1,weather,/ˋwɛðɚ/,天氣,The weather forecast says it will rain tomorrow.,天氣預報說明天會下雨。,,,,,,,,,,,,(n.),,,,,,,,,,,c7vXkUaPuKE
國中,,,A2,,1200-天氣與自然現象-1,clear,/klɪr/,清楚的,The instructions were clear-and-easy to follow.,指示清楚且易於遵循。,,,,,,,,,,,,(adj.),,,,,,,,,,,c7vXkUaPuKE
國中,,,A2,,1200-天氣與自然現象-1,cloudy,[`klaudı],多雲的,"It was cloudy this morning, but the sun came out later.",今天早上多雲，但太陽稍後出來了。,,,,,,,,,,,,(adj.),adj.比較級：cloudier；最高級：cloudiest,,,,,,,,,,c7vXkUaPuKE
國中,,,A1,,1200-天氣與自然現象-1,cold,/kold/,冷的,It’s very cold outside today.,今天外面非常冷。,,,,,,,,,,,,(adj.),,,cool,hot,,,,,,,c7vXkUaPuKE
國中,,,A2,,1200-天氣與自然現象-1,cool,/kul/,涼的,The weather is cool today.,今天天氣涼爽。,,,,,,,,,,,,(adj.),,,,,,,,,,,c7vXkUaPuKE
國中,,,A2,,1200-天氣與自然現象-1,dry,/draɪ/,乾的,The clothes are still wet; they need more time to dry.,衣服還濕著，需要更多時間晾乾。,,,,,,,,,,,,(adj.),,,,,,,,,,,c7vXkUaPuKE
國中,,,A1,,1200-天氣與自然現象-1,hot,/hɑt/,熱的,The coffee is too hot to drink.,咖啡太燙了，不能喝。,,,,,,,,,,,,(adj.),adj.比較級：hotter；最高級：hottest,,warm,cold,,,,,,,c7vXkUaPuKE
國中,,,B1,,1200-天氣與自然現象-1,rainy,/ˋrenɪ/,多雨的,It’s a rainy day today.,今天是個多雨的日子。,,,,,,,,,,,,(adj.),,,,,,,,,,,c7vXkUaPuKE
國中,,,,,1200-天氣與自然現象-1,snowy,/snoɪ/,下雪多的,It was a cold-and-snowy day.,這是寒冷且多雪的一天。,,,,,,,,,,,,(adj.),,,,,,,,,,,c7vXkUaPuKE
國中,,,A2,,1200-天氣與自然現象-1,sunny,/ˋsʌnɪ/,陽光充足的,It’s a sunny day today.,今天是個陽光明媚的日子。,,,,,,,,,,,,(adj.),,,,,,,,,,,c7vXkUaPuKE
國中,,,A1,,1200-天氣與自然現象-1,warm,/wɔrm/,暖和的,The weather is warm today.,今天天氣很暖和。,,,,,,,,,,,,(adj.),,,,,,,,,,,c7vXkUaPuKE
國中,,,A2,,1200-天氣與自然現象-1,wet,/wɛt/,溼的,"It’s raining, so the ground is wet.",下雨了，所以地面是濕的。,,,,,,,,,,,,(adj.),,,,,,,,,,,c7vXkUaPuKE
國中,,,A2,,1200-天氣與自然現象-1,windy,/ˋwɪndɪ/,風大的,It’s a windy day today.,今天是有風的日子。,,,,,,,,,,,,(adj.),adj.比較級：windier；最高級：windiest,,,,,,,,,,c7vXkUaPuKE
國中,,,B2,,1200-天氣與自然現象-1,rainbow,/ˋren͵bo/,彩虹,"After the rain, a beautiful rainbow appeared.",雨後出現了一道美麗的彩虹。,,,,,,,,,,,,(n.),n.複數：rainbows,,,,,,,,,,c7vXkUaPuKE
國中,,,A1,,1200-天氣與自然現象-1,shower,/ˋʃaʊɚ/,淋浴,I took a quick shower before leaving.,出門前我快速洗了個澡。,,,,,,,,,,,,(n.),v.過去式：showered；過去分詞：showered；現在分詞：showering | n.複數：showers,,,,,,,,,,c7vXkUaPuKE
國中,,,A1,,1200-天氣與自然現象-1,snow,/sno/,雪,The ground was covered with snow.,地面被雪覆蓋了。,,,,,,,,,,,,(n.),,,,,,,,,,,c7vXkUaPuKE
國中,,,,,1200-天氣與自然現象-1,typhoon,/taɪˋfun/,颱風,The typhoon caused a lot of damage.,颱風造成了很大的損壞。,,,,,,,,,,,,(n.),n.複數：typhoons,,,,,,,,,,c7vXkUaPuKE
國中,,,A1,,1200-天氣與自然現象-1,wind,/wɪnd/,風,The wind blew strongly during the storm.,暴風雨期間風吹得很強勁。,,,,,,,,,,,,(n.),,,,,,,,,,,c7vXkUaPuKE
國中,,,B1,,1200-天氣與自然現象-1,blow,/blo/,吹,The wind blew strongly last night.,昨晚風吹得很猛。,,,,,,,,,,,,(v.),v.過去式：blew；過去分詞：blown；現在分詞：blowing,,,,,,,,,,c7vXkUaPuKE
國中,,,A1,,1200-天氣與自然現象-1,rain,/ren/,雨,It’s raining heavily outside.,外面雨下得很大。,,,,,,,,,,,,(n.),,,,,,,,,,,c7vXkUaPuKE
國中,,,B1,,1200-天氣與自然現象-2,shine,/ʃaɪn/,照耀,The sun shines brightly in the sky.,太陽在天空中明亮地照耀。,,,,,,,,,,,,(v.),,,,,,,,,,,8rF21XsQk7w
國中,,,A2,,1200-天氣與自然現象-2,nature,/ˋnetʃɚ/,自然,Nature provides us with fresh air-and-beautiful landscapes.,自然為我們提供了新鮮的空氣和美麗的風景。,,,,,,,,,,,,(n.),,,,,,,,,,,8rF21XsQk7w
國中,,,A2,,1200-天氣與自然現象-2,cloud,/klaʊd/,雲,The sky was full of dark clouds.,天空中佈滿了烏雲。,,,,,,,,,,,,(n.),n.複數：clouds,,,,,,,,,,8rF21XsQk7w
國中,,,B1,,1200-天氣與自然現象-2,earth,/ɝθ/,地球,The earth orbits around the sun.,地球圍繞太陽運轉。,,,,,,,,,,,,(n.),n.複數：earths,,,,,,,,,,8rF21XsQk7w
國中,,,B2,,1200-天氣與自然現象-2,earthquake,"[`ɝθ,kwek]",地震,The earthquake shook the buildings.,地震搖晃了建築物。,,,,,,,,,,,,(n.),n.複數：earthquakes,,,,,,,,,,8rF21XsQk7w
國中,,,A2,,1200-天氣與自然現象-2,moon,/mun/,月亮,The moon shines brightly in the night sky.,月亮在夜空中明亮地照耀。,,,,,,,,,,,,(n.),n.複數：moons,,,,,,,,,,8rF21XsQk7w
國中,,,A2,,1200-天氣與自然現象-2,sky,/skaɪ/,天空,The sky was clear-and-blue today.,今天的天空清澈湛藍。,,,,,,,,,,,,(n.),n.複數：skies,,,,,,,,,,8rF21XsQk7w
國中,,,A1,,1200-天氣與自然現象-2,sun,/sʌn/,太陽,The sun rises in the east.,太陽從東方升起。,,,,,,,,,,,,(n.),,,,,son (兒子),,,,,,8rF21XsQk7w
國中,,,A2,,1200-天氣與自然現象-2,star,/stɑr/,星星,The night sky is full of stars.,夜空充滿了星星。,,,,,,,,,,,,(n.),,,,,,,,,,,8rF21XsQk7w
國中,,,B1,,1200-地理用語,area,/ˋɛrɪə/,地區,This area is known for its beautiful scenery.,這個地區以其美麗的風景而聞名。,,,,,,,,,,,,(n.),,,,,,,,,,,-NVwvFk-WBA
國中,,,A1,,1200-地理用語,bank,/bæŋk/,河岸,We had a picnic on the river bank.,我們在河岸上野餐。,,,,,,,,,,,,(n.),,,,,,,,,,,-NVwvFk-WBA
國中,,,A1,,1200-地理用語,beach,/bitʃ/,沙灘,We spent the day at the beach.,我們在沙灘上度過了一整天。,,,,,,,,,,,,(n.),,,,,,,,,,,-NVwvFk-WBA
國中,,,A2,,1200-地理用語,hill,/hɪl/,小山丘,There is a small house on top of the hill.,山丘頂上有一間小房子。,,,,,,,,,,,,(n.),,,,,,,,,,,-NVwvFk-WBA
國中,,,A2,,1200-地理用語,island,/ˋaɪlənd/,島,Hawaii is a beautiful island.,夏威夷是一個美麗的島嶼。,,,,,,,,,,,,(n.),n.複數：islands,,,,,,,,,,-NVwvFk-WBA
國中,,,A2,,1200-地理用語,lake,/lek/,湖泊,We went fishing by the lake last weekend.,上週末我們去湖邊釣魚。,,,,,,,,,,,,(n.),n.複數：lakes,,,,,,,,,,-NVwvFk-WBA
國中,,,A2,,1200-地理用語,mountain,/ˋmaʊntn/,山,The mountain was covered with snow.,山上覆蓋著雪。,,,,,,,,,,,,(n.),n.複數：mountains,,,,,,,,,,-NVwvFk-WBA
國中,,,B2,,1200-地理用語,pond,/pɑnd/,池塘,Frogs live in the pond.,青蛙住在池塘裡。,,,,,,,,,,,,(n.),n.複數：ponds,,,,,,,,,,-NVwvFk-WBA
國中,,,A2,,1200-地理用語,pool,/pul/,水塘,The children swam in the pool.,孩子們在水塘裡游泳。,,,,,,,,,,,,(n.),,,,,,,,,,,-NVwvFk-WBA
國中,,,A1,,1200-地理用語,river,/ˋrɪvɚ/,河流,The river flows through the city.,這條河流經城市。,,,,,,,,,,,,(n.),n.複數：rivers,,,,,,,,,,-NVwvFk-WBA
國中,,,A1,,1200-地理用語,sea,/si/,海,The sea looks calm today.,今天海面看起來很平靜。,,,,,,,,,,,,(n.),n.複數：seas,,,,,,,,,,-NVwvFk-WBA
國中,,,A2,,1200-地理用語,spring,/sprɪŋ/,春天,Flowers bloom in the spring.,花朵在春天綻放。,,,,,,,,,,,,(n.),,,,,,,,,,,-NVwvFk-WBA
國中,,,A1,,1200-介系詞-1,about,/əˋbaʊt/,有關,This book is about history.,這本書是關於歷史的。,,,,,,,,,,,,(prep.),,,,,,,,,,,cyuRRqlmxzY
國中,,,A1,,1200-介系詞-1,above,/əˋbʌv/,在上方,The bird flew above the tree.,鳥兒飛過了樹的上方。,,,,,,,,,,,,(adv.),,,,,,,,,,,cyuRRqlmxzY
國中,,,A2,,1200-介系詞-1,across,/əˋkrɔs/,在…對面,The park is across the street.,公園在街的對面。,,,,,,,,,,,,(prep.),,,,,,,,,,,cyuRRqlmxzY
國中,,,A1,,1200-介系詞-1,after,/ˋæftɚ/,在…之後,We will go home after the movie ends.,電影結束後我們會回家。,,,,,,,,,,,,(conj.),,,,,,,,,,,cyuRRqlmxzY
國中,,,A2,,1200-介系詞-1,along,/əˋlɔŋ/,沿著,We walked along the river.,我們沿著河岸走。,,,,,,,,,,,,(prep.),,,,,,,,,,,cyuRRqlmxzY
國中,,,A2,,1200-介系詞-1,around,/əˋraʊnd/,在附近,There are many shops around here.,這附近有很多商店。,,,,,,,,,,,,(adv.),,,,,,,,,,,cyuRRqlmxzY
國中,,,A1,,1200-介系詞-1,at,/æt/,在…(地點、時間),We usually meet at the library at 3 p.m. to study together.,我們通常下午三點在圖書館見面一起讀書。,,,,,,,,,,,,(prep.),,,,,,,,,,,cyuRRqlmxzY
國中,,,A1,,1200-介系詞-1,before,/bɪˋfor/,在…之前,Please wash your hands before eating.,吃飯前請洗手。,,,,,,,,,,,,(conj.),,,,,,,,,,,cyuRRqlmxzY
國中,,,A1,,1200-介系詞-1,behind,/bɪˋhaɪnd/,在之後,He stayed behind to finish the work.,他留在後面完成工作。,,,,,,,,,,,,(adv.),,,,,,,,,,,cyuRRqlmxzY
國中,,,A1,,1200-介系詞-1,below,/bəˋlo/,在下面,The temperature dropped below zero.,溫度降至零度以下。,,,,,,,,,,,,(adv.),,,,,,,,,,,cyuRRqlmxzY
國中,,,A2,,1200-介系詞-1,beside,[bɪ`saɪd],在...旁邊,The library is right beside the park.,圖書館就在公園旁邊。,,,,,,,,,,,,(prep.),,,,,,,,,,,cyuRRqlmxzY
國中,,,A1,,1200-介系詞-1,between,/bɪˋtwin/,在…之間,The library is between the school-and-the park.,圖書館在學校和公園之間。,,,,,,,,,,,,(prep.),,,,,,,,,,,cyuRRqlmxzY
國中,,,A2,,1200-介系詞-1,by,/baɪ/,沿；用…方法,Walk by the river-and-enjoy the view.,沿著河邊走，欣賞風景。,,,,,,,,,,,,(prep.),,,,,,,,,,,cyuRRqlmxzY
國中,,,A1,,1200-介系詞-1,down,/daʊn/,向下,The ball rolled down the hill.,球滾下了山坡。,,,,,,,,,,,,(adv.),,,,,,,,,,,cyuRRqlmxzY
國中,,,A2,,1200-介系詞-1,during,/ˋdʊrɪŋ/,在…期間,"During the meeting, we discussed the new plan.",在會議期間，我們討論了新計劃。,,,,,,,,,,,,(prep.),,,,,,,,,,,cyuRRqlmxzY
國中,,,A2,,1200-介系詞-1,except,/ɪkˋsɛpt/,除…之外,Everyone went to the party except John.,除了約翰，大家都去參加派對了。,,,,,,,,,,,,(prep.),,,,,,,,,,,cyuRRqlmxzY
國中,,,A1,,1200-介系詞-1,for,/for/,為了,I bought this gift for you.,我為你買了這個禮物。,,,,,,,,,,,,(prep.),,,,,,,,,,,cyuRRqlmxzY
國中,,,A1,,1200-介系詞-1,from,/frʌm/,從…,She is from Canada.,她來自加拿大。,,,,,,,,,,,,(prep.),,,,,,,,,,,cyuRRqlmxzY
國中,,,A1,,1200-介系詞-1,in,/ɪn/,在…之中,The book is in the bag.,書在袋子裡。,,,,,,,,,,,,(prep.),,,,,,,,,,,cyuRRqlmxzY
國中,,,A1,,1200-介系詞-1,inside,/ˋɪnˋsaɪd/,在內部地,It’s warmer inside the house.,屋子裡面比較暖和。,,,,,,,,,,,,(adv.),,,,,,,,,,,cyuRRqlmxzY
國中,,,A1,,1200-介系詞-2,into,/ˋɪntu/,進入…之內,He walked into the room quietly.,他靜靜地走進房間。,,,,,,,,,,,,(prep.),,,,,,,,,,,AfwsPhU1W1U
國中,,,A1,,1200-介系詞-2,like,/laɪk/,喜歡,I like to drink coffee in the morning.,我喜歡早上喝咖啡。,,,,,,,,,,,,(v.),,,,,,,,,,,AfwsPhU1W1U
國中,,,A1,,1200-介系詞-2,near,/nɪr/,接近的,The store is near my house.,商店離我家很近。,,,,,,,,,,,,(adj.),,,,,,,,,,,AfwsPhU1W1U
國中,,,A1,,1200-介系詞-2,of,/ʌv/,…的,This is a picture of my family.,這是我家人的照片。,,,,,,,,,,,,(prep.),,,,,,,,,,,AfwsPhU1W1U
國中,,,A2,,1200-介系詞-2,off,/ɔf/,從…離開,He took his hat off before entering the room.,他進房間前摘下了帽子。,,,,,,,,,,,,(prep.),,,,,,,,,,,AfwsPhU1W1U
國中,,,A1,,1200-介系詞-2,on,/ɑn/,在…上面,The book is on the table.,書在桌子上。,,,,,,,,,,,,(prep.),,,,,,,,,,,AfwsPhU1W1U
國中,,,A2,,1200-介系詞-2,out,/aʊt/,向外,Please take the trash out.,請把垃圾拿出去。,,,,,,,,,,,,(adv.),,,,,,,,,,,AfwsPhU1W1U
國中,,,A1,,1200-介系詞-2,outside,/ˋaʊtˋsaɪd/,在外面,The children are playing outside.,孩子們在外面玩。,,,,,,,,,,,,(adv.),,,,,,,,,,,AfwsPhU1W1U
國中,,,A2,,1200-介系詞-2,over,/ˋovɚ/,在…之上,The picture hangs over the fireplace.,圖畫掛在壁爐上方。,,,,,,,,,,,,(prep.),,,,,,,,,,,AfwsPhU1W1U
國中,,,A2,,1200-介系詞-2,since,/sɪns/,從…時起,I haven’t seen her since last year.,自從去年我就沒見過她。,,,,,,,,,,,,(prep.),,,,,,,,,,,AfwsPhU1W1U
國中,,,A1,,1200-介系詞-2,than,/ðæn/,比…,She is taller than her brother.,她比她哥哥高。,,,,,,,,,,,,(conj.),,,,,,,,,,,AfwsPhU1W1U
國中,,,A2,,1200-介系詞-2,through,/θru/,自始至終,We drove through the tunnel to get to the city.,我們穿過隧道進入城市。,,,,,,,,,,,,(adv.),,,,,,,,,,,AfwsPhU1W1U
國中,,,A1,,1200-介系詞-2,to,/tu/,向，朝,She walked to the park.,她朝公園走去。,,,,,,,,,,,,(prep.),,,,,,,,,,,AfwsPhU1W1U
國中,,,A1,,1200-介系詞-2,under,/ˋʌndɚ/,在…下面,The cat is hiding under the table.,貓躲在桌子底下。,,,,,,,,,,,,(prep.),,,,,,,,,,,AfwsPhU1W1U
國中,,,A1,,1200-介系詞-2,until,/ənˋtɪl/,直到…,We waited until the rain stopped.,我們等到雨停了。,,,,,,,,,,,,(prep.),,,,,,,,,,,AfwsPhU1W1U
國中,,,A1,,1200-介系詞-2,with,/wɪð/,有；用,She walked into the room with a smile.,她帶著微笑走進房間。,,,,,,,,,,,,(prep.),,,,,,,,,,,AfwsPhU1W1U
國中,,,A2,,1200-介系詞-2,without,/wɪˋðaʊt/,沒有,You can’t go outside without an umbrella.,你不能不帶傘就出門。,,,,,,,,,,,,(prep.),,,,,,,,,,,AfwsPhU1W1U
國中,,,A1,,1200-連接詞,and,/ænd/,和；而且；然後,"We went to the library,-and-then we studied for our final exams.",我們去了圖書館，然後我們準備期末考。,,,,,,,,,,,,(conj.),,,,,,,,,,,lELiByWuHcY
國中,,,A1,,1200-連接詞,as,/æz/,像，如同,He works as a teacher.,他像老師一樣工作。,,,,,,,,,,,,(prep.),,,,,,,,,,,lELiByWuHcY
國中,,,A1,,1200-連接詞,because,/bɪˋkɔz/,因為,I stayed home because it was raining.,因為下雨，所以我待在家裡。,,,,,,,,,,,,(conj.),,,,,,,,,,,lELiByWuHcY
國中,,,A1,,1200-連接詞,but,/bʌt/,但是,"I wanted to go, but I was too tired.",我本想去，但我太累了。,,,,,,,,,,,,(conj.),,,,,,,,,,,lELiByWuHcY
國中,,,A2,,1200-連接詞,however,/haʊˋɛvɚ/,然而,"However, we still have a lot of work to do.",然而，我們仍然有很多工作要做。,,,,,,,,,,,,(adv.),,,,,,,,,,,lELiByWuHcY
國中,,,A2,,1200-連接詞,if,/ɪf/,假如,"If it rains, we will stay indoors.",如果下雨，我們就待在室內。,,,,,,,,,,,,(conj.),,,,,,,,,,,lELiByWuHcY
國中,,,A1,,1200-連接詞,or,/or/,或者,Would you like tea or coffee?,你想要茶還是咖啡？,,,,,,,,,,,,(conj.),,,,,,,,,,,lELiByWuHcY
國中,,,A2,,1200-連接詞,since,/sɪns/,從…時起,I haven’t seen her since last year.,自從去年我就沒見過她。,,,,,,,,,,,,(prep.),,,,,,,,,,,lELiByWuHcY
國中,,,A1,,1200-連接詞,than,/ðæn/,比…,She is taller than her brother.,她比她哥哥高。,,,,,,,,,,,,(conj.),,,,,,,,,,,lELiByWuHcY
國中,,,A1,,1200-連接詞,that,/ðæt/,那,That book is mine.,那本書是我的。,,,,,,,,,,,,pro(n.),,,,,,,,,,,lELiByWuHcY
國中,,,,,1200-連接詞,though (although),/ðo/,雖然,"Though it was cold, we still went outside.",雖然很冷，我們還是出門了。,,,,,,,,,,,,(conj.),,,,,,,,,,,lELiByWuHcY
國中,,,A1,,1200-介系詞-1,about,/əˋbaʊt/,有關,This book is about history.,這本書是關於歷史的。,,,,,,,,,,,,(prep.),,,,,,,,,,,cyuRRqlmxzY
國中,,,A1,,1200-介系詞-1,above,/əˋbʌv/,在上方,The bird flew above the tree.,鳥兒飛過了樹的上方。,,,,,,,,,,,,(adv.),,,,,,,,,,,cyuRRqlmxzY
國中,,,A2,,1200-介系詞-1,across,/əˋkrɔs/,在…對面,The park is across the street.,公園在街的對面。,,,,,,,,,,,,(prep.),,,,,,,,,,,cyuRRqlmxzY
國中,,,A1,,1200-介系詞-1,after,/ˋæftɚ/,在…之後,We will go home after the movie ends.,電影結束後我們會回家。,,,,,,,,,,,,(conj.),,,,,,,,,,,cyuRRqlmxzY
國中,,,A2,,1200-介系詞-1,along,/əˋlɔŋ/,沿著,We walked along the river.,我們沿著河岸走。,,,,,,,,,,,,(prep.),,,,,,,,,,,cyuRRqlmxzY
國中,,,A2,,1200-介系詞-1,around,/əˋraʊnd/,在附近,There are many shops around here.,這附近有很多商店。,,,,,,,,,,,,(adv.),,,,,,,,,,,cyuRRqlmxzY
國中,,,A1,,1200-介系詞-1,at,/æt/,在…(地點、時間),We usually meet at the library at 3 p.m. to study together.,我們通常下午三點在圖書館見面一起讀書。,,,,,,,,,,,,(prep.),,,,,,,,,,,cyuRRqlmxzY
國中,,,A1,,1200-介系詞-1,before,/bɪˋfor/,在…之前,Please wash your hands before eating.,吃飯前請洗手。,,,,,,,,,,,,(conj.),,,,,,,,,,,cyuRRqlmxzY
國中,,,A1,,1200-介系詞-1,behind,/bɪˋhaɪnd/,在之後,He stayed behind to finish the work.,他留在後面完成工作。,,,,,,,,,,,,(adv.),,,,,,,,,,,cyuRRqlmxzY
國中,,,A1,,1200-介系詞-1,below,/bəˋlo/,在下面,The temperature dropped below zero.,溫度降至零度以下。,,,,,,,,,,,,(adv.),,,,,,,,,,,cyuRRqlmxzY
國中,,,A2,,1200-介系詞-1,beside,[bɪ`saɪd],在...旁邊,The library is right beside the park.,圖書館就在公園旁邊。,,,,,,,,,,,,(prep.),,,,,,,,,,,cyuRRqlmxzY
國中,,,A1,,1200-介系詞-1,between,/bɪˋtwin/,在…之間,The library is between the school-and-the park.,圖書館在學校和公園之間。,,,,,,,,,,,,(prep.),,,,,,,,,,,cyuRRqlmxzY
國中,,,A2,,1200-介系詞-1,by,/baɪ/,沿；用…方法,Walk by the river-and-enjoy the view.,沿著河邊走，欣賞風景。,,,,,,,,,,,,(prep.),,,,,,,,,,,cyuRRqlmxzY
國中,,,A1,,1200-介系詞-1,down,/daʊn/,向下,The ball rolled down the hill.,球滾下了山坡。,,,,,,,,,,,,(adv.),,,,,,,,,,,cyuRRqlmxzY
國中,,,A2,,1200-介系詞-1,during,/ˋdʊrɪŋ/,在…期間,"During the meeting, we discussed the new plan.",在會議期間，我們討論了新計劃。,,,,,,,,,,,,(prep.),,,,,,,,,,,cyuRRqlmxzY
國中,,,A2,,1200-介系詞-1,except,/ɪkˋsɛpt/,除…之外,Everyone went to the party except John.,除了約翰，大家都去參加派對了。,,,,,,,,,,,,(prep.),,,,,,,,,,,cyuRRqlmxzY
國中,,,A1,,1200-介系詞-1,for,/for/,為了,I bought this gift for you.,我為你買了這個禮物。,,,,,,,,,,,,(prep.),,,,,,,,,,,cyuRRqlmxzY
國中,,,A1,,1200-介系詞-1,from,/frʌm/,從…,She is from Canada.,她來自加拿大。,,,,,,,,,,,,(prep.),,,,,,,,,,,cyuRRqlmxzY
國中,,,A1,,1200-介系詞-1,in,/ɪn/,在…之中,The book is in the bag.,書在袋子裡。,,,,,,,,,,,,(prep.),,,,,,,,,,,cyuRRqlmxzY
國中,,,A1,,1200-介系詞-1,inside,/ˋɪnˋsaɪd/,在內部地,It’s warmer inside the house.,屋子裡面比較暖和。,,,,,,,,,,,,(adv.),,,,,,,,,,,cyuRRqlmxzY
國中,,,A1,,1200-介系詞-2,into,/ˋɪntu/,進入…之內,He walked into the room quietly.,他靜靜地走進房間。,,,,,,,,,,,,(prep.),,,,,,,,,,,AfwsPhU1W1U
國中,,,A1,,1200-介系詞-2,like,/laɪk/,喜歡,I like to drink coffee in the morning.,我喜歡早上喝咖啡。,,,,,,,,,,,,(v.),,,,,,,,,,,AfwsPhU1W1U
國中,,,A1,,1200-介系詞-2,near,/nɪr/,接近的,The store is near my house.,商店離我家很近。,,,,,,,,,,,,(adj.),,,,,,,,,,,AfwsPhU1W1U
國中,,,A1,,1200-介系詞-2,of,/ʌv/,…的,This is a picture of my family.,這是我家人的照片。,,,,,,,,,,,,(prep.),,,,,,,,,,,AfwsPhU1W1U
國中,,,A2,,1200-介系詞-2,off,/ɔf/,從…離開,He took his hat off before entering the room.,他進房間前摘下了帽子。,,,,,,,,,,,,(prep.),,,,,,,,,,,AfwsPhU1W1U
國中,,,A1,,1200-介系詞-2,on,/ɑn/,在…上面,The book is on the table.,書在桌子上。,,,,,,,,,,,,(prep.),,,,,,,,,,,AfwsPhU1W1U
國中,,,A2,,1200-介系詞-2,out,/aʊt/,向外,Please take the trash out.,請把垃圾拿出去。,,,,,,,,,,,,(adv.),,,,,,,,,,,AfwsPhU1W1U
國中,,,A1,,1200-介系詞-2,outside,/ˋaʊtˋsaɪd/,在外面,The children are playing outside.,孩子們在外面玩。,,,,,,,,,,,,(adv.),,,,,,,,,,,AfwsPhU1W1U
國中,,,A2,,1200-介系詞-2,over,/ˋovɚ/,在…之上,The picture hangs over the fireplace.,圖畫掛在壁爐上方。,,,,,,,,,,,,(prep.),,,,,,,,,,,AfwsPhU1W1U
國中,,,A2,,1200-介系詞-2,since,/sɪns/,從…時起,I haven’t seen her since last year.,自從去年我就沒見過她。,,,,,,,,,,,,(prep.),,,,,,,,,,,AfwsPhU1W1U
國中,,,A1,,1200-介系詞-2,than,/ðæn/,比…,She is taller than her brother.,她比她哥哥高。,,,,,,,,,,,,(conj.),,,,,,,,,,,AfwsPhU1W1U
國中,,,A2,,1200-介系詞-2,through,/θru/,自始至終,We drove through the tunnel to get to the city.,我們穿過隧道進入城市。,,,,,,,,,,,,(adv.),,,,,,,,,,,AfwsPhU1W1U
國中,,,A1,,1200-介系詞-2,to,/tu/,向，朝,She walked to the park.,她朝公園走去。,,,,,,,,,,,,(prep.),,,,,,,,,,,AfwsPhU1W1U
國中,,,A1,,1200-介系詞-2,under,/ˋʌndɚ/,在…下面,The cat is hiding under the table.,貓躲在桌子底下。,,,,,,,,,,,,(prep.),,,,,,,,,,,AfwsPhU1W1U
國中,,,A1,,1200-介系詞-2,until,/ənˋtɪl/,直到…,We waited until the rain stopped.,我們等到雨停了。,,,,,,,,,,,,(prep.),,,,,,,,,,,AfwsPhU1W1U
國中,,,A1,,1200-介系詞-2,with,/wɪð/,有；用,She walked into the room with a smile.,她帶著微笑走進房間。,,,,,,,,,,,,(prep.),,,,,,,,,,,AfwsPhU1W1U
國中,,,A2,,1200-介系詞-2,without,/wɪˋðaʊt/,沒有,You can’t go outside without an umbrella.,你不能不帶傘就出門。,,,,,,,,,,,,(prep.),,,,,,,,,,,AfwsPhU1W1U
國中,,,A1,,1200-連接詞,and,/ænd/,和；而且；然後,"We went to the library,-and-then we studied for our final exams.",我們去了圖書館，然後我們準備期末考。,,,,,,,,,,,,(conj.),,,,,,,,,,,lELiByWuHcY
國中,,,A1,,1200-連接詞,as,/æz/,像，如同,He works as a teacher.,他像老師一樣工作。,,,,,,,,,,,,(prep.),,,,,,,,,,,lELiByWuHcY
國中,,,A1,,1200-連接詞,because,/bɪˋkɔz/,因為,I stayed home because it was raining.,因為下雨，所以我待在家裡。,,,,,,,,,,,,(conj.),,,,,,,,,,,lELiByWuHcY
國中,,,A1,,1200-連接詞,but,/bʌt/,但是,"I wanted to go, but I was too tired.",我本想去，但我太累了。,,,,,,,,,,,,(conj.),,,,,,,,,,,lELiByWuHcY
國中,,,A2,,1200-連接詞,however,/haʊˋɛvɚ/,然而,"However, we still have a lot of work to do.",然而，我們仍然有很多工作要做。,,,,,,,,,,,,(adv.),,,,,,,,,,,lELiByWuHcY
國中,,,A2,,1200-連接詞,if,/ɪf/,假如,"If it rains, we will stay indoors.",如果下雨，我們就待在室內。,,,,,,,,,,,,(conj.),,,,,,,,,,,lELiByWuHcY
國中,,,A1,,1200-連接詞,or,/or/,或者,Would you like tea or coffee?,你想要茶還是咖啡？,,,,,,,,,,,,(conj.),,,,,,,,,,,lELiByWuHcY
國中,,,A2,,1200-連接詞,since,/sɪns/,從…時起,I haven’t seen her since last year.,自從去年我就沒見過她。,,,,,,,,,,,,(prep.),,,,,,,,,,,lELiByWuHcY
國中,,,A1,,1200-連接詞,than,/ðæn/,比…,She is taller than her brother.,她比她哥哥高。,,,,,,,,,,,,(conj.),,,,,,,,,,,lELiByWuHcY
國中,,,A1,,1200-連接詞,that,/ðæt/,那,That book is mine.,那本書是我的。,,,,,,,,,,,,pro(n.),,,,,,,,,,,lELiByWuHcY
國中,,,,,1200-連接詞,though (although),/ðo/,雖然,"Though it was cold, we still went outside.",雖然很冷，我們還是出門了。,,,,,,,,,,,,(conj.),,,,,,,,,,,lELiByWuHcY
國中,,,B1,,1200-其他名詞-1,action,/ˋækʃən/,活動,The government took action to improve education.,政府採取行動改善教育。,,,,,,,,,,,,(n.),,,,,,,,,,,DHjD-7Se-yM
國中,,,A1,,1200-其他名詞-1,age,/edʒ/,年齡,What is your age?,你幾歲了？,,,,,,,,,,,,(n.),,,,,,,,,,,DHjD-7Se-yM
國中,,,,,1200-其他名詞-1,American,[ə`mɛrɪkən],美國、美國人,That man is an American from New York.,那位男士是來自紐約的美國人。,,,,,,,,,,,,(n.),,,,,,,,,,,DHjD-7Se-yM
國中,,,A1,,1200-其他名詞-1,band,/bænd/,樂團,The band played some popular songs.,樂隊演奏了一些流行歌曲。,,,,,,,,,,,,(n.),n.複數：bands,,,,,,,,,,DHjD-7Se-yM
國中,,,B1,,1200-其他名詞-1,bell,/bɛl/,鈴,The bell rang at the end of the class.,下課時鈴響了。,,,,,,,,,,,,(n.),n.複數：bells,,,,,,,,,,DHjD-7Se-yM
國中,,,A1,,1200-其他名詞-1,birthday,/ˋbɝθ͵de/,生日,Today is my birthday!,今天是我的生日！,,,,,,,,,,,,(n.),,,,,,,,,,,DHjD-7Se-yM
國中,,,B1,,1200-其他名詞-1,blank,/blæŋk/,,There is a blank on the form for your phone number.,表格上有一個空格是填電話號碼的。,,,,,,,,,,,,(n.)空白,,,,,,,,,,,DHjD-7Se-yM
國中,,,A1,,1200-其他名詞-1,bottom,/ˋbɑtəm/,底部,There is a hole at the bottom of the cup.,杯子底部有一個洞。,,,,,,,,,,,,(n.),,,,,,,,,,,DHjD-7Se-yM
國中,,,A1,,1200-其他名詞-1,box,/bɑks/,箱子,The gift came in a small box.,禮物裝在一個小盒子裡。,,,,,,,,,,,,(n.),,,,,,,,,,,DHjD-7Se-yM
國中,,,A1,,1200-其他名詞-1,can,/kæn/,罐頭,I bought a can of soup for lunch.,我買了一罐湯當午餐。,,,,,,,,,,,,(n.),,,,,,,,,,,DHjD-7Se-yM
國中,,,A2,,1200-其他名詞-1,case,/kes/,例子,This is a classic case of miscommunication.,這是典型的溝通失誤的例子。,,,,,,,,,,,,(n.),,,,,,,,,,,DHjD-7Se-yM
國中,,,A2,,1200-其他名詞-1,castle,/ˋkæs!/,城堡,The castle was built hundreds of years ago.,這座城堡建於幾百年前。,,,,,,,,,,,,(n.),n.複數：castles,,,,,,,,,,DHjD-7Se-yM
國中,,,A1,,1200-其他名詞-1,cellphone,[`sɛlfon],手機,Please turn off your cellphone in class.,上課時請關掉你的手機。,,,,,,,,,,,,(n.),,,,,,,,,,,DHjD-7Se-yM
國中,,,,,1200-其他名詞-1,center,/ˋsɛntɚ/,中央,The shopping mall is in the center of the city.,購物中心位於城市的中心。,,,,,,,,,,,,(n.),,,,,,,,,,,DHjD-7Se-yM
國中,,,B1,,1200-其他名詞-1,chance,/tʃæns/,機會,You have a good chance to win the game.,你有很好的機會贏得比賽。,,,,,,,,,,,,(n.),,,,,,,,,,,DHjD-7Se-yM
國中,,,B2,,1200-其他名詞-1,cheer,/tʃɪr/,歡樂、愉快,The children’s laughter filled the room with cheer.,孩子們的笑聲讓整個房間充滿歡樂。,,,,,,,,,,,,(n.),,,,,,,,,,,DHjD-7Se-yM
國中,,,B1,,1200-其他名詞-1,choice,/tʃɔɪs/,選擇,You have a choice between tea-and-coffee.,你可以選擇茶或咖啡。,,,,,,,,,,,,(n.),,,,,,,,,,,DHjD-7Se-yM
國中,,,A2,,1200-其他名詞-1,club,/klʌb/,俱樂部,He joined a book club last month.,他上個月加入了一個讀書俱樂部。,,,,,,,,,,,,(n.),,,,,,,,,,,DHjD-7Se-yM
國中,,,A2,,1200-其他名詞-1,corner,/ˋkɔrnɚ/,角落,The cat is sitting in the corner of the room.,貓坐在房間的角落裡。,,,,,,,,,,,,(n.),,,,,,,,,,,DHjD-7Se-yM
國中,,,A2,,1200-其他名詞-1,dream,/drim/,夢,"Last night, I had a strange dream.",昨晚我做了一個奇怪的夢。,,,,,,,,,,,,(n.),,,,,,,,,,,DHjD-7Se-yM
國中,,,A1,,1200-其他名詞-2,e-mail,/ˋimel/,,I sent him an email about the meeting.,我發了一封關於會議的電子郵件給他。,,,,,,,,,,,,(n.)電子郵件,,,,,,,,,,,XG6J48UOqIU
國中,,,B2,,1200-其他名詞-2,error,/ˋɛrɚ/,錯誤,The computer made an error while processing data.,電腦在處理數據時出現了錯誤。,,,,,,,,,,,,(n.),n.複數：errors,,,,,,,,,,XG6J48UOqIU
國中,,,,,1200-其他名詞-2,eve,/iv/,前夕,Christmas Eve is the night before Christmas.,聖誕夜是聖誕節前一天晚上。,,,,,,,,,,,,(n.),,,,,,,,,,,XG6J48UOqIU
國中,,,A1,,1200-其他名詞-2,excuse,/ɪkˋskjuz/,藉口,He made an excuse for being late.,他為遲到找了一個藉口。,,,,,,,,,,,,(n.),,,,,,,,,,,XG6J48UOqIU
國中,,,B1,,1200-其他名詞-2,experience,/ɪkˋspɪrɪəns/,經驗,Traveling gives you valuable life experiences.,旅行給你寶貴的人生經驗。,,,,,,,,,,,,(n.),,,,,,,,,,,XG6J48UOqIU
國中,,,A2,,1200-其他名詞-2,fact,/fækt/,事實,It’s a fact that the earth revolves around the sun.,地球繞著太陽轉是一個事實。,,,,,,,,,,,,(n.),n.複數：facts,,,,,,,,,,XG6J48UOqIU
國中,,,A2,,1200-其他名詞-2,file,[faɪl],檔案,Please save the file before you close it.,關閉前請先儲存檔案。,,,,,,,,,,,,(n.),,,,,,,,,,,XG6J48UOqIU
國中,,,A2,,1200-其他名詞-2,fire,/faɪr/,火,Be careful with fire when camping.,露營時要小心火源。,,,,,,,,,,,,(n.),,,,,,,,,,,XG6J48UOqIU
國中,,,B1,,1200-其他名詞-2,foreigner,/ˋfɔrɪnɚ/,外國人,The foreigner couldn’t speak the local language.,這位外國人不會說當地語言。,,,,,,,,,,,,(n.),n.複數：foreigners,,,,,,,,,,XG6J48UOqIU
國中,,,A1,,1200-其他名詞-2,fun,/fʌn/,趣味,We had a lot of fun at the party.,我們在派對上玩得很開心。,,,,,,,,,,,,(n.),,,,,,,,,,,XG6J48UOqIU
國中,,,A1,,1200-其他名詞-2,flower,/ˋflaʊɚ/,康乃馨（母親節的花）,I gave mom flowers on Mother's Day.,我在母親節送媽媽花。,,,,,,,,,,,,(n.),,,,,,,,,,,XG6J48UOqIU
國中,,,B1,,1200-其他名詞-2,garbage,/ˋgɑrbɪdʒ/,垃圾,Please take out the garbage.,請把垃圾拿出去。,,,,,,,,,,,,(n.),,,,,,,,,,,XG6J48UOqIU
國中,,,A2,,1200-其他名詞-2,gas,/gæs/,瓦斯,The stove runs on gas.,爐灶使用瓦斯運行。,,,,,,,,,,,,(n.),,,,,,,,,,,XG6J48UOqIU
國中,,,B1,,1200-其他名詞-2,ghost,/gost/,鬼,The children were scared by the ghost story.,孩子們被鬼故事嚇到了。,,,,,,,,,,,,(n.),n.複數：ghosts,,,,,,,,,,XG6J48UOqIU
國中,,,A2,,1200-其他名詞-2,gift,/gɪft/,禮物,She received a beautiful gift for her birthday.,她生日時收到了一份美麗的禮物。,,,,,,,,,,,,(n.),n.複數：gifts,,,,,,,,,,XG6J48UOqIU
國中,,,A2,,1200-其他名詞-2,god,/gɑd/,上帝,People pray to God for guidance.,人們祈禱上帝指引方向。,,,,,,,,,,,,(n.),,,,,,,,,,,XG6J48UOqIU
國中,,,A1,,1200-其他名詞-2,grass,/græs/,草,The cows grazed on the green grass.,牛群在綠草地上吃草。,,,,,,,,,,,,(n.),,,,,,,,,,,XG6J48UOqIU
國中,,,B1,,1200-其他名詞-2,ground,/graʊnd/,土地,The children played on the ground.,孩子們在地上玩耍。,,,,,,,,,,,,(n.),,,,,,,,,,,XG6J48UOqIU
國中,,,A1,,1200-其他名詞-2,group,/grup/,群，組,The students formed a study group.,學生們組成了一個學習小組。,,,,,,,,,,,,(n.),,,,,,,,,,,XG6J48UOqIU
國中,,,B1,,1200-其他名詞-2,habit,/ˋhæbɪt/,習慣,Brushing your teeth every day is a good habit.,每天刷牙是一個好習慣。,,,,,,,,,,,,(n.),n.複數：habits,,,,,,,,,,XG6J48UOqIU
國中,,,A2,,1200-其他名詞-3,heat,/hit/,熱,The heat of the sun made us sweat.,太陽的熱量讓我們流汗。,,,,,,,,,,,,(n.),,,,,,,,,,,7sWJf8qxCeE
國中,,,A2,,1200-其他名詞-3,honey,/ˋhʌnɪ/,蜂蜜,She put honey on her toast.,她在吐司上抹了蜂蜜。,,,,,,,,,,,,(n.),n.複數：honeys,,,,,,,,,,7sWJf8qxCeE
國中,,,A2,,1200-其他名詞-3,idea,/aɪˋdiə/,想法,I have an idea for our next project.,我對我們的下一個項目有一個想法。,,,,,,,,,,,,(n.),,,,,,,,,,,7sWJf8qxCeE
國中,,,B1,,1200-其他名詞-3,interest,/ˋɪntərɪst/,興趣,She has a strong interest in art.,她對藝術有濃厚的興趣。,,,,,,,,,,,,(n.),,,,,,,,,,,7sWJf8qxCeE
國中,,,,,1200-其他名詞-3,Internet (Net),/ˋɪntɚ͵nɛt/,網路,You can find almost anything on the Internet.,你幾乎可以在網路上找到任何東西。,,,,,,,,,,,,(n.),,,,,,,,,,,7sWJf8qxCeE
國中,,,B1,,1200-其他名詞-3,interview,/ˋɪntɚ͵vju/,訪問,She has an interview for a new job tomorrow.,她明天有一場新工作的面試。,,,,,,,,,,,,(n.),,,,,,,,,,,7sWJf8qxCeE
國中,,,B1,,1200-其他名詞-3,item,/ˋaɪtəm/,項目,Each item on the list needs to be checked.,清單上的每個項目都需要檢查。,,,,,,,,,,,,(n.),n.複數：items,,,,,,,,,,7sWJf8qxCeE
國中,,,B1,,1200-其他名詞-3,joke,/dʒok/,笑話,He told a funny joke that made everyone laugh.,他講了一個有趣的笑話，讓大家都笑了。,,,,,,,,,,,,(n.),,,,,,,,,,,7sWJf8qxCeE
國中,,,B2,,1200-其他名詞-3,joy,/dʒɔɪ/,喜悅,The birth of a child brings great joy to the family.,孩子的出生給家庭帶來了巨大的喜悅。,,,,,,,,,,,,(n.),,,,,,,,,,,7sWJf8qxCeE
國中,,,A1,,1200-其他名詞-3,kind,/kaɪnd/,種類,There are many kinds of fruit in the market.,市場上有許多種水果。,,,,,,,,,,,,(n.),,,,,,,,,,,7sWJf8qxCeE
國中,,,B1,,1200-其他名詞-3,leader,/ˋlidɚ/,領袖,A good leader inspires others.,一位好的領導者會激勵他人。,,,,,,,,,,,,(n.),,,,,,,,,,,7sWJf8qxCeE
國中,,,A2,,1200-其他名詞-3,level,/ˋlɛv!/,水準,His English is at an advanced level.,他的英語水平很高。,,,,,,,,,,,,(n.),,,,,,,,,,,7sWJf8qxCeE
國中,,,A2,,1200-其他名詞-3,mail,/mel/,郵件,I received an important mail today.,我今天收到了一封重要的郵件。,,,,,,,,,,,,(n.),,,,,,,,,,,7sWJf8qxCeE
國中,,,A2,,1200-其他名詞-3,matter,/ˋmætɚ/,事情,What’s the matter with you?,你怎麼了？,,,,,,,,,,,,(n.),,,,,,,,,,,7sWJf8qxCeE
國中,,,A2,,1200-其他名詞-3,meeting,/ˋmitɪŋ/,會議,We have a meeting scheduled for tomorrow morning.,我們明天早上有一個會議安排。,,,,,,,,,,,,(n.),n.複數：meetings,,,,,,,,,,7sWJf8qxCeE
國中,,,A2,,1200-其他名詞-3,member,/ˋmɛmbɚ/,會員,She is a member of the book club.,她是讀書俱樂部的會員。,,,,,,,,,,,,(n.),,,,,,,,,,,7sWJf8qxCeE
國中,,,,,1200-其他名詞-3,metro,['mɛtro],捷運,We can take the metro to the zoo.,我們可以搭捷運去動物園。,,,,,,,,,,,,(n.),,,,,,,,,,,7sWJf8qxCeE
國中,,,A2,,1200-其他名詞-3,mind,/maɪnd/,想法、意見,He changed his mind and decided to stay.,他改變主意，決定留下來。,,,,,,,,,,,,(n.),,,,,,,,,,,7sWJf8qxCeE
國中,,,A2,,1200-其他名詞-3,mistake,/mɪˋstek/,錯誤,Everyone makes mistakes sometimes.,每個人有時都會犯錯。,,,,,,,,,,,,(n.),,,,,,,,,,,7sWJf8qxCeE
國中,,,B2,,1200-其他名詞-3,mud,/mʌd/,泥濘,The ground was covered with mud after the rain.,雨後地面滿是泥濘。,,,,,,,,,,,,(n.),,,,,,,,,,,7sWJf8qxCeE
國中,,,A2,,1200-其他名詞-4,news,/njuz/,新聞,Did you hear the latest news?,你聽到最新的新聞了嗎？,,,,,,,,,,,,(n.),n.複數：the news,,,,,,,,,,A8NyJcZhDFQ
國中,,,A1,,1200-其他名詞-4,newspaper,/ˋnjuz͵pepɚ/,報紙,I read the newspaper every morning.,我每天早上都讀報紙。,,,,,,,,,,,,(n.),n.複數：newspapers,,,,,,,,,,A8NyJcZhDFQ
國中,,,A1,,1200-其他名詞-4,noise,/nɔɪz/,噪音,The noise from the construction site is loud.,建築工地的噪音很大。,,,,,,,,,,,,(n.),n.複數：noises,,,,,,,,,,A8NyJcZhDFQ
國中,,,A1,,1200-其他名詞-4,note,/not/,便條,She left a note on the table.,她在桌上留了一張便條。,,,,,,,,,,,,(n.),,,,,,,,,,,A8NyJcZhDFQ
國中,,,A2,,1200-其他名詞-4,order,/ˋɔrdɚ/,命令,The soldier followed the captain’s order.,士兵遵從了上尉的命令。,,,,,,,,,,,,(n.),,,,,,,,,,,A8NyJcZhDFQ
國中,,,A1,,1200-其他名詞-4,party,/ˋpɑrtɪ/,派對,We’re having a birthday party tonight.,我們今晚有一個生日派對。,,,,,,,,,,,,(n.),,,,,,,,,,,A8NyJcZhDFQ
國中,,,A1,,1200-其他名詞-4,photo,/ˋfoto/,照片,She took a photo of the sunset.,她拍了一張日落的照片。,,,,,,,,,,,,(n.),,,,,,,,,,,A8NyJcZhDFQ
國中,,,B1,,1200-其他名詞-4,pin,/pɪn/,別針,She used a pin to hold the papers together.,她用別針把文件夾在一起。,,,,,,,,,,,,(n.),,,,,,,,,,,A8NyJcZhDFQ
國中,,,B1,,1200-其他名詞-4,pipe,/paɪp/,煙斗,He smoked a pipe after dinner.,他晚餐後抽了煙斗。,,,,,,,,,,,,(n.),,,,,,,,,,,A8NyJcZhDFQ
國中,,,B1,,1200-其他名詞-4,planet,/ˋplænɪt/,行星,Earth is the third planet from the sun.,地球是距離太陽第三顆行星。,,,,,,,,,,,,(n.),n.複數：planets,,,,,,,,,,A8NyJcZhDFQ
國中,,,A1,,1200-其他名詞-4,player,/ˋpleɚ/,運動員,He is a professional soccer player.,他是職業足球運動員。,,,,,,,,,,,,(n.),n.複數：players,,,,,,,,,,A8NyJcZhDFQ
國中,,,B1,,1200-其他名詞-4,pleasure,[`plɛʒər],樂趣;榮幸,It's a pleasure to meet new friends.,認識新朋友是一件開心的事。,,,,,,,,,,,,(n.),n.複數：pleasures,,,,,,,,,,A8NyJcZhDFQ
國中,,,B1,,1200-其他名詞-4,power,/ˋpaʊɚ/,力量,Knowledge is power.,知識就是力量。,,,,,,,,,,,,(n.),,,,,,,,,,,A8NyJcZhDFQ
國中,,,A2,,1200-其他名詞-4,prize,/praɪz/,獎,She won first prize in the competition.,她在比賽中獲得了一等獎。,,,,,,,,,,,,(n.),,,,,,,,,,,A8NyJcZhDFQ
國中,,,A2,,1200-其他名詞-4,program,/ˋprogræm/,節目,What’s your favorite TV program?,你最喜歡的電視節目是什麼？,,,,,,,,,,,,(n.),,,,,,,,,,,A8NyJcZhDFQ
國中,,,A2,,1200-其他名詞-4,reason,/ˋrizn/,理由,What’s the reason for your decision?,你做這個決定的理由是什麼？,,,,,,,,,,,,(n.),,,,,,,,,,,A8NyJcZhDFQ
國中,,,A2,,1200-其他名詞-4,report,/rɪˋport/,報告,The teacher asked for a written report.,老師要求一份書面報告。,,,,,,,,,,,,(n.),,,,,,,,,,,A8NyJcZhDFQ
國中,,,B1,,1200-其他名詞-4,robot,/ˋrobət/,機器人,The factory uses robots to assemble products.,工廠使用機器人來組裝產品。,,,,,,,,,,,,(n.),n.複數：robots,,,,,,,,,,A8NyJcZhDFQ
國中,,,A2,,1200-其他名詞-4,rock,/rɑk/,石塊,He threw a rock into the lake.,他把一塊石頭扔進湖裡。,,,,,,,,,,,,(n.),,,,,,,,,,,A8NyJcZhDFQ
國中,,,B2,,1200-其他名詞-4,root,/rut/,根,The roots of the tree are deep in the ground.,樹根深埋在地下。,,,,,,,,,,,,(n.),,,,,,,,,,,A8NyJcZhDFQ
國中,,,B2,,1200-其他名詞-5,rope,/rop/,繩子,He tied the package with a rope.,他用繩子捆綁包裹。,,,,,,,,,,,,(n.),,,,,,,,,,,CvS-FciCyx4
國中,,,B1,,1200-其他名詞-5,rose,/roz/,玫瑰,She received a bouquet of roses for her birthday.,她生日時收到了一束玫瑰。,,,,,,,,,,,,(n.),n.複數：roses,,,,,,,,,,CvS-FciCyx4
國中,,,B1,,1200-其他名詞-5,rule,/rul/,規則、原則,You must follow the rules of the game.,你必須遵守遊戲規則。,,,,,,,,,,,,(n.),,,,,,,,,,,CvS-FciCyx4
國中,,,A2,,1200-其他名詞-5,sale,/sel/,出售,There’s a big sale at the mall this weekend.,這週末商場有大減價。,,,,,,,,,,,,(n.),,,,,,,,,,,CvS-FciCyx4
國中,,,A2,,1200-其他名詞-5,screen,/skrin/,螢幕,The movie was shown on a large screen.,電影在大螢幕上放映。,,,,,,,,,,,,(n.),n.複數：screens,,,,,,,,,,CvS-FciCyx4
國中,,,A2,,1200-其他名詞-5,seat,/sit/,座位,Please take your seat before the show starts.,請在演出開始前入座。,,,,,,,,,,,,(n.),,,,,,,,,,,CvS-FciCyx4
國中,,,B2,,1200-其他名詞-5,seed,/sid/,種子,She planted a seed in the garden.,她在花園裡種下了一顆種子。,,,,,,,,,,,,(n.),n.複數：seeds,,,,,,,,,,CvS-FciCyx4
國中,,,A1,,1200-其他名詞-5,sentence,/ˋsɛntəns/,句子,Write a complete sentence for each question.,每個問題寫一個完整的句子。,,,,,,,,,,,,(n.),,,,,,,,,,,CvS-FciCyx4
國中,,,B1,,1200-其他名詞-5,service,/ˋsɝvɪs/,服務,The hotel provides excellent customer service.,這家酒店提供優質的顧客服務。,,,,,,,,,,,,(n.),n.複數：services,,,,,,,,,,CvS-FciCyx4
國中,,,A2,,1200-其他名詞-5,set,/sɛt/,一套，一組,She bought a new set of dishes.,她買了一套新餐具。,,,,,,,,,,,,(n.),,,,,,,,,,,CvS-FciCyx4
國中,,,A2,,1200-其他名詞-5,side,/saɪd/,面,The cat is sitting on the side of the road.,貓坐在路邊。,,,,,,,,,,,,(n.),,,,,,,,,,,CvS-FciCyx4
國中,,,B1,,1200-其他名詞-5,sight,/saɪt/,視力,Her sight improved after wearing glasses.,她戴眼鏡後視力改善了。,,,,,,,,,,,,(n.),,,,,,,,,,,CvS-FciCyx4
國中,,,B1,,1200-其他名詞-5,smile,/smaɪl/,微笑,His smile made me feel better.,他的笑容讓我覺得好多了。,,,,,,,,,,,,(n.),v.過去式：smiled；過去分詞：smiled；現在分詞：smiling | n.複數：smiles,,,,,,,,,,CvS-FciCyx4
國中,,,A2,,1200-其他名詞-5,space,/spes/,空間,There’s not enough space in the room.,房間裡空間不夠。,,,,,,,,,,,,(n.),,,,,,,,,,,CvS-FciCyx4
國中,,,A2,,1200-其他名詞-5,story,/ˋstorɪ/,故事,She told me a funny story.,她告訴我一個有趣的故事。,,,,,,,,,,,,(n.),n.複數：stories,,,,,,,,,,CvS-FciCyx4
國中,,,B2,,1200-其他名詞-5,string,[strɪŋ],串；線,He tied the package with a piece of string.,他用一條細繩綁住了包裹。,,,,,,,,,,,,(n.),n.複數：strings,,,,,,,,,,CvS-FciCyx4
國中,,,A1,,1200-其他名詞-5,subject,/ˋsʌbdʒɪkt/,科目,Math is my favorite subject.,數學是我最喜歡的科目。,,,,,,,,,,,,(n.),n.複數：subjects,,,,,,,,,,CvS-FciCyx4
國中,,,B2,,1200-其他名詞-5,swing,/swɪŋ/,鞦韆,My little sister loves playing on the swing in the park every afternoon.,我妹妹每天下午都喜歡在公園的鞦韆上玩。,,,,,,,,,,,,(n.),,,,,,,,,,,CvS-FciCyx4
國中,,,A1,,1200-其他名詞-5,thing,/θɪŋ/,事情,What’s the most important thing in life?,人生中最重要的事情是什麼？,,,,,,,,,,,,(n.),,,,,,,,,,,CvS-FciCyx4
國中,,,A1,,1200-其他名詞-5,ticket,/ˋtɪkɪt/,票,I bought a ticket for the concert.,我買了一張音樂會的票。,,,,,,,,,,,,(n.),n.複數：tickets,,,,,,,,,,CvS-FciCyx4
國中,,,B1,,1200-其他名詞-6,tip,/tɪp/,祕訣,Here’s a tip for cooking pasta: add salt to the water.,這是煮義大利麵的小技巧：在水裡加鹽。,,,,,,,,,,,,(n.),,,,,,,,,,,FIJn23B13Fo
國中,,,,,1200-其他名詞-6,tool,/tul/,工具,He used a hammer as a tool to fix the shelf.,他用錘子作為工具修理架子。,,,,,,,,,,,,(n.),n.複數：tools,,,,,,,,,,FIJn23B13Fo
國中,,,B1,,1200-其他名詞-6,topic,/ˋtɑpɪk/,主題,The topic of the discussion was climate change.,討論的主題是氣候變化。,,,,,,,,,,,,(n.),n.複數：topics,,,,,,,,,,FIJn23B13Fo
國中,,,B1,,1200-其他名詞-6,trash,/træʃ/,垃圾,Please take out the trash.,請把垃圾拿出去。,,,,,,,,,,,,(n.),,,,,,,,,,,FIJn23B13Fo
國中,,,B2,,1200-其他名詞-6,treat,/trit/,享受、款待,This chocolate cake is a real treat!,這個巧克力蛋糕真是一大享受！,,,,,,,,,,,,(n.),,,,,,,,,,,FIJn23B13Fo
國中,,,A1,,1200-其他名詞-6,tree,/tri/,樹,The tree provides shade in the summer.,這棵樹在夏天提供陰涼。,,,,,,,,,,,,(n.),,,,,,,,,,,FIJn23B13Fo
國中,,,B1,,1200-其他名詞-6,trick,/trɪk/,惡作劇,He played a trick on his friend.,他對朋友開了個玩笑。,,,,,,,,,,,,(n.),,,,,,,,,,,FIJn23B13Fo
國中,,,B1,,1200-其他名詞-6,trouble,/ˋtrʌb!/,麻煩,Don’t get into trouble at school.,不要在學校惹麻煩。,,,,,,,,,,,,(n.),,,,,,,,,,,FIJn23B13Fo
國中,,,B1,,1200-其他名詞-6,voice,/vɔɪs/,聲音,Her voice is soft-and-gentle.,她的聲音柔和溫柔。,,,,,,,,,,,,(n.),,,,,,,,,,,FIJn23B13Fo
國中,,,A2,,1200-其他名詞-6,way,/we/,方式,There are many ways to solve this problem.,有很多方法可以解決這個問題。,,,,,,,,,,,,(n.),n.複數：ways,,,,,,,,,,FIJn23B13Fo
國中,,,A1,,1200-其他名詞-6,word,/wɝd/,字,Can you spell this word correctly?,你能正確拼寫這個字嗎？,,,,,,,,,,,,(n.),n.複數：words,,,,,,,,,,FIJn23B13Fo
國中,,,A1,,1200-其他動詞-1,feel,/fil/,感覺,I feel happy today.,我今天感覺很快樂。,,,,,,,,,,,,(v.),,,,,,,,,,,vpvzc_8vNoM
國中,,,A1,,1200-其他動詞-1,hear,/hɪr/,聽,Did you hear that noise?,你聽到那個聲音了嗎？,,,,,,,,,,,,(v.),,,,,,,,,,,vpvzc_8vNoM
國中,,,A1,,1200-其他動詞-1,listen,/ˋlɪsn/,聽,Listen carefully to the teacher’s instructions.,認真聽老師的指示。,,,,,,,,,,,,(v.),v.過去式：listened；過去分詞：listened；現在分詞：listening,,,,,,,,,,vpvzc_8vNoM
國中,,,A1,,1200-其他動詞-1,look,/lʊk/,看,Look at the beautiful sunset!,看那美麗的日落！,,,,,,,,,,,,(v.),,,,,,,,,,,vpvzc_8vNoM
國中,,,A1,,1200-其他動詞-1,see,/si/,看見,I can see the mountains from my window.,我能從我的窗戶看到山脈。,,,,,,,,,,,,(v.),v.過去式：saw；過去分詞：seen；現在分詞：seeing,,,,sea (海),,,,,,vpvzc_8vNoM
國中,,,B1,,1200-其他動詞-1,smell,/smɛl/,聞,I can smell something burning in the kitchen.,我聞到廚房裡有東西燒焦的味道。,,,,,,,,,,,,(v.),,,,,,,,,,,vpvzc_8vNoM
國中,,,A2,,1200-其他動詞-1,sound,/saʊnd/,嚐,That sounds like a great idea!,這聽起來是個好主意！,,,,,,,,,,,,(v.),,,,,,,,,,,vpvzc_8vNoM
國中,,,B1,,1200-其他動詞-1,taste,/test/,味道,This pear tastes sweet.,這梨子味道很甜。,,,,,,,,,,,,(v.),,,,,,,,,,,vpvzc_8vNoM
國中,,,A1,,1200-其他動詞-1,watch,/wɑtʃ/,觀看,The children watched their favorite cartoon.,孩子們觀看了他們最喜歡的卡通。,,,,,,,,,,,,(v.),,,,,,,,,,,vpvzc_8vNoM
國中,,,A1,,1200-其他動詞-1,check,/tʃɛk/,檢查,Please check your answers before submitting.,提交前請檢查您的答案。,,,,,,,,,,,,(v.),,,,,,,,,,,vpvzc_8vNoM
國中,,,A1,,1200-其他動詞-1,end,/ɛnd/,結束,The movie ended with a surprising twist.,這部電影以驚人的轉折結束。,,,,,,,,,,,,(v.),,,,,,,,,,,vpvzc_8vNoM
國中,,,A1,,1200-其他動詞-1,finish,/ˋfɪnɪʃ/,結束,We need to finish the work before noon.,我們需要在中午前完成工作。,,,,,,,,,,,,(v.),,,,,,,,,,,vpvzc_8vNoM
國中,,,A2,,1200-其他動詞-1,believe,/bɪˋliv/,相信,I believe you will succeed.,我相信你會成功。,,,,,,,,,,,,(v.),v.過去式：believed；過去分詞：believed；現在分詞：believing,,,,,,,,,,vpvzc_8vNoM
國中,,,A1,,1200-其他動詞-1,forget,/fɚˋgɛt/,忘記,I always forget where I put my keys.,我總是忘記我把鑰匙放在哪裡。,,,,,,,,,,,,(v.),v.過去式：forgot；過去分詞：forgotten；現在分詞：forgetting,,,remember,,,,,,,vpvzc_8vNoM
國中,,,A2,,1200-其他動詞-1,guess,/gɛs/,猜測,Can you guess what I’m thinking?,你能猜到我在想什麼嗎？,,,,,,,,,,,,(v.),,,,,,,,,,,vpvzc_8vNoM
國中,,,A2,,1200-其他動詞-1,hate,/het/,憎恨,I hate when people are late.,我討厭人們遲到。,,,,,,,,,,,,(v.),,,,,,,,,,,vpvzc_8vNoM
國中,,,A2,,1200-其他動詞-1,hope,/hop/,希望；期待,I hope you have a wonderful day.,我希望你有美好的一天。,,,,,,,,,,,,(v.),,,,,,,,,,,vpvzc_8vNoM
國中,,,A1,,1200-其他動詞-1,know,/no/,知道,Do you know where the nearest gas station is?,你知道最近的加油站在哪裡嗎？,,,,,,,,,,,,(v.),v.過去式：knew；過去分詞：known；現在分詞：knowing,,,,no (不),,,,,,vpvzc_8vNoM
國中,,,A1,,1200-其他動詞-1,like,/laɪk/,喜歡,I like to drink coffee in the morning.,我喜歡早上喝咖啡。,,,,,,,,,,,,(v.),,,,,,,,,,,vpvzc_8vNoM
國中,,,A1,,1200-其他動詞-1,love,/lʌv/,,I love my family more than anything.,我最愛我的家人。,,,,,,,,,,,,(v.),,,,,,,,,,,vpvzc_8vNoM
國中,,,A2,,1200-其他動詞-2,mind,/maɪnd/,介意,Do you mind if I open the window?,你介意我開窗嗎？,,,,,,,,,,,,(v.),,,,,,,,,,,XgY6gl9z0_U
國中,,,A1,,1200-其他動詞-2,need,/nid/,需要,We need more time to finish the project.,我們需要更多時間來完成這個項目。,,,,,,,,,,,,(v.),,,,,,,,,,,XgY6gl9z0_U
國中,,,A2,,1200-其他動詞-2,notice,/ˋnotɪs/,注意到,Did you notice the mistake in the report?,你注意到報告中的錯誤了嗎？,,,,,,,,,,,,(v.),,,,,,,,,,,XgY6gl9z0_U
國中,,,A1,,1200-其他動詞-2,remember,/rɪˋmɛmbɚ/,記得,Do you remember my name?,你還記得我的名字嗎？,,,,,,,,,,,,(v.),v.過去式：remembered；過去分詞：remembered；現在分詞：remembering,,,forget,,,,,,,XgY6gl9z0_U
國中,,,A2,,1200-其他動詞-2,surprise,/sɚˋpraɪz/,驚訝,Her visit surprised me.,她的到訪讓我感到驚訝。,,,,,,,,,,,,(v.),,,,,,,,,,,XgY6gl9z0_U
國中,,,A1,,1200-其他動詞-2,think,/θɪŋk/,想,I think it’s going to rain today.,我認為今天會下雨。,,,,,,,,,,,,(v.),,,,,,,,,,,XgY6gl9z0_U
國中,,,A1,,1200-其他動詞-2,want,/wɑnt/,想要,I want to eat pizza tonight.,我今晚想吃披薩。,,,,,,,,,,,,(v.),,,,,,,,,,,XgY6gl9z0_U
國中,,,A2,,1200-其他動詞-2,wish,/wɪʃ/,希望,I wish you all the best in your new job.,我祝你在新工作中一切順利。,,,,,,,,,,,,(v.),,,,,,,,,,,XgY6gl9z0_U
國中,,,A2,,1200-其他動詞-2,worry,/ˋwɝɪ/,擔心,Don’t worry; everything will be fine.,別擔心，一切都會好起來的。,,,,,,,,,,,,(v.),,,,,,,,,,,XgY6gl9z0_U
國中,,,B1,,1200-其他動詞-2,act,/ækt/,行動、行為,"It’s time to act, not just talk. ",是該行動的時候了，不只是說說而已。,,,,,,,,,,,,(v.),,,,,,,,,,,XgY6gl9z0_U
國中,,,B1,,1200-其他動詞-2,blow,/blo/,吹,The wind blew strongly last night.,昨晚風吹得很猛。,,,,,,,,,,,,(v.),v.過去式：blew；過去分詞：blown；現在分詞：blowing,,,,,,,,,,XgY6gl9z0_U
國中,,,B2,,1200-其他動詞-2,bow,/bo/,鞠躬；彎腰,The performers bowed to the audience.,表演者向觀眾鞠躬。,,,,,,,,,,,,(v.),,,,,,,,,,,XgY6gl9z0_U
國中,,,A2,,1200-其他動詞-2,break,/brek/,弄壞,Be careful not to break the glass.,小心別把玻璃弄破了。,,,,,,,,,,,,(v.),,,,,,,,,,,XgY6gl9z0_U
國中,,,A2,,1200-其他動詞-2,bring,/brɪŋ/,帶來,"Bring me that book, please.",請把那本書拿給我。,,,,,,,,,,,,(v.),,,,,,,,,,,XgY6gl9z0_U
國中,,,A2,,1200-其他動詞-2,brush,/brʌʃ/,刷；梳理,Remember to brush your teeth twice a day.,記得每天刷牙兩次。,,,,,,,,,,,,(v.),,,,,,,,,,,XgY6gl9z0_U
國中,,,A1,,1200-其他動詞-2,carry,/ˋkærɪ/,拿，運送,She carried the books to the library.,她把書搬到圖書館。,,,,,,,,,,,,(v.),,,,,,,,,,,XgY6gl9z0_U
國中,,,A1,,1200-其他動詞-2,catch,/kætʃ/,追捕,The police caught the thief.,警察抓住了小偷。,,,,,,,,,,,,(v.),,,,,,,,,,,XgY6gl9z0_U
國中,,,B2,,1200-其他動詞-2,cheat,/tʃit/,欺騙,He tried to cheat on the test.,他試圖在考試中作弊。,,,,,,,,,,,,(v.),,,,,,,,,,,XgY6gl9z0_U
國中,,,A1,,1200-其他動詞-2,choose,/tʃuz/,選擇,I chose the blue shirt instead of the red one.,我選擇了藍色襯衫而不是紅色的。,,,,,,,,,,,,(v.),v.過去式：chose；過去分詞：chosen；現在分詞：choosing,,,,,,,,,,XgY6gl9z0_U
國中,,,B1,,1200-其他動詞-2,clap,/klæp/,拍(手),The audience clapped after the performance.,觀眾在表演結束後鼓掌。,,,,,,,,,,,,(v.),,,,,,,,,,,XgY6gl9z0_U
國中,,,A1,,1200-其他動詞-3,close,/kloz/,關,Please close the door behind you.,請關上你身後的門。,,,,,,,,,,,,(v.),,,,,,,,,,,vpvzc_8vNoM
國中,,,A1,,1200-其他動詞-3,come,/kʌm/,來,Come here-and-see this!,過來看看這個！,,,,,,,,,,,,(v.),,,,,,,,,,,vpvzc_8vNoM
國中,,,A2,,1200-其他動詞-3,collect,/kəˋlɛkt/,收集,She likes to collect stamps.,她喜歡收集郵票。,,,,,,,,,,,,(v.),v.過去式：collected；過去分詞：collected；現在分詞：collecting,,,,,,,,,,vpvzc_8vNoM
國中,,,A2,,1200-其他動詞-3,correct,/kəˋrɛkt/,改正；糾正,The teacher corrected our mistakes.,老師糾正了我們的錯誤。,,,,,,,,,,,,(v.),,,,,,,,,,,vpvzc_8vNoM
國中,,,A2,,1200-其他動詞-3,copy,/ˋkɑpɪ/,複製,Can you copy this document for me?,你能幫我複製這份文件嗎？,,,,,,,,,,,,(v.),,,,,,,,,,,vpvzc_8vNoM
國中,,,B1,,1200-其他動詞-3,count,/kaʊnt/,計數,Let’s count how many people are here.,讓我們數一下這裡有多少人。,,,,,,,,,,,,(v.),,,,,,,,,,,vpvzc_8vNoM
國中,,,A2,,1200-其他動詞-3,cover,/ˋkʌvɚ/,覆蓋,He covered the table with a cloth.,他用布覆蓋了桌子。,,,,,,,,,,,,(v.),,,,,,,,,,,vpvzc_8vNoM
國中,,,A2,,1200-其他動詞-3,cry,/kraɪ/,哭,The baby cried all night.,嬰兒哭了一整夜。,,,,,,,,,,,,(v.),,,,,,,,,,,vpvzc_8vNoM
國中,,,A2,,1200-其他動詞-3,cut,/kʌt/,切割,He cut the paper into small pieces.,他把紙切成小塊。,,,,,,,,,,,,(v.),,,,,,,,,,,vpvzc_8vNoM
國中,,,B1,,1200-其他動詞-3,dig,/dɪg/,挖掘,They dug a hole in the ground.,他們在地上挖了一個洞。,,,,,,,,,,,,(v.),,,,,,,,,,,vpvzc_8vNoM
國中,,,B2,,1200-其他動詞-3,define,[dɪˈfaɪn],定義,Can you define this word in English?,你可以用英文為這個字下定義嗎？,,,,,,,,,,,,(v.),v.過去式：defined；過去分詞：defined；現在分詞：defining,,,,,,,,,,vpvzc_8vNoM
國中,,,B1,,1200-其他動詞-3,drop,/drɑp/,落下,Be careful not to drop the glass.,小心別把玻璃杯掉下來。,,,,,,,,,,,,(v.),,,,,,,,,,,vpvzc_8vNoM
國中,,,A2,,1200-其他動詞-3,enter,/ˋɛntɚ/,進入,Please enter the room quietly.,請安靜地進入房間。,,,,,,,,,,,,(v.),,,,,,,,,,,vpvzc_8vNoM
國中,,,B1,,1200-其他動詞-3,feed,/fid/,餵養,She feeds her cat twice a day.,她一天餵她的貓兩次。,,,,,,,,,,,,(v.),,,,,,,,,,,vpvzc_8vNoM
國中,,,B1,,1200-其他動詞-3,fight,/faɪt/,戰鬥；打架,The soldiers fight bravely in the war.,士兵們在戰爭中勇敢地戰鬥。,,,,,,,,,,,,(v.),,,,,,,,,,,vpvzc_8vNoM
國中,,,A2,,1200-其他動詞-3,follow,/ˋfɑlo/,跟隨,Please follow me to the classroom.,請跟我到教室去。,,,,,,,,,,,,(v.),,,,,,,,,,,vpvzc_8vNoM
國中,,,B1,,1200-其他動詞-3,fry,/fraɪ/,油炸,She fried some chicken for dinner.,她晚餐炸了一些雞肉。,,,,,,,,,,,,(v.),,,,,,,,,,,vpvzc_8vNoM
國中,,,A1,,1200-其他動詞-3,go,/go/,去,Let’s go to the park!,我們去公園吧！,,,,,,,,,,,,(v.),,,,,,,,,,,vpvzc_8vNoM
國中,,,A2,,1200-其他動詞-3,grow,/gro/,生長,Plants grow faster in the spring.,植物在春天生長得更快。,,,,,,,,,,,,(v.),,,,,,,,,,,vpvzc_8vNoM
國中,,,A1,,1200-其他動詞-3,hand,/hænd/,遞給；交給,Please hand me that book.,請把那本書遞給我。,,,,,,,,,,,,(v.),,,,,,,,,,,vpvzc_8vNoM
國中,,,B1,,1200-其他動詞-4,hang,/hæŋ/,掛,She hung the picture on the wall.,她把畫掛在牆上。,,,,,,,,,,,,(v.),,,,,,,,,,,9Fr3oDqqfHE
國中,,,A1,,1200-其他動詞-4,help,/hɛlp/,幫助；協助,Can you help me with this problem?,你能幫我解決這個問題嗎？,,,,,,,,,,,,(v.),,,,,,,,,,,9Fr3oDqqfHE
國中,,,A2,,1200-其他動詞-4,hit,/hɪt/,打,He hit the ball with the bat.,他用球棒擊球。,,,,,,,,,,,,(v.),,,,,,,,,,,9Fr3oDqqfHE
國中,,,A2,,1200-其他動詞-4,hold,/hold/,抓住,Hold the rope tightly so you don’t fall.,牢牢抓住繩子，這樣你就不會掉下去。,,,,,,,,,,,,(v.),,,,,,,,,,,9Fr3oDqqfHE
國中,,,B1,,1200-其他動詞-4,hunt,/hʌnt/,狩獵,Hunters hunt animals in the forest.,獵人在森林裡狩獵動物。,,,,,,,,,,,,(v.),,,,,,,,,,,9Fr3oDqqfHE
國中,,,A2,,1200-其他動詞-4,hurry,/ˋhɝɪ/,匆忙,"Hurry up, or we’ll be late!",快點，否則我們會遲到！,,,,,,,,,,,,(v.),,,,,,,,,,,9Fr3oDqqfHE
國中,,,A2,,1200-其他動詞-4,jump,/dʒʌmp/,跳,The children jumped with excitement.,孩子們興奮地跳了起來。,,,,,,,,,,,,(v.),,,,,,,,,,,9Fr3oDqqfHE
國中,,,A1,,1200-其他動詞-4,kick,/kɪk/,踢,He kicked the ball into the goal.,他把球踢進了球門。,,,,,,,,,,,,(v.),v.過去式：kicked；過去分詞：kicked；現在分詞：kicking | n.複數：kicks,,,,,,,,,,9Fr3oDqqfHE
國中,,,B1,,1200-其他動詞-4,knock,/nɑk/,敲,Someone knocked on the door.,有人敲門。,,,,,,,,,,,,(v.),,,,,,,,,,,9Fr3oDqqfHE
國中,,,A2,,1200-其他動詞-4,kill,/kɪl/,殺死,It’s illegal to kill animals for fun.,出於娛樂目的殺死動物是非法的。,,,,,,,,,,,,(v.),,,,,,,,,,,9Fr3oDqqfHE
國中,,,A2,,1200-其他動詞-4,kiss,/kɪs/,親吻,The mother kissed her child goodnight.,母親親吻孩子道晚安。,,,,,,,,,,,,(v.),,,,,,,,,,,9Fr3oDqqfHE
國中,,,A2,,1200-其他動詞-4,laugh,/læf/,笑；大笑,The joke made everyone laugh.,這個笑話讓每個人都笑了。,,,,,,,,,,,,(v.),,,,,,,,,,,9Fr3oDqqfHE
國中,,,A1,,1200-其他動詞-4,leave,/liv/,離開,It’s time to leave for the airport.,是時候出發去機場了。,,,,,,,,,,,,(v.),,,,,,,,,,,9Fr3oDqqfHE
國中,,,A2,,1200-其他動詞-4,list,/lɪst/,把…列表,Let’s list all the things we need to buy.,讓我們列出所有需要買的東西。,,,,,,,,,,,,(v.),,,,,,,,,,,9Fr3oDqqfHE
國中,,,A1,,1200-其他動詞-4,make,/mek/,做,Let’s make a cake for dessert.,讓我們做一個蛋糕當甜點吧。,,,,,,,,,,,,(v.),,,,,,,,,,,9Fr3oDqqfHE
國中,,,A1,,1200-其他動詞-4,meet,/mit/,見面,Let’s meet at the café after work.,下班後我們在咖啡館見面吧。,,,,,,,,,,,,(v.),,,,,,,,,,,9Fr3oDqqfHE
國中,,,A1,,1200-其他動詞-4,miss,/mɪs/,想念；錯過,I miss my family when I'm away from home.,當我離家時，我想念我的家人。,,,,,,,,,,,,(v.),,,,,,,,,,,9Fr3oDqqfHE
國中,,,A2,,1200-其他動詞-4,move,/muv/,移動,Please move the chair closer to the table.,請把椅子移得靠近桌子一點。,,,,,,,,,,,,(v.),v.過去式：moved；過去分詞：moved；現在分詞：moving,,,,,,,,,,9Fr3oDqqfHE
國中,,,A1,,1200-其他動詞-4,open,/ˋopən/,打開,Please open the window; it’s too hot in here.,請打開窗戶，這裡太熱了。,,,,,,,,,,,,(v.),,,,,,,,,,,9Fr3oDqqfHE
國中,,,A2,,1200-其他動詞-4,pack,/pæk/,打包,She packed her clothes for the trip.,她為旅行打包了衣服。,,,,,,,,,,,,(v.),,,,,,,,,,,9Fr3oDqqfHE
國中,,,A1,,1200-其他動詞-5,park,/pɑrk/,停車,You can park your car in the garage.,你可以把車停在車庫裡。,,,,,,,,,,,,(v.),,,,,,,,,,,rVBNSJHBW0w
國中,,,,,1200-其他動詞-4,paste,/pest/,黏貼,Please paste the picture on the paper.,請把圖片黏貼在紙上。,,,,,,,,,,,,(v.),,,,,,,,,,,9Fr3oDqqfHE
國中,,,B1,,1200-其他動詞-4,pick,/pɪk/,挑選,She picked the red dress for the party.,她為派對挑選了紅色的裙子。,,,,,,,,,,,,(v.),,,,,,,,,,,9Fr3oDqqfHE
國中,,,A1,,1200-其他動詞-4,plant,/plænt/,種植,We planted some flowers in the garden.,我們在花園裡種了一些花。,,,,,,,,,,,,(v.),,,,,,,,,,,9Fr3oDqqfHE
國中,,,A2,,1200-其他動詞-5,pull,/pʊl/,拉,He pulled the door open.,他拉開了門。,,,,,,,,,,,,(v.),,,,,,,,,,,rVBNSJHBW0w
國中,,,A2,,1200-其他動詞-5,push,/pʊʃ/,推,He pushed the cart to the store.,他推著購物車去商店。,,,,,,,,,,,,(v.),,,,,,,,,,,rVBNSJHBW0w
國中,,,A1,,1200-其他動詞-5,put,/pʊt/,放置,Please put the book back on the shelf.,請把書放回書架上。,,,,,,,,,,,,(v.),v.過去式：put；過去分詞：put；現在分詞：putting,,,,,,,,,,rVBNSJHBW0w
國中,,,B1,,1200-其他動詞-5,rise,/raɪz/,上升,The sun rises in the east.,太陽從東方升起。,,,,,,,,,,,,(v.),,,,,,,,,,,rVBNSJHBW0w
國中,,,B1,,1200-其他動詞-5,roll,/rol/,滾動,The ball rolled down the hill.,球滾下了山坡。,,,,,,,,,,,,(v.),,,,,,,,,,,rVBNSJHBW0w
國中,,,A1,,1200-其他動詞-5,run,/rʌn/,跑步,She runs every morning to stay fit.,她每天早上跑步以保持健康。,,,,,,,,,,,,(v.),,,,,,,,,,,rVBNSJHBW0w
國中,,,A2,,1200-其他動詞-5,rest,/rɛst/,休息,You should rest when you feel tired.,當你感到累時應該休息。,,,,,,,,,,,,(v.),,,,,,,,,,,rVBNSJHBW0w
國中,,,B1,,1200-其他動詞-5,shake,/ʃek/,搖動,Shake the bottle before using it.,使用前搖晃瓶子。,,,,,,,,,,,,(v.),,,,,,,,,,,rVBNSJHBW0w
國中,,,A2,,1200-其他動詞-5,shout,/ʃaʊt/,大聲喊叫,Don’t shout in the library.,不要在圖書館大聲喊叫。,,,,,,,,,,,,(v.),,,,,,,,,,,rVBNSJHBW0w
國中,,,A1,,1200-其他動詞-5,smoke,/smok/,吸菸；冒煙,Smoking is not allowed in this building.,這棟建築內禁止吸菸。,,,,,,,,,,,,(v.),,,,,,,,,,,rVBNSJHBW0w
國中,,,A2,,1200-其他動詞-5,sign,/saɪn/,示意,He signed for us to follow him.,他示意我們跟上他。,,,,,,,,,,,,(v.),,,,,,,,,,,rVBNSJHBW0w
國中,,,A2,,1200-其他動詞-5,stand,/stænd/,站起來,Please stand up when the teacher enters.,老師進來時請起立。,,,,,,,,,,,,(v.),,,,,,,,,,,rVBNSJHBW0w
國中,,,A1,,1200-其他動詞-5,take,/tek/,拿,Can you take this book to the library?,你能把這本書帶到圖書館嗎？,,,,,,,,,,,,(v.),,,,,,,,,,,rVBNSJHBW0w
國中,,,A1,,1200-其他動詞-5,tell,/tɛl/,說,Can you tell me the truth?,你能告訴我真相嗎？,,,,,,,,,,,,(v.),,,,,,,,,,,rVBNSJHBW0w
國中,,,A2,,1200-其他動詞-5,throw,/θro/,投，扔,He threw the ball to his friend.,他把球扔給了他的朋友。,,,,,,,,,,,,(v.),,,,,,,,,,,rVBNSJHBW0w
國中,,,B1,,1200-其他動詞-5,touch,/tʌtʃ/,感動,Her kindness touched my heart.,她的善良感動了我的心。,,,,,,,,,,,,(v.),,,,,,,,,,,rVBNSJHBW0w
國中,,,A2,,1200-其他動詞-6,type,/taɪp/,打字,She types very quickly on the computer.,她在電腦上打字很快。,,,,,,,,,,,,(v.),,,,,,,,,,,6st8WIfhD-g
國中,,,A1,,1200-其他動詞-6,use,/juz/,使用,Can I use your pen?,我可以用你的筆嗎？,,,,,,,,,,,,(v.),,,,,,,,,,,6st8WIfhD-g
國中,,,A1,,1200-其他動詞-6,walk,/wɔk/,走,Let’s take a walk in the park.,讓我們在公園裡散步吧。,,,,,,,,,,,,(v.),,,,,,,,,,,6st8WIfhD-g
國中,,,B1,,1200-其他動詞-6,wave,/wev/,揮手；招手；示意,He waved to me from across the street.,他在街對面向我揮手。,,,,,,,,,,,,(v.),,,,,,,,,,,6st8WIfhD-g
國中,,,,,1200-其他動詞-6,mop,/mɑp/,拖地；擦拭,She mopped the floor after dinner.,她在晚餐後拖地。,,,,,,,,,,,,(v.),,,,,,,,,,,6st8WIfhD-g
國中,,,A2,,1200-其他動詞-6,agree,/əˋgri/,同意,I agree with your opinion.,我同意你的意見。,,,,,,,,,,,,(v.),v.過去式：agreed；過去分詞：agreed；現在分詞：agreeing,,,,,,,,,,6st8WIfhD-g
國中,,,B1,,1200-其他動詞-6,allow,/əˋlaʊ/,允許,The teacher allows us to use calculators.,老師允許我們使用計算器。,,,,,,,,,,,,(v.),v.過去式：allowed；過去分詞：allowed；現在分詞：allowing,,,,,,,,,,6st8WIfhD-g
國中,,,B1,,1200-其他動詞-6,appear,/əˋpɪr/,出現,The sun will appear soon.,太陽很快就會出現。,,,,,,,,,,,,(v.),,,,,,,,,,,6st8WIfhD-g
國中,,,B1,,1200-其他動詞-6,attack,/əˋtæk/,攻擊；襲擊,The dog suddenly attacked the stranger.,那隻狗突然攻擊陌生人。,,,,,,,,,,,,(v.),,,,,,,,,,,6st8WIfhD-g
國中,,,A2,,1200-其他動詞-6,become,/bɪˋkʌm/,成為,He will become a doctor next year.,他明年將成為一名醫生。,,,,,,,,,,,,(v.),v.過去式：became；過去分詞：become；現在分詞：becoming,,,,,,,,,,6st8WIfhD-g
國中,,,A1,,1200-其他動詞-6,begin,/bɪˋgɪn/,開始,Let’s begin the meeting now.,讓我們現在開始會議吧。,,,,,,,,,,,,(v.),v.過去式：began；過去分詞：begun；現在分詞：beginning,,,,,,,,,,6st8WIfhD-g
國中,,,B2,,1200-其他動詞-6,belong,/bəˋlɔŋ/,屬於,This book belongs to me.,這本書是我的。,,,,,,,,,,,,(v.),v.過去式：belonged；過去分詞：belonged；現在分詞：belonging,,,,,,,,,,6st8WIfhD-g
國中,,,A2,,1200-其他動詞-6,call,/kɔl/,打電話；呼叫,Please call me when you arrive.,當你到達時請打電話給我。,,,,,,,,,,,,(v.),,,,,,,,,,,6st8WIfhD-g
國中,,,B1,,1200-其他動詞-6,care,/kɛr/,關心,You should care about your health.,你應該關心你的健康。,,,,,,,,,,,,(v.),,,,,,,,,,,6st8WIfhD-g
國中,,,A1,,1200-其他動詞-6,check,/tʃɛk/,檢查,Please check your answers before submitting.,提交前請檢查您的答案。,,,,,,,,,,,,(v.),,,,,,,,,,,6st8WIfhD-g
國中,,,A1,,1200-其他動詞-6,date,/det/,約會；註明日期,They date every weekend.,他們每個週末都約會。,,,,,,,,,,,,(v.),,,,,,,,,,,6st8WIfhD-g
國中,,,B2,,1200-其他動詞-6,deal,/dil/,處理；交易,We need to deal with this problem immediately.,我們需要立即處理這個問題。,,,,,,,,,,,,(v.),,,,,,,,,,,6st8WIfhD-g
國中,,,A2,,1200-其他動詞-6,decide,/dɪˋsaɪd/,決定,I decided to take a vacation next month.,我決定下個月休假。,,,,,,,,,,,,(v.),v.過去式：decided；過去分詞：decided；現在分詞：deciding,,,,,,,,,,6st8WIfhD-g
國中,,,A1,,1200-其他動詞-6,die,/daɪ/,死,Flowers will die if they don’t get water.,如果花得不到水，它們就會枯死。,,,,,,,,,,,,(v.),,,,,,,,,,,6st8WIfhD-g
國中,,,A2,,1200-其他動詞-6,download,/ˋdaʊn͵lod/,,I downloaded a new song from the internet.,我從網上下載了一首新歌。,,,,,,,,,,,,(v.)下載,,,,,,,,,,,6st8WIfhD-g
國中,,,A1,,1200-其他動詞-7,enjoy,/ɪnˋdʒɔɪ/,享受,I enjoy listening to music in my free time.,我喜歡在空閒時間聽音樂。,,,,,,,,,,,,(v.),v.過去式：enjoyed；過去分詞：enjoyed；現在分詞：enjoying,,,,,,,,,,2Fy6PlKj3fg
國中,,,B1,,1200-其他動詞-7,expect,/ɪkˋspɛkt/,期望,I expect to see you at the meeting tomorrow.,我希望明天在會議上見到你。,,,,,,,,,,,,(v.),,,,,,,,,,,2Fy6PlKj3fg
國中,,,A2,,1200-其他動詞-7,explain,/ɪkˋsplen/,說明,Can you explain why you were late?,你能解釋一下為什麼遲到嗎？,,,,,,,,,,,,(v.),,,,,,,,,,,2Fy6PlKj3fg
國中,,,A2,,1200-其他動詞-7,fall,/fɔl/,倒下,The tree fell during the storm.,樹在暴風雨中倒下了。,,,,,,,,,,,,(v.),,,,,,,,,,,2Fy6PlKj3fg
國中,,,A2,,1200-其他動詞-7,fill,/fɪl/,裝滿,Please fill the glass with water.,請把杯子裝滿水。,,,,,,,,,,,,(v.),,,,,,,,,,,2Fy6PlKj3fg
國中,,,A1,,1200-其他動詞-7,find,/faɪnd/,找到,I found my keys under the sofa.,我在沙發底下找到了我的鑰匙。,,,,,,,,,,,,(v.),,,,,,,,,,,2Fy6PlKj3fg
國中,,,A1,,1200-其他動詞-7,get,/gɛt/,得到,I need to get some groceries from the store.,我需要從商店買些雜貨。,,,,,,,,,,,,(v.),,,,,,,,,,,2Fy6PlKj3fg
國中,,,A1,,1200-其他動詞-7,give,/gɪv/,給予,Can you give me a hand?,你能幫我一個忙嗎？,,,,,,,,,,,,(v.),v.過去式：gave；過去分詞：given；現在分詞：giving,,"provide, offer",,,,,,,,2Fy6PlKj3fg
國中,,,A2,,1200-其他動詞-7,happen,/ˋhæpən/,發生,What happened last night?,昨晚發生了什麼事？,,,,,,,,,,,,(v.),v.過去式：happened；過去分詞：happened；現在分詞：happening,,,,,,,,,,2Fy6PlKj3fg
國中,,,B1,,1200-其他動詞-7,hide,/haɪd/,藏,The children hid behind the curtain.,孩子們躲在窗簾後面。,,,,,,,,,,,,(v.),,,,,,,,,,,2Fy6PlKj3fg
國中,,,A2,,1200-其他動詞-7,hurt,/hɝt/,受傷,Be careful not to hurt yourself.,小心別傷到自己。,,,,,,,,,,,,(v.),,,,,,,,,,,2Fy6PlKj3fg
國中,,,A1,,1200-其他動詞-7,invite,/ɪnˋvaɪt/,邀請,She invited us to her birthday party.,她邀請我們參加她的生日派對。,,,,,,,,,,,,(v.),v.過去式：invited；過去分詞：invited；現在分詞：inviting,,,,,,,,,,2Fy6PlKj3fg
國中,,,A2,,1200-其他動詞-7,join,/dʒɔɪn/,參加,Would you like to join us for dinner?,你願意和我們一起吃晚餐嗎？,,,,,,,,,,,,(v.),,,,,,,,,,,2Fy6PlKj3fg
國中,,,A2,,1200-其他動詞-7,keep,/kip/,(使)保持,"Keep the door closed, please.",請保持門關著。,,,,,,,,,,,,(v.),,,,,,,,,,,2Fy6PlKj3fg
國中,,,B1,,1200-其他動詞-7,lead,/lid/,領導,She will lead the team to victory.,她將帶領團隊走向勝利。,,,,,,,,,,,,(v.),,,,,,,,,,,2Fy6PlKj3fg
國中,,,A2,,1200-其他動詞-7,let,/lɛt/,讓,Let me help you with that.,讓我來幫你吧。,,,,,,,,,,,,(v.),,,,,,,,,,,2Fy6PlKj3fg
國中,,,A2,,1200-其他動詞-7,lie,/laɪ/,說謊；躺,You should never lie to your parents.,你永遠不應該對父母說謊。,,,,,,,,,,,,(v.),,,,,,,,,,,2Fy6PlKj3fg
國中,,,A2,,1200-其他動詞-7,list,/lɪst/,把…列表,Let’s list all the things we need to buy.,讓我們列出所有需要買的東西。,,,,,,,,,,,,(v.),,,,,,,,,,,2Fy6PlKj3fg
國中,,,A2,,1200-其他動詞-7,mean,/min/,意指,What do you mean by that?,你那樣說是什麼意思？,,,,,,,,,,,,(v.),,,,,,,,,,,2Fy6PlKj3fg
國中,,,A2,,1200-其他動詞-7,notice,/ˋnotɪs/,注意到,Did you notice the mistake in the report?,你注意到報告中的錯誤了嗎？,,,,,,,,,,,,(v.),,,,,,,,,,,2Fy6PlKj3fg
國中,,,A2,,1200-其他動詞-8,own,/on/,擁有,I own a small apartment in the city.,我在市區擁有一間小公寓。,,,,,,,,,,,,(v.),,,,,,,,,,,bQUoSHhpzhI
國中,,,A2,,1200-其他動詞-8,plan,/plæn/,計劃；規劃,We are planning a trip to Japan next summer.,我們正在計劃明年夏天去日本旅行。,,,,,,,,,,,,(v.),,,,,,,,,,,bQUoSHhpzhI
國中,,,A1,,1200-其他動詞-8,please,/pliz/,請,Please close the door.,請關門。,,,,,,,,,,,,(v.),,,,,,,,,,,bQUoSHhpzhI
國中,,,A2,,1200-其他動詞-8,pray,/pre/,禱告,She prays every night before going to bed.,她每晚睡前都會禱告。,,,,,,,,,,,,(v.),,,,,,,,,,,bQUoSHhpzhI
國中,,,A2,,1200-其他動詞-8,prepare,/prɪˋpɛr/,準備,She is preparing dinner for her family.,她正在為家人準備晚餐。,,,,,,,,,,,,(v.),v.過去式：prepared；過去分詞：prepared；現在分詞：preparing,,,,,,,,,,bQUoSHhpzhI
國中,,,B1,,1200-其他動詞-8,raise,/rez/,增加,The company decided to raise the salaries.,公司決定提高薪資。,,,,,,,,,,,,(v.),,,,,,,,,,,bQUoSHhpzhI
國中,,,B1,,1200-其他動詞-8,reach,/ritʃ/,到達,We finally reached the top of the mountain.,我們終於到達了山頂。,,,,,,,,,,,,(v.),,,,,,,,,,,bQUoSHhpzhI
國中,,,A2,,1200-其他動詞-8,save,/sev/,拯救,The firefighters saved the family from the fire.,消防員從火災中救出了那家人。,,,,,,,,,,,,(v.),v.過去式：saved；過去分詞：saved；現在分詞：saving,,,,,,,,,,bQUoSHhpzhI
國中,,,A2,,1200-其他動詞-8,sell,/sɛl/,販賣,They sell fresh vegetables at the market.,他們在市場上賣新鮮蔬菜。,,,,,,,,,,,,(v.),,,,,,,,,,,bQUoSHhpzhI
國中,,,A1,,1200-其他動詞-8,send,/sɛnd/,送,I’ll send you a message later.,我待會會給你發訊息。,,,,,,,,,,,,(v.),,,,,,,,,,,bQUoSHhpzhI
國中,,,A2,,1200-其他動詞-8,share,/ʃɛr/,分享,Let’s share this pizza.,讓我們分享這塊披薩吧。,,,,,,,,,,,,(v.),,,,,,,,,,,bQUoSHhpzhI
國中,,,A1,,1200-其他動詞-8,show,/ʃo/,展現,He showed me his new watch.,他向我展示了他新手錶。,,,,,,,,,,,,(v.),,,,,,,,,,,bQUoSHhpzhI
國中,,,A1,,1200-其他動詞-8,sit,/sɪt/,坐,Please sit down-and-relax.,請坐下放鬆一下。,,,,,,,,,,,,(v.),,,,,,,,,,,bQUoSHhpzhI
國中,,,A1,,1200-其他動詞-8,sleep,/slip/,睡覺,I need to sleep early tonight.,我今晚需要早點睡覺。,,,,,,,,,,,,(v.),,,,,,,,,,,bQUoSHhpzhI
國中,,,A1,,1200-其他動詞-8,start,/stɑrt/,開始,Let’s start the meeting now.,讓我們現在開始會議吧。,,,,,,,,,,,,(v.),v.過去式：started；過去分詞：started；現在分詞：starting | n.複數：starts,,,,,,,,,,bQUoSHhpzhI
國中,,,A1,,1200-其他動詞-8,stay,/ste/,停留,We stayed at the hotel for three nights.,我們在飯店住了三晚。,,,,,,,,,,,,(v.),,,,,,,,,,,bQUoSHhpzhI
國中,,,A1,,1200-其他動詞-8,stop,/stɑp/,停,The bus stopped at the station.,公車在車站停下來。,,,,,,,,,,,,(v.),,,,,,,,,,,bQUoSHhpzhI
國中,,,A2,,1200-其他動詞-8,thank,/θæŋk/,謝謝,Thank you for your help.,謝謝你的幫助。,,,,,,,,,,,,(v.),,,,,,,,,,,bQUoSHhpzhI
國中,,,B2,,1200-其他動詞-8,treat,/trit/,對待,Treat others with kindness-and-respect.,要以善意和尊重對待他人。,,,,,,,,,,,,(v.),v.過去式：treated；過去分詞：treated；現在分詞：treating,,,,,,,,,,bQUoSHhpzhI
國中,,,A2,,1200-其他動詞-8,try,/traɪ/,試圖,I’ll try my best to finish the project on time.,我會盡力按時完成這個項目。,,,,,,,,,,,,(v.),,,,,,,,,,,bQUoSHhpzhI
國中,,,B1,,1200-其他動詞-9,upload,/ʌpˋlod/,,Please upload your assignment to the platform.,請將你的作業上傳到平台。,,,,,,,,,,,,(v.)上傳,,,,,,,,,,,NTQFNX2vWVI
國中,,,A1,,1200-其他動詞-9,visit,/ˋvɪzɪt/,探訪,We plan to visit our grandparents next week.,我們計劃下週探望祖父母。,,,,,,,,,,,,(v.),,,,,,,,,,,NTQFNX2vWVI
國中,,,A1,,1200-其他動詞-9,wait,/wet/,等待,Please wait here for a moment.,請在這裡稍等片刻。,,,,,,,,,,,,(v.),,,,,,,,,,,NTQFNX2vWVI
國中,,,A1,,1200-其他動詞-9,wake,/wek/,醒,I usually wake up early in the morning.,我通常早上醒得很早。,,,,,,,,,,,,(v.),,,,,,,,,,,NTQFNX2vWVI
國中,,,A2,,1200-其他動詞-9,welcome,/ˋwɛlkəm/,歡迎,Welcome to our home!,歡迎來到我們家！,,,,,,,,,,,,(v.),,,,,,,,,,,NTQFNX2vWVI
國中,,,A2,,1200-其他形容詞-1,able,/ˋeb!/,有能力的,He is able to solve the problem.,他有能力解決這個問題。,,,,,,,,,,,,(adj.),,,,,,,,,,,4M5DqOEZtyM
國中,,,A2,,1200-其他形容詞-1,afraid,/əˋfred/,害怕的,She is afraid of the dark.,她害怕黑暗。,,,,,,,,,,,,(adj.),,,,,,,,,,,4M5DqOEZtyM
國中,,,,,1200-其他形容詞-1,American,[ə`mɛrɪkən],美國的,They enjoy American music-and-movies.,他們喜歡美國音樂和電影。,,,,,,,,,,,,(adj.),,,,,,,,,,,4M5DqOEZtyM
國中,,,A2,,1200-其他形容詞-1,bright,/braɪt/,明亮的,The stars were bright in the night sky.,夜空中星星閃爍著明亮的光芒。,,,,,,,,,,,,(adj.),,,,,,,,,,,4M5DqOEZtyM
國中,,,B1,,1200-其他形容詞-1,common,/ˋkɑmən/,共同的,This problem is common among students.,這個問題在學生中很常見。,,,,,,,,,,,,(adj.),,,,,,,,,,,4M5DqOEZtyM
國中,,,B1,,1200-其他形容詞-1,convenient,/kənˋvinjənt/,方便的,The location of the hotel is very convenient.,這家酒店的位置非常方便。,,,,,,,,,,,,(adj.),adj.比較級：more convenient；最高級：most convenient,,,,,,,,,,4M5DqOEZtyM
國中,,,A2,,1200-其他形容詞-1,correct,/kəˋrɛkt/,正確的,Is the answer correct?,這個答案正確嗎？,,,,,,,,,,,,(adj.),,,,,,,,,,,4M5DqOEZtyM
國中,,,A2,,1200-其他形容詞-1,dangerous,/ˋdendʒərəs/,危險的,It’s dangerous to drive in this weather.,在這種天氣開車很危險。,,,,,,,,,,,,(adj.),adj.比較級：more dangerous；最高級：most dangerous,,,,,,,,,,4M5DqOEZtyM
國中,,,A1,,1200-其他形容詞-1,dark,/dɑrk/,黑的,The room was dark because the lights were off.,房間裡很黑，因為燈關著。,,,,,,,,,,,,(adj.),,,,,,,,,,,4M5DqOEZtyM
國中,,,A2,,1200-其他形容詞-1,dead,/dɛd/,死的,The flowers are dead because they didn’t get water.,這些花因為沒有水而死了。,,,,,,,,,,,,(adj.),,,,,,,,,,,4M5DqOEZtyM
國中,,,A1,,1200-其他形容詞-1,dear,/dɪr/,親愛的,"Dear friend, thank you for your help.",親愛的朋友，感謝你的幫助。,,,,,,,,,,,,(adj.),,,,,,,,,,,4M5DqOEZtyM
國中,,,A1,,1200-其他形容詞-1,different,/ˋdɪfərənt/,不同的,These two dresses are very different.,這兩件裙子非常不同。,,,,,,,,,,,,(adj.),,,unlike,,,,,,,,4M5DqOEZtyM
國中,,,A1,,1200-其他形容詞-1,difficult,/ˋdɪfə͵kəlt/,困難的,The exam was very difficult.,考試非常難。,,,,,,,,,,,,(adj.),,,"hard, tough",easy,,,,,,,4M5DqOEZtyM
國中,,,A2,,1200-其他形容詞-1,dirty,/ˋdɝtɪ/,骯髒的,The floor is dirty; please clean it.,地板很髒，請清理一下。,,,,,,,,,,,,(adj.),,,,,,,,,,,4M5DqOEZtyM
國中,,,A1,,1200-其他形容詞-1,easy,/ˋizɪ/,容易的,This math problem is very easy.,這道數學題非常簡單。,,,,,,,,,,,,(adj.),adj.比較級：easier；最高級：easiest,,simple,difficult,,,,,,,4M5DqOEZtyM
國中,,,A2,,1200-其他形容詞-1,else,/ɛls/,,What else do you need?,你還需要什麼其他的東西？,,,,,,,,,,,,(adj.)其他的；別的,,,,,,,,,,,4M5DqOEZtyM
國中,,,A2,,1200-其他形容詞-1,enough,/ɪˋnʌf/,足夠的,Do we have enough food for everyone?,我們有足夠的食物給每一個人嗎？,,,,,,,,,,,,(adj.),,,,,,,,,,,4M5DqOEZtyM
國中,,,A2,,1200-其他形容詞-1,excellent,/ˋɛks!ənt/,優秀的,She did an excellent job on her project.,她在她的項目上做得非常出色。,,,,,,,,,,,,(adj.),,,,,,,,,,,4M5DqOEZtyM
國中,,,,,1200-其他形容詞-1,favorite,/ˋfevərɪt/,最喜歡的,What is your favorite color?,你最喜歡什麼顏色？,,,,,,,,,,,,(adj.),,,,,,,,,,,4M5DqOEZtyM
國中,,,A1,,1200-其他形容詞-1,fine,/faɪn/,精巧的,The weather is fine today.,今天的天氣很好。,,,,,,,,,,,,(adj.),,,,,,,,,,,4M5DqOEZtyM
國中,,,A2,,1200-其他形容詞-2,foreign,/ˋfɔrɪn/,外國的,She has lived in a foreign country for five years.,她已經在國外生活了五年。,,,,,,,,,,,,(adj.),,,,,,,,,,,ATKffpfpgSk
國中,,,A2,,1200-其他形容詞-2,free,/fri/,自由的,The birds are free to fly wherever they want.,鳥兒可以自由地飛向任何地方。,,,,,,,,,,,,(adj.),,,,,,,,,,,ATKffpfpgSk
國中,,,A2,,1200-其他形容詞-2,fresh,/frɛʃ/,新鮮的,The market sells fresh vegetables every morning.,市場每天早上都賣新鮮蔬菜。,,,,,,,,,,,,(adj.),adj.比較級：fresher；最高級：freshest,,,,,,,,,,ATKffpfpgSk
國中,,,A2,,1200-其他形容詞-2,glad,/glæd/,高興的,I’m glad to see you again.,再次見到你我很高興。,,,,,,,,,,,,(adj.),adj.比較級：gladder；最高級：gladdest,,,,,,,,,,ATKffpfpgSk
國中,,,A1,,1200-其他形容詞-2,great,/gret/,傑出的,She is a great leader who inspires others.,她是一位激勵他人的傑出領導者。,,,,,,,,,,,,(adj.),,,,,,,,,,,ATKffpfpgSk
國中,,,A1,,1200-其他形容詞-2,hard,/hɑrd/,難的,The test was very hard.,測驗非常難。,,,,,,,,,,,,(adj.),,,,,,,,,,,ATKffpfpgSk
國中,,,B1,,1200-其他形容詞-2,helpful,/ˋhɛlpfəl/,有助益的,She is always helpful to others.,她總是樂於助人。,,,,,,,,,,,,(adj.),,,,,,,,,,,ATKffpfpgSk
國中,,,A1,,1200-其他形容詞-2,important,/ɪmˋportənt/,重要的,This meeting is very important for the company.,這次會議對公司非常重要。,,,,,,,,,,,,(adj.),adj.比較級：more important；最高級：most important,,,,,,,,,,ATKffpfpgSk
國中,,,A1,,1200-其他形容詞-2,interesting,/ˋɪntərɪstɪŋ/,有趣的,The movie was very interesting.,這部電影非常有趣。,,,,,,,,,,,,(adj.),,,"fun, exciting",,,,,,,,ATKffpfpgSk
國中,,,A2,,1200-其他形容詞-2,loud,/laʊd/,大聲的,The music is too loud; please turn it down.,音樂太大聲了，請調低一點。,,,,,,,,,,,,(adj.),,,,,,,,,,,ATKffpfpgSk
國中,,,A2,,1200-其他形容詞-2,lucky,/ˋlʌkɪ/,幸運的,I’m lucky to have such good friends.,我很幸運有這麼好的朋友。,,,,,,,,,,,,(adj.),adj.比較級：luckier；最高級：luckiest,,,,,,,,,,ATKffpfpgSk
國中,,,A2,,1200-其他形容詞-2,magic,/ˋmædʒɪk/,神奇的；魔術的,It was a magic moment when we won the game.,我們贏得比賽的那一刻真是太神奇了。,,,,,,,,,,,,(adj.),,,,,,,,,,,ATKffpfpgSk
國中,,,B1,,1200-其他形容詞-2,main,/men/,主要的,The main reason for his success is hard work.,他成功的主要原因是努力工作。,,,,,,,,,,,,(adj.),,,,,,,,,,,ATKffpfpgSk
國中,,,A2,,1200-其他形容詞-2,modern,/ˋmɑdɚn/,現代的,Modern technology has changed our lives.,現代科技改變了我們的生活。,,,,,,,,,,,,(adj.),adj.比較級：more modern；最高級：most modern,,,,,,,,,,ATKffpfpgSk
國中,,,A2,,1200-其他形容詞-2,national,/ˋnæʃən!/,國家的,The national flag was raised during the ceremony.,儀式期間升起了國旗。,,,,,,,,,,,,(adj.),,,,,,,,,,,ATKffpfpgSk
國中,,,A1,,1200-其他形容詞-2,new,/nju/,新的,She bought a new dress for the party.,她為派對買了一件新裙子。,,,,,,,,,,,,(adj.),adj.比較級：newer；最高級：newest,,"fresh, modern",old,knew (知道的過去式),,,,,,ATKffpfpgSk
國中,,,A2,,1200-其他形容詞-2,noisy,/ˋnɔɪzɪ/,吵雜的,The restaurant was too noisy to have a conversation.,餐廳太吵了，無法交談。,,,,,,,,,,,,(adj.),,,,,,,,,,,ATKffpfpgSk
國中,,,A1,,1200-其他形容詞-2,only,/ˋonlɪ/,唯一的,She is the only person who knows the answer.,她是唯一知道答案的人。,,,,,,,,,,,,(adj.),,,,,,,,,,,ATKffpfpgSk
國中,,,A1,,1200-其他形容詞-2,other,/ˋʌðɚ/,其他的,Do you have any other questions?,你還有其他問題嗎？,,,,,,,,,,,,(adj.),,,,,,,,,,,ATKffpfpgSk
國中,,,A2,,1200-其他形容詞-2,own,/on/,自己的,I want to have my own room.,我想要有自己的房間。,,,,,,,,,,,,(adj.),,,,,,,,,,,ATKffpfpgSk
國中,,,A1,,1200-其他形容詞-3,OK,/ˋoˋke/,,"OK, let's start our group project now.",好的，我們現在開始分組報告吧。,,,,,,,,,,,,(adj./adv./interj.)好的；可以；沒問題,,,,,,,,,,,3pCyTXfv71I
國中,,,A2,,1200-其他形容詞-3,pop,[pɑp],流行的；通俗的,She likes listening to pop music.,她喜歡聽流行音樂。,,,,,,,,,,,,(adj.),,,,,,,,,,,3pCyTXfv71I
國中,,,A2,,1200-其他形容詞-3,popular,/ˋpɑpjəlɚ/,受歡迎的,This song is very popular among teenagers.,這首歌在青少年中非常受歡迎。,,,,,,,,,,,,(adj.),,,,,,,,,,,3pCyTXfv71I
國中,,,A1,,1200-其他形容詞-3,possible,/ˋpɑsəb!/,有可能的,It’s possible that it will rain tomorrow.,明天下雨是有可能的。,,,,,,,,,,,,(adj.),,,,,,,,,,,3pCyTXfv71I
國中,,,A2,,1200-其他形容詞-3,present,/ˋprɛznt/,現在的,What are your present plans?,你目前的計劃是什麼？,,,,,,,,,,,,(adj.),,,,,,,,,,,3pCyTXfv71I
國中,,,B1,,1200-其他形容詞-3,public,/ˋpʌblɪk/,公共的,The park is open to the public.,這座公園對公眾開放。,,,,,,,,,,,,(adj.),,,,,,,,,,,3pCyTXfv71I
國中,,,A2,,1200-其他形容詞-3,quiet,/ˋkwaɪət/,安靜的,Please keep the room quiet while I’m studying.,我在學習時請保持房間安靜。,,,,,,,,,,,,(adj.),,,,,,,,,,,3pCyTXfv71I
國中,,,A1,,1200-其他形容詞-3,ready,/ˋrɛdɪ/,準備好的,Are you ready for the exam?,你準備好考試了嗎？,,,,,,,,,,,,(adj.),,,,,,,,,,,3pCyTXfv71I
國中,,,A2,,1200-其他形容詞-3,real,/ˋriəl/,真的,Is this painting real or fake?,這幅畫是真的還是假的？,,,,,,,,,,,,(adj.),,,,,,,,,,,3pCyTXfv71I
國中,,,A1,,1200-其他形容詞-3,right,/raɪt/,正確的,You are absolutely right.,你完全正確。,,,,,,,,,,,,(adj.),,,,,write (寫),,,,,,3pCyTXfv71I
國中,,,A1,,1200-其他形容詞-3,safe,/sef/,安全的,The baby is safe in his crib.,嬰兒在搖籃裡很安全。,,,,,,,,,,,,(adj.),,,,,,,,,,,3pCyTXfv71I
國中,,,A1,,1200-其他形容詞-3,same,/sem/,相同的,We have the same opinion on this issue.,對於這個問題，我們意見相同。,,,,,,,,,,,,(adj.),,,,,,,,,,,3pCyTXfv71I
國中,,,B1,,1200-其他形容詞-3,scared,[skɛrd],害怕的,She is scared of the big dog.,她害怕那隻大狗。,,,,,,,,,,,,(adj.),,,,,,,,,,,3pCyTXfv71I
國中,,,B1,,1200-其他形容詞-3,serious,/ˋsɪrɪəs/,嚴重的,This is a serious problem that needs attention.,這是一個需要關注的嚴重問題。,,,,,,,,,,,,(adj.),,,,,,,,,,,3pCyTXfv71I
國中,,,B1,,1200-其他形容詞-3,sharp,/ʃɑrp/,銳利的,"Be careful, the knife is very sharp.",小心，刀子很鋒利。,,,,,,,,,,,,(adj.),,,,,,,,,,,3pCyTXfv71I
國中,,,A2,,1200-其他形容詞-3,simple,/ˋsɪmp!/,簡單的,The instructions are very simple to follow.,這些指示很容易遵循。,,,,,,,,,,,,(adj.),adj.比較級：simpler；最高級：simplest,,,,,,,,,,3pCyTXfv71I
國中,,,A1,,1200-其他形容詞-3,sorry,/ˋsɑrɪ/,感到抱歉的,I’m sorry for being late.,對不起我遲到了。,,,,,,,,,,,,(adj.),,,,,,,,,,,3pCyTXfv71I
國中,,,A2,,1200-其他形容詞-3,special,/ˋspɛʃəl/,特別的,This is a special occasion.,這是一個特別的場合。,,,,,,,,,,,,(adj.),,,,,,,,,,,3pCyTXfv71I
國中,,,A2,,1200-其他形容詞-3,strange,/strendʒ/,奇怪的,The noise sounded strange.,這聲音聽起來很奇怪。,,,,,,,,,,,,(adj.),adj.比較級：stranger；最高級：strangest,,,,,,,,,,3pCyTXfv71I
國中,,,A2,,1200-其他形容詞-3,sure,/ʃʊr/,確定的,Are you sure about your answer?,你確定你的答案嗎？,,,,,,,,,,,,(adj.),,,,,,,,,,,3pCyTXfv71I
國中,,,A2,,1200-其他形容詞-4,surprised,/səˋpraɪzd/,感到驚訝的,I was surprised to see him there.,我看到他在那裡感到驚訝。,,,,,,,,,,,,(adj.),,,,,,,,,,,l1cm8ID0Tww
國中,,,A2,,1200-其他形容詞-4,terrible,/ˋtɛrəb!/,可怕的,The weather was terrible yesterday.,昨天的天氣很糟糕。,,,,,,,,,,,,(adj.),,,,,,,,,,,l1cm8ID0Tww
國中,,,B1,,1200-其他形容詞-4,thick,/θɪk/,厚的,The book has a thick cover.,這本書有厚厚的封面。,,,,,,,,,,,,(adj.),adj.比較級：thicker；最高級：thickest,,,,,,,,,,l1cm8ID0Tww
國中,,,A2,,1200-其他形容詞-4,tidy,/ˋtaɪdɪ/,整潔的,Her room is always tidy.,她的房間總是整潔的。,,,,,,,,,,,,(adj.),,,,,,,,,,,l1cm8ID0Tww
國中,,,A2,,1200-其他形容詞-4,TRUE,/tru/,真的,Is the story true?,這個故事是真的嗎？,,,,,,,,,,,,(adj.),,,,,,,,,,,l1cm8ID0Tww
國中,,,A2,,1200-其他形容詞-4,useful,/ˋjusfəl/,有用的,This tool is very useful for fixing things.,這個工具修東西非常有用。,,,,,,,,,,,,(adj.),adj.比較級：more useful；最高級：most useful,,,,,,,,,,l1cm8ID0Tww
國中,,,A2,,1200-其他形容詞-4,wonderful,/ˋwʌndɚfəl/,極好的,We had a wonderful time at the party.,我們在派對上過得非常愉快。,,,,,,,,,,,,(adj.),,,,,,,,,,,l1cm8ID0Tww
國中,,,A1,,1200-其他形容詞-4,wrong,/rɔŋ/,不對的,Something feels wrong about this situation.,這個情況有些不對勁。,,,,,,,,,,,,(adj.),,,,,,,,,,,l1cm8ID0Tww
國中,,,A1,,1200-其他副詞-1,always,/ˋɔlwez/,總是,She always arrives on time.,她總是準時到達。,,,,,,,,,,,,(adv.),,,constantly,never,,,,,,,tdeQ06gOjOo
國中,,,A2,,1200-其他副詞-1,ever,/ˋɛvɚ/,從來,Have you ever been to Paris?,你曾經去過巴黎嗎？,,,,,,,,,,,,(adv.),,,,,,,,,,,tdeQ06gOjOo
國中,,,A1,,1200-其他副詞-1,never,/ˋnɛvɚ/,從未,I have never been to Japan.,我從未去過日本。,,,,,,,,,,,,(adv.),,,,,,,,,,,tdeQ06gOjOo
國中,,,A1,,1200-其他副詞-1,often,/ˋɔfən/,經常,I often go to the gym after work.,我經常下班後去健身房。,,,,,,,,,,,,(adv.),,,frequently,,,,,,,,tdeQ06gOjOo
國中,,,B2,,1200-其他副詞-1,seldom,/ˋsɛldəm/,不常,He seldom eats fast food.,他很少吃快餐。,,,,,,,,,,,,(adv.),,,,,,,,,,,tdeQ06gOjOo
國中,,,A1,,1200-其他副詞-1,sometimes,/ˋsʌm͵taɪmz/,有時候,Sometimes I go for a walk in the park.,我有時候會去公園散步。,,,,,,,,,,,,(adv.),,,occasionally,,,,,,,,tdeQ06gOjOo
國中,,,A2,,1200-其他副詞-1,usually,/ˋjuʒʊəlɪ/,通常,I usually go to bed early.,我通常早睡。,,,,,,,,,,,,(adv.),,,,,,,,,,,tdeQ06gOjOo
國中,,,A2,,1200-其他副詞-1,actually,/ˋæktʃʊəlɪ/,確實,"Actually, I don’t like coffee.",實際上，我不喜歡咖啡。,,,,,,,,,,,,(adv.),,,,,,,,,,,tdeQ06gOjOo
國中,,,A1,,1200-其他副詞-1,again,/əˋgɛn/,再度,Please read the sentence again.,請再讀一遍這個句子。,,,,,,,,,,,,(adv.),,,,,,,,,,,tdeQ06gOjOo
國中,,,A1,,1200-其他副詞-1,also,/ˋɔlso/,也,"I like coffee,-and-I also like tea.",我喜歡咖啡，我也喜歡茶。,,,,,,,,,,,,(adv.),,,,,,,,,,,tdeQ06gOjOo
國中,,,A2,,1200-其他副詞-1,away,/əˋwe/,不在,He went away for the weekend.,他週末不在。,,,,,,,,,,,,(adv.),,,,,,,,,,,tdeQ06gOjOo
國中,,,A1,,1200-其他副詞-1,too,/tu/,也,I want to go too!,我也想去！,,,,,,,,,,,,(adv.),,,,,to (介系詞),,,,,,tdeQ06gOjOo
國中,,,A2,,1200-其他副詞-1,almost,/ˋɔl͵most/,幾乎,I’m almost finished with my homework.,我幾乎完成了我的作業。,,,,,,,,,,,,(adv.),,,,,,,,,,,tdeQ06gOjOo
國中,,,A2,,1200-其他副詞-1,even,/ˋivən/,甚至,Even the best players can make mistakes.,即使是最優秀的球員也會犯錯。,,,,,,,,,,,,(adv.),,,,,,,,,,,tdeQ06gOjOo
國中,,,A2,,1200-其他副詞-1,finally,/ˋfaɪn!ɪ/,最後,"Finally, we finished the project.",最後，我們完成了這個項目。,,,,,,,,,,,,(adv.),,,,,,,,,,,tdeQ06gOjOo
國中,,,A2,,1200-其他副詞-1,just,/dʒʌst/,剛才,I just finished eating lunch.,我剛吃完午餐。,,,,,,,,,,,,(adv.),,,,,,,,,,,tdeQ06gOjOo
國中,,,B1,,1200-其他副詞-1,least,/list/,最少,He did the least amount of work in the group.,他在小組中做的工作最少。,,,,,,,,,,,,(adv.),,,,,,,,,,,tdeQ06gOjOo
國中,,,A2,,1200-其他副詞-1,maybe,/ˋmebɪ/,也許,Maybe we should try a different approach.,也許我們應該嘗試另一種方法。,,,,,,,,,,,,(adv.),,,,,,,,,,,tdeQ06gOjOo
國中,,,A1,,1200-其他副詞-1,only,/ˋonlɪ/,僅、只,This takes only a few minutes.,這只需要幾分鐘。,,,,,,,,,,,,(adv.),,,,,,,,,,,tdeQ06gOjOo
國中,,,A2,,1200-其他副詞-1,perhaps,/pɚˋhæps/,也許,Perhaps we should reconsider our decision.,也許我們應該重新考慮我們的決定。,,,,,,,,,,,,(adv.),,,,,,,,,,,tdeQ06gOjOo
國中,,,A2,,1200-其他副詞-2,probably,/ˋprɑbəblɪ/,或許,It will probably rain tomorrow.,明天可能會下雨。,,,,,,,,,,,,(adv.),,,,,,,,,,,58wqNtSXW6M
國中,,,A1,,1200-其他副詞-2,really,/ˋrɪəlɪ/,真實地,I really enjoyed the movie.,我真的很喜歡這部電影。,,,,,,,,,,,,(adv.),,,,,,,,,,,58wqNtSXW6M
國中,,,A2,,1200-其他副詞-2,so,/so/,如此,She was so happy to see her family.,她看到家人時非常高興。,,,,,,,,,,,,(adv.),,,,,,,,,,,58wqNtSXW6M
國中,,,A2,,1200-其他副詞-2,still,/stɪl/,仍然,She is still waiting for the bus.,她仍在等公車。,,,,,,,,,,,,(adv.),,,,,,,,,,,58wqNtSXW6M
國中,,,A1,,1200-其他副詞-2,then,/ðɛn/,然後,"We finished dinner, and then we watched TV.",我們吃完晚餐，然後看了電視。,,,,,,,,,,,,(adv.),,,,,,,,,,,58wqNtSXW6M
國中,,,A1,,1200-其他副詞-2,together,/təˋgɛðɚ/,一起,Let’s go to the park together.,讓我們一起去公園吧。,,,,,,,,,,,,(adv.),,,,,,,,,,,58wqNtSXW6M
國中,,,A2,,1200-其他副詞-2,twice,/twaɪs/,兩次,I’ve been to Paris twice.,我去過巴黎兩次。,,,,,,,,,,,,(adv.),,,,,,,,,,,58wqNtSXW6M
國中,,,A1,,1200-其他副詞-2,very,/ˋvɛrɪ/,非常,She is very talented in music.,她在音樂方面非常有才華。,,,,,,,,,,,,(adv.),,,"really, extremely",,,,,,,,58wqNtSXW6M
國中,,,A2,,1200-其他副詞-2,quite,/kwaɪt/,相當地,She is quite good at playing the piano.,她彈鋼琴相當好。,,,,,,,,,,,,(adv.),,,,,,,,,,,58wqNtSXW6M
國中,,,A2,,1200-其他副詞-2,yet,/jɛt/,尚未,Have you finished your homework yet?,你完成作業了嗎？,,,,,,,,,,,,(adv.),,,,,,,,,,,58wqNtSXW6M
國中,,,B1,,1200-其他副詞-2,abroad,/əˋbrɔd/,在國外,She is studying abroad this year.,她今年正在國外學習。,,,,,,,,,,,,(adv.),,,,,,,,,,,58wqNtSXW6M
國中,,,B1,,1200-其他副詞-2,ahead,/əˋhɛd/,向前,Walk ahead and you’ll see the park.,往前走，你會看到公園。,,,,,,,,,,,,(adv.),,,,,,,,,,,58wqNtSXW6M
國中,,,A2,,1200-其他副詞-2,somewhere,/ˋsʌm͵hwɛr/,在某處,Let’s meet somewhere in the city.,讓我們在市區某處見面吧。,,,,,,,,,,,,(adv.),,,,,,,,,,,58wqNtSXW6M
國中,,,B1,,1200-其他副詞-2,either,/ˋiðɚ/,（用於否定句）也不；也沒有,"She can’t swim, and he can’t either.",她不會游泳，他也不會。,,,,,,,,,,,,(adv.),,,,,,,,,,,58wqNtSXW6M
國中,,,A1,,1200-其他副詞-2,no,/no/,不,"No, I don’t think so.",不，我不這麼認為。,,,,,,,,,,,,(adv.),,,,,,,,,,,58wqNtSXW6M
國中,,,A1,,1200-其他副詞-2,not,/nɑt/,不是,This is not the right answer.,這不是正確的答案。,,,,,,,,,,,,(adv.),,,,,,,,,,,58wqNtSXW6M
國中,,,A1,,1200-其他副詞-2,OK,/ˋoˋke/,好的；可以；沒問題,"OK, let's start our group project now.",好的，我們現在開始分組報告吧。,,,,,,,,,,,,(adv.) ,,,,,,,,,,,58wqNtSXW6M
國中,,,,,1200-其他副詞-2,yes (yeah),/jɛs/,是的,"""Are you ready?"" ""Yes, I am.""",「你準備好了嗎？」 「是的，我準備好了。」,,,,,,,,,,,,(adv.),,,,,,,,,,,58wqNtSXW6M
國中,,,,,800-節日與慶典,Chinese New Year,,中國新年；春節,We visit grandparents during Chinese New Year.,我們在春節期間會去拜訪祖父母。,,,,,,,,,,,,(n.),,,,,,,,,,,JGhzkQ6YQzg
國中,,,,,800-節日與慶典,New Year's Eve,,元旦前夕,We watch fireworks on New Year's Eve.,我們在元旦前夕看煙火。,,,,,,,,,,,,(n.),,,,,,,,,,,JGhzkQ6YQzg
國中,,,,,800-節日與慶典,Double Tenth Day,,雙十節；國慶日（10月10日）,We have a day off on Double Tenth Day.,我們雙十節放假一天。,,,,,,,,,,,,(n.),,,,,,,,,,,JGhzkQ6YQzg
國中,,,,,800-節日與慶典,Dragon-boat Festival,,端午節,We eat rice dumplings during Dragon-boat Festival.,我們在端午節吃粽子。,,,,,,,,,,,,(n.),,,,,,,,,,,JGhzkQ6YQzg
國中,,,,,800-節日與慶典,Lantern Festival,,元宵節,We eat tangyuan during the Lantern Festival.,我們在元宵節吃湯圓。,,,,,,,,,,,,(n.),,,,,,,,,,,JGhzkQ6YQzg
國中,,,,,800-節日與慶典,Moon Festival,,中秋節,We barbecue with family during Moon Festival.,我們在中秋節和家人一起烤肉。,,,,,,,,,,,,(n.),,,,,,,,,,,JGhzkQ6YQzg
國中,,,,,800-節日與慶典,Teacher's Day,,教師節,We made cards for Teacher's Day.,我們為教師節做了卡片。,,,,,,,,,,,,(n.),,,,,,,,,,,JGhzkQ6YQzg
國中,,,,,800-節日與慶典,New Year's Day,,元旦；新年,We stayed up late on New Year's Day.,我們元旦那天熬夜到很晚。,,,,,,,,,,,,(n.),,,,,,,,,,,JGhzkQ6YQzg
國中,,,,,800-節日與慶典,Mother's Day,,母親節,We celebrate Mother's Day in May.,我們在五月慶祝母親節。,,,,,,,,,,,,(n.),,,,,,,,,,,JGhzkQ6YQzg
國中,,,,,800-節日與慶典,Father's Day,,父親節,We took dad out on Father's Day.,我們父親節帶爸爸出去。,,,,,,,,,,,,(n.) ,,,,,,,,,,,JGhzkQ6YQzg
國中,,,,,800-節日與慶典,Thanksgiving,/͵θæŋksˋgɪvɪŋ/,感恩節,We celebrate Thanksgiving with a big meal.,我們用大餐慶祝感恩節。,,,,,,,,,,,,(n.),,,,,,,,,,,JGhzkQ6YQzg
國中,,,,,800-節日與慶典,Valentine's Day,,情人節,We exchange cards on Valentine's Day.,我們在情人節交換卡片。,,,,,,,,,,,,(n.) ,,,,,,,,,,,JGhzkQ6YQzg
國中,,,B1,,800-節日與慶典,culture,/ˋkʌltʃɚ/,文化,Every country has its own unique culture.,每個國家都有其獨特的文化。,,,,,,,,,,,,(n.),n.複數：cultures,,,,,,,,,,JGhzkQ6YQzg
國中,,,B1,,800-節日與慶典,custom,/ˋkʌstəm/,習慣,It’s a custom to give gifts during Christmas.,聖誕節送禮物是一種習俗。,,,,,,,,,,,,(n.),,,,,,,,,,,JGhzkQ6YQzg
國中,,,,,800-節日與慶典,lantern,/ˋlæntɚn/,燈籠,They lit the lanterns for the festival.,他們為節日點亮了燈籠。,,,,,,,,,,,,(n.),,,,,,,,,,,JGhzkQ6YQzg
國中,,,A2,,800-節日與慶典,memory,/ˋmɛmərɪ/,記憶,The trip brought back fond memories.,這次旅行喚起了美好的回憶。,,,,,,,,,,,,(n.),,,,,,,,,,,JGhzkQ6YQzg
國中,,,B2,,800-時間,dawn,/dɔn/,黎明,We woke up at dawn to watch the sunrise.,我們黎明時醒來觀看日出。,,,,,,,,,,,,(n.),,,,,,,,,,,1Zq8IjaFgJ8
國中,,,A2,,800-時間,midnight,/ˋmɪd͵naɪt/,午夜,We stayed up until midnight watching movies.,我們熬夜到午夜看電影。,,,,,,,,,,,,(n.),,,,,,,,,,,1Zq8IjaFgJ8
國中,,,A2,,800-時間,weekday,/ˋwik͵de/,平日,I work on weekdays and rest on weekends.,我平日工作，週末休息。,,,,,,,,,,,,(n.),n.複數：weekdays,,,,,,,,,,1Zq8IjaFgJ8
國中,,,A2,,800-時間,alarm clock,,鬧鐘,My alarm clock rings at 6:30 every morning.,我的鬧鐘每天早上6:30響。,,,,,,,,,,,,(n.),,,,,,,,,,,1Zq8IjaFgJ8
國中,,,A2,,800-時間,calendar,/ˋkæləndɚ/,日曆,I marked the important dates on the calendar.,我在日曆上標記了重要的日期。,,,,,,,,,,,,(n.),,,,,,,,,,,1Zq8IjaFgJ8
國中,,,,,800-時間,stop watch,,碼錶；秒錶,The coach uses a stop watch.,教練使用碼錶。,,,,,,,,,,,,(n.),,,,,,,,,,,1Zq8IjaFgJ8
國中,,,B2,,800-時間,current,/ˋkɝənt/,現在的,What is your current job?,你目前的工作是什麼？,,,,,,,,,,,,(adj.),,,,,,,,,,,1Zq8IjaFgJ8
國中,,,A2,,800-時間,daily,[`delɪ],每天的，日常的,I read the daily news.,我讀每天的新聞。,,,,,,,,,,,,(adj.),,,,,,,,,,,1Zq8IjaFgJ8
國中,,,A2,,800-時間,daily,[`delɪ],每天地,She walks daily.,她每天走路。,,,,,,,,,,,,(adv.),,,,,,,,,,,1Zq8IjaFgJ8
國中,,,B2,,800-動物與昆蟲-1,deer,/dɪr/,鹿,We saw a deer in the forest.,我們在森林裡看到了一隻鹿。,,,,,,,,,,,,(n.),,,,,,,,,,,wIPwXgyQk04
國中,,,A2,,800-動物與昆蟲-1,dinosaur,/ˋdaɪnə͵sɔr/,恐龍,Dinosaurs lived millions of years ago.,恐龍生活在數百萬年前。,,,,,,,,,,,,(n.),,,,,,,,,,,wIPwXgyQk04
國中,,,B1,,800-動物與昆蟲-1,donkey,/ˋdɑŋkɪ/,驢,The farmer used a donkey to carry the load.,農民用驢來搬運貨物。,,,,,,,,,,,,(n.),,,,,,,,,,,wIPwXgyQk04
國中,,,B2,,800-動物與昆蟲-1,eagle,/ˋig!/,老鷹,The eagle soared high in the sky.,老鷹在天空中高高翱翔。,,,,,,,,,,,,(n.),,,,,,,,,,,wIPwXgyQk04
國中,,,,,800-動物與昆蟲-1,hippo,/ˋhɪpo/,河馬,The hippo swam in the river.,河馬在河裡游泳。,,,,,,,,,,,,(n.),,,,,,,,,,,wIPwXgyQk04
國中,,,B1,,800-動物與昆蟲-1,kangaroo,/͵kæŋgəˋru/,袋鼠,The mother kangaroo carried her joey safely in her pouch.,母袋鼠把小袋鼠安全地放在育兒袋裡。,,,,,,,,,,,,(n.),,,,,,,,,,,wIPwXgyQk04
國中,,,B1,,800-動物與昆蟲-1,kitten,/ˋkɪtn/,小貓,The kitten played with a ball of yarn.,小貓玩著毛線球。,,,,,,,,,,,,(n.),,,,,,,,,,,wIPwXgyQk04
國中,,,,,800-動物與昆蟲-1,koala,[ko`ɑlə],無尾熊,The cute koala is sleeping in the tree.,那隻可愛的無尾熊正在樹上睡覺。,,,,,,,,,,,,(n.),,,,,,,,,,,wIPwXgyQk04
國中,,,B1,,800-動物與昆蟲-1,lamb,/læm/,小羊,The lamb was playing in the field.,小羊在田野裡玩耍。,,,,,,,,,,,,(n.),,,,,,,,,,,wIPwXgyQk04
國中,,,B1,,800-動物與昆蟲-1,monster,/ˋmɑnstɚ/,妖怪,The children were scared of the monster in the movie.,孩子們害怕電影中的怪物。,,,,,,,,,,,,(n.),,,,,,,,,,,wIPwXgyQk04
國中,,,,,800-動物與昆蟲-1,ox,/ɑks/,公牛,The farmer used an ox to plow the field.,農夫用公牛來犁田。,,,,,,,,,,,,(n.),,,,,,,,,,,wIPwXgyQk04
國中,,,,,800-動物與昆蟲-1,panda,/ˋpændə/,貓熊,The panda is a symbol of China.,熊貓是中國的象徵。,,,,,,,,,,,,(n.),,,,,,,,,,,wIPwXgyQk04
國中,,,B1,,800-動物與昆蟲-1,parrot,/ˋpærət/,鸚鵡,The parrot can mimic human speech.,鸚鵡可以模仿人類的語言。,,,,,,,,,,,,(n.),,,,,,,,,,,wIPwXgyQk04
國中,,,,,800-動物與昆蟲-1,pigeon,/ˋpɪdʒɪn/,鴿子,The pigeon flew back to its nest.,鴿子飛回了它的巢。,,,,,,,,,,,,(n.),,,,,,,,,,,wIPwXgyQk04
國中,,,B2,,800-動物與昆蟲-1,swan,/swɑn/,天鵝,The swan glided gracefully across the lake.,天鵝優雅地滑過湖面。,,,,,,,,,,,,(n.),,,,,,,,,,,wIPwXgyQk04
國中,,,B1,,800-動物與昆蟲-1,turkey,/ˋtɝkɪ/,火雞,We had roast turkey for Thanksgiving dinner.,我們感恩節晚餐吃了烤火雞。,,,,,,,,,,,,(n.),,,,,,,,,,,wIPwXgyQk04
國中,,,B2,,800-動物與昆蟲-1,wolf,/wʊlf/,狼,Wolves hunt in packs.,狼群集結狩獵。,,,,,,,,,,,,(n.),,,,,,,,,,,wIPwXgyQk04
國中,,,B2,,800-動物與昆蟲-1,zebra,[`zibrə],斑馬,A zebra has black and white stripes.,斑馬有黑白相間的條紋。,,,,,,,,,,,,(n.),"n.複數：zebras, zebra",,,,,,,,,,wIPwXgyQk04
國中,,,,,800-動物與昆蟲-1,cockroach,/ˋkɑk͵rotʃ/,蟑螂,There was a cockroach in the kitchen.,廚房裡有一隻蟑螂。,,,,,,,,,,,,(n.),,,,,,,,,,,wIPwXgyQk04
國中,,,,,800-動物與昆蟲-1,dragon,/ˋdrægən/,龍,"In Chinese culture, the dragon is a symbol of power.",在中國文化中，龍是力量的象徵。,,,,,,,,,,,,(n.),n.複數：dragons,,,,,,,,,,wIPwXgyQk04
國中,,,B1,,800-動物與昆蟲-1,mosquito,/məsˋkito/,蚊子,The mosquito bit me on the arm.,蚊子咬了我的手臂。,,,,,,,,,,,,(n.),,,,,,,,,,,wIPwXgyQk04
國中,,,,,800-動物與昆蟲-2,snail,/snel/,蝸牛,The snail moved slowly across the path.,蝸牛慢慢地爬過小徑。,,,,,,,,,,,,(n.),,,,,,,,,,,wIPwXgyQk04
國中,,,B2,,800-動物與昆蟲-2,worm,/wɝm/,蟲,Birds love to eat worms.,鳥類喜歡吃蟲子。,,,,,,,,,,,,(n.),,,,,,,,,,,wIPwXgyQk04
國中,,,B2,,800-動物與昆蟲-2,crab,/kræb/,螃蟹,We caught a crab at the beach.,我們在海灘上抓到了一隻螃蟹。,,,,,,,,,,,,(n.),,,,,,,,,,,wIPwXgyQk04
國中,,,B1,,800-動物與昆蟲-2,dolphin,/ˋdɑlfɪn/,海豚,Dolphins are very intelligent animals.,海豚是非常聰明的動物。,,,,,,,,,,,,(n.),,,,,,,,,,,wIPwXgyQk04
國中,,,B1,,800-動物與昆蟲-2,shark,/ˋʃɑrk/,鯊魚,Sharks live in the ocean.,鯊魚生活在海洋裡。,,,,,,,,,,,,(n.),n.複數：sharks,,,,,,,,,,wIPwXgyQk04
國中,,,B1,,800-動物與昆蟲-2,shrimp,/ʃrɪmp/,蝦子,We had shrimp for dinner.,我們晚餐吃了蝦子。,,,,,,,,,,,,(n.),,,,,,,,,,,wIPwXgyQk04
國中,,,B1,,800-動物與昆蟲-2,whale,/hwel/,鯨魚,Whales are the largest animals in the ocean.,鯨魚是海洋中最大的動物。,,,,,,,,,,,,(n.),,,,,,,,,,,wIPwXgyQk04
國中,,,B2,,800-動物與昆蟲-2,bark,/bɑrk/,吠叫,The dog barked loudly at the stranger.,狗對陌生人狂吠。,,,,,,,,,,,,(v.),,,,,,,,,,,wIPwXgyQk04
國中,,,B2,,800-動物與昆蟲-2,swallow,/ˋswɑlo/,吞嚥,Swallow your medicine with water.,用水吞下你的藥。,,,,,,,,,,,,(v.),,,,,,,,,,,wIPwXgyQk04
國中,,,B1,,800-動物與昆蟲-2,wing,/wɪŋ/,翅膀,Birds use their wings to fly.,鳥用翅膀飛翔。,,,,,,,,,,,,(n.),,,,,,,,,,,wIPwXgyQk04
國中,,,,,800-人格特質-1,chubby,/ˋtʃʌbɪ/,豐滿的,The baby has chubby cheeks.,嬰兒有著圓潤的臉頰。,,,,,,,,,,,,(adj.),,,,,,,,,,,LT9e9rHEfJQ
國中,,,B1,,800-人格特質-1,deaf,/dɛf/,聾的,He was born deaf and cannot hear anything.,他天生耳聾，什麼都聽不見。,,,,,,,,,,,,(adj.),,,,,,,,,,,LT9e9rHEfJQ
國中,,,B2,,800-人格特質-1,dumb,/dʌm/,笨的；啞的,He felt dumb for forgetting his friend’s name.,他因忘記朋友的名字而感到愚蠢。,,,,,,,,,,,,(adj.),,,,,,,,,,,LT9e9rHEfJQ
國中,,,,,800-人格特質-1,nice-looking,/ˋnaɪsˋlʊkɪŋ/,好看的；漂亮的,That's a nice-looking jacket you have.,你那件外套真好看。,,,,,,,,,,,,(adj.),,,,,,,,,,,LT9e9rHEfJQ
國中,,,,,800-人格特質-1,over-weight,,超重的；過重的,The doctor said I'm a bit over-weight.,醫生說我有點過重。,,,,,,,,,,,,(adj.),,,,,,,,,,,LT9e9rHEfJQ
國中,,,,,800-人格特質-1,skinny,/ˋskɪnɪ/,皮包骨的,The dog looked skinny and hungry.,那隻狗看起來瘦弱又飢餓。,,,,,,,,,,,,(adj.),,,,,,,,,,,LT9e9rHEfJQ
國中,,,C2,,800-人格特質-1,slender,/ˋslɛndɚ/,纖細的,She has a slender figure.,她身材纖細。,,,,,,,,,,,,(adj.),,,,,,,,,,,LT9e9rHEfJQ
國中,,,,,800-人格特質-1,under-weight,,體重不足的；過輕的,The doctor says I'm slightly under-weight.,醫生說我稍微過輕。,,,,,,,,,,,,(adj.),,,,,,,,,,,LT9e9rHEfJQ
國中,,,B1,,800-人格特質-1,active,/ˋæktɪv/,積極的,She is an active member of the club.,她是俱樂部的一名積極成員。,,,,,,,,,,,,(adj.),,,,,,,,,,,LT9e9rHEfJQ
國中,,,B1,,800-人格特質-1,careless,/ˋkɛrlɪs/,粗心的,He was careless and lost his wallet.,他粗心大意，丟了錢包。,,,,,,,,,,,,(adj.),,,,,,,,,,,LT9e9rHEfJQ
國中,,,B2,,800-人格特質-1,childish,/ˋtʃaɪldɪʃ/,幼稚的,His behavior was very childish.,他的行為非常幼稚。,,,,,,,,,,,,(adj.),,,,,,,,,,,LT9e9rHEfJQ
國中,,,,,800-人格特質-1,childlike,/ˋtʃaɪld͵laɪk/,天真的,Her childlike innocence was charming.,她那天真的純潔令人著迷。,,,,,,,,,,,,(adj.),,,,,,,,,,,LT9e9rHEfJQ
國中,,,A1,,800-人格特質-1,clever,/ˋklɛvɚ/,聰明的,The clever boy solved the puzzle quickly.,這個聰明的男孩很快解開了謎題。,,,,,,,,,,,,(adj.),,,,,,,,,,,LT9e9rHEfJQ
國中,,,B1,,800-人格特質-1,confident,/ˋkɑnfədənt/,有自信的,She is confident about her abilities.,她對自己的能力很有信心。,,,,,,,,,,,,(adj.),,,,,,,,,,,LT9e9rHEfJQ
國中,,,,,800-人格特質-1,considerate,/kənˋsɪdərɪt/,體貼的,He is always considerate of others’ feelings.,他總是體貼別人的感受。,,,,,,,,,,,,(adj.),,,,,,,,,,,LT9e9rHEfJQ
國中,,,B1,,800-人格特質-1,cruel,/ˋkruəl/,殘忍的,It’s cruel to hurt animals.,傷害動物是殘忍的。,,,,,,,,,,,,(adj.),,,,,,,,,,,LT9e9rHEfJQ
國中,,,B1,,800-人格特質-1,curious,/ˋkjʊrɪəs/,好奇的,The child was curious about everything.,這個孩子對一切都很好奇。,,,,,,,,,,,,(adj.),adj.比較級：curiouser；最高級：curiousest,,,,,,,,,,LT9e9rHEfJQ
國中,,,,,800-人格特質-1,diligent,/ˋdɪlədʒənt/,勤勉的,She is a diligent student who always studies hard.,她是一個勤奮的學生，總是努力學習。,,,,,,,,,,,,(adj.),,,,,,,,,,,LT9e9rHEfJQ
國中,,,B2,,800-人格特質-1,dishonest,/dɪsˋɑnɪst/,不誠實的,It’s dishonest to lie about your age.,謊報年齡是不誠實的。,,,,,,,,,,,,(adj.),,,,,,,,,,,LT9e9rHEfJQ
國中,,,B2,,800-人格特質-1,evil,/ˋiv!/,惡魔,Evil cannot defeat good.,邪惡無法擊敗善良。,,,,,,,,,,,,(n.),,,,,,,,,,,LT9e9rHEfJQ
國中,,,B2,,800-人格特質-2,energetic,/͵ɛnɚˋdʒɛtɪk/,精力充沛的,She is always energetic and ready to work.,她總是精力充沛，隨時準備工作。,,,,,,,,,,,,(adj.),,,,,,,,,,,LT9e9rHEfJQ
國中,,,B2,,800-人格特質-2,foolish,/ˋfulɪʃ/,愚笨的,It’s foolish to go out without an umbrella when it’s raining.,下雨時不帶傘出門是愚蠢的。,,,,,,,,,,,,(adj.),,,,,,,,,,,LT9e9rHEfJQ
國中,,,,,800-人格特質-2,frank,/fræŋk/,直率的,He was very frank about his opinions.,他對自己的觀點非常直率。,,,,,,,,,,,,(adj.),,,,,,,,,,,LT9e9rHEfJQ
國中,,,B1,,800-人格特質-2,gentle,/ˋdʒɛnt!/,溫和的,He has a gentle voice that calms people down.,他的聲音溫柔，能讓人平靜下來。,,,,,,,,,,,,(adj.),,,,,,,,,,,LT9e9rHEfJQ
國中,,,B1,,800-人格特質-2,generous,/ˋdʒɛnərəs/,慷慨的,She is very generous and always helps others.,她非常慷慨，總是幫助別人。,,,,,,,,,,,,(adj.),,,,,,,,,,,LT9e9rHEfJQ
國中,,,B2,,800-人格特質-2,greedy,/ˋgridɪ/,貪心的,It’s not good to be too greedy.,太貪心不好。,,,,,,,,,,,,(adj.),,,,,,,,,,,LT9e9rHEfJQ
國中,,,C2,,800-人格特質-2,humble,/ˋhʌmb!/,謙虛的,He is a humble person who doesn’t boast.,他是一個謙虛的人，從不吹噓。,,,,,,,,,,,,(adj.),,,,,,,,,,,LT9e9rHEfJQ
國中,,,C1,,800-人格特質-2,humorous,/ˋhjumərəs/,幽默的,The comedian was very humorous.,這位喜劇演員非常幽默。,,,,,,,,,,,,(adj.),,,,,,,,,,,LT9e9rHEfJQ
國中,,,B2,,800-人格特質-2,impolite,/͵ɪmpəˋlaɪt/,不禮貌的,It’s impolite to interrupt someone while they are speaking.,打斷別人說話是不禮貌的。,,,,,,,,,,,,(adj.),,,,,,,,,,,LT9e9rHEfJQ
國中,,,B1,,800-人格特質-2,intelligent,/ɪnˋtɛlədʒənt/,聰明的,Dolphins are known to be intelligent animals.,海豚被認為是聰明的動物。,,,,,,,,,,,,(adj.),,,,,,,,,,,LT9e9rHEfJQ
國中,,,B1,,800-人格特質-2,jealous,/ˋdʒɛləs/,妒忌的,She was jealous of her friend’s success.,她嫉妒她朋友的成功。,,,,,,,,,,,,(adj.),,,,,,,,,,,LT9e9rHEfJQ
國中,,,B2,,800-人格特質-2,naughty,/ˋnɔtɪ/,頑皮的,The naughty boy hid his sister’s toys.,這個頑皮的男孩藏起了他妹妹的玩具。,,,,,,,,,,,,(adj.),,,,,,,,,,,LT9e9rHEfJQ
國中,,,B1,,800-人格特質-2,nervous,/ˋnɝvəs/,緊張的,She felt nervous before her job interview.,她在工作面試前感到緊張。,,,,,,,,,,,,(adj.),,,,,,,,,,,LT9e9rHEfJQ
國中,,,B1,,800-人格特質-2,patient,/ˋpeʃənt/,病人,The doctor examined the patient carefully.,醫生仔細檢查了病人。,,,,,,,,,,,,(n.),,,,,,,,,,,LT9e9rHEfJQ
國中,,,B1,,800-人格特質-2,rude,/rud/,粗魯的,It’s rude to interrupt someone while they’re speaking.,打斷別人說話是很粗魯的。,,,,,,,,,,,,(adj.),,,,,,,,,,,LT9e9rHEfJQ
國中,,,B1,,800-人格特質-2,selfish,/ˋsɛlfɪʃ/,自私的,It’s selfish to only think about yourself.,只考慮自己是很自私的。,,,,,,,,,,,,(adj.),,,,,,,,,,,LT9e9rHEfJQ
國中,,,B1,,800-人格特質-2,silly,/ˋsɪlɪ/,傻的,Don’t be silly; it’s not funny.,別傻了，這不好笑。,,,,,,,,,,,,(adj.),,,,,,,,,,,LT9e9rHEfJQ
國中,,,C1,,800-人格特質-2,sincere,/sɪnˋsɪr/,真誠的,His apology seemed sincere.,他的道歉似乎很真誠。,,,,,,,,,,,,(adj.),,,,,,,,,,,LT9e9rHEfJQ
國中,,,,,800-人格特質-2,sneaky,/ˋsnikɪ/,偷偷摸摸的；鬼鬼祟祟的,The cat made a sneaky attempt to steal food from the table.,那隻貓偷偷摸摸地試圖從桌上偷食物。,,,,,,,,,,,,(adj.),,,,,,,,,,,LT9e9rHEfJQ
國中,,,,,800-人格特質-2,stingy,/ˋstɪndʒɪ/,小氣的,Don’t be so stingy; share your snacks!,別那麼小氣，分享你的零食吧！,,,,,,,,,,,,(adj.),,,,,,,,,,,LT9e9rHEfJQ
國中,,,C1,,800-人格特質-2,talkative,/ˋtɔkətɪv/,多話的,My friend is very talkative.,我的朋友很健談。,,,,,,,,,,,,(adj.),,,,,,,,,,,LT9e9rHEfJQ
國中,,,A2,,800-食物與飲料-1,mango,/ˋmæŋgo/,芒果,I love eating mangoes in summer.,我喜歡在夏天吃芒果。,,,,,,,,,,,,(n.),n.複數：mangoes,,,,,,,,,,bdNa5raPcbE
國中,,,B1,,800-食物與飲料-1,pineapple,/ˋpaɪn͵æp!/,鳳梨,Pineapple is a delicious tropical fruit.,鳳梨是一種美味的熱帶水果。,,,,,,,,,,,,(n.),,,,,,,,,,,bdNa5raPcbE
國中,,,,,800-食物與飲料-1,tangerine,/ˋtændʒə͵rin/,橘子,I ate a sweet tangerine after lunch.,午餐後我吃了個甜橘子。,,,,,,,,,,,,(n.),,,,,,,,,,,bdNa5raPcbE
國中,,,B1,,800-食物與飲料-1,cabbage,/ˋkæbɪdʒ/,甘藍菜,I like to eat cabbage in soup.,我喜歡在湯裡吃甘藍菜。,,,,,,,,,,,,(n.),,,,,,,,,,,bdNa5raPcbE
國中,,,A2,,800-食物與飲料-1,carrot,/ˋkærət/,胡蘿蔔,Rabbits love to eat carrots.,兔子喜歡吃胡蘿蔔。,,,,,,,,,,,,(n.),,,,,,,,,,,bdNa5raPcbE
國中,,,B1,,800-食物與飲料-1,corn,/kɔrn/,玉米,We ate corn on the cob for dinner.,我們晚餐吃了玉米棒。,,,,,,,,,,,,(n.),,,,,,,,,,,bdNa5raPcbE
國中,,,B1,,800-食物與飲料-1,lettuce,/ˋlɛtɪs/,生菜,I like to add lettuce to my sandwiches.,我喜歡在三明治裡加生菜。,,,,,,,,,,,,(n.),,,,,,,,,,,bdNa5raPcbE
國中,,,B2,,800-食物與飲料-1,nut,/nʌt/,堅果,I like to eat almonds and other nuts.,我喜歡吃杏仁和其他堅果。,,,,,,,,,,,,(n.),,,,,,,,,,,bdNa5raPcbE
國中,,,A2,,800-食物與飲料-1,onion,/ˋʌnjən/,洋蔥,I added some onion to the soup.,我在湯裡加了一些洋蔥。,,,,,,,,,,,,(n.),,,,,,,,,,,bdNa5raPcbE
國中,,,A1,,800-食物與飲料-1,potato,/pəˋteto/,馬鈴薯,Mashed potatoes are my favorite side dish.,土豆泥是我最喜歡的配菜。,,,,,,,,,,,,(n.),n.複數：potatoes,,,,,,,,,,bdNa5raPcbE
國中,,,A2,,800-食物與飲料-1,cereal,/ˋsɪrɪəl/,穀類食物,I usually eat cereal for breakfast.,我通常早餐吃穀類食物。,,,,,,,,,,,,(n.),,,,,,,,,,,bdNa5raPcbE
國中,,,,,800-食物與飲料-1,dumpling,/ˋdʌmplɪŋ/,餃子,We ate dumplings for dinner.,我們晚餐吃了餃子。,,,,,,,,,,,,(n.),,,,,,,,,,,bdNa5raPcbE
國中,,,A2,,800-食物與飲料-1,fast food,,,I don't eat fast food often.,我不常吃速食。,,,,,,,,,,,,(n.)速食；快餐,,,,,,,,,,,bdNa5raPcbE
國中,,,B1,,800-食物與飲料-1,flour,/flaʊr/,麵粉,She used flour to make bread.,她用麵粉做麵包。,,,,,,,,,,,,(n.),,,,,,,,,,,bdNa5raPcbE
國中,,,,,800-食物與飲料-1,instant noodle,,泡麵；速食麵,He eats instant noodles for lunch.,他午餐吃泡麵。,,,,,,,,,,,,(n.),,,,,,,,,,,bdNa5raPcbE
國中,,,,,800-食物與飲料-1,seafood,/ˋsi͵fud/,海鮮,I love eating seafood at the restaurant.,我喜歡在餐廳吃海鮮。,,,,,,,,,,,,(n.),,,,,,,,,,,bdNa5raPcbE
國中,,,B1,,800-食物與飲料-1,shrimp,/ʃrɪmp/,蝦子,We had shrimp for dinner.,我們晚餐吃了蝦子。,,,,,,,,,,,,(n.),,,,,,,,,,,bdNa5raPcbE
國中,,,,,800-食物與飲料-1,spaghetti,/spəˋgɛtɪ/,義大利麵,I love spaghetti with meatballs.,我喜歡義大利麵配肉丸。,,,,,,,,,,,,(n.),,,,,,,,,,,bdNa5raPcbE
國中,,,,,800-食物與飲料-1,tofu,/ˋtofu/,豆腐,Tofu is a healthy food option.,豆腐是一種健康的食物選擇。,,,,,,,,,,,,(n.),,,,,,,,,,,bdNa5raPcbE
國中,,,,,800-食物與飲料-1,brunch,/brʌntʃ/,早午餐,We had brunch at noon.,我們中午吃了早午餐。,,,,,,,,,,,,(n.),,,,,,,,,,,bdNa5raPcbE
國中,,,A2,,800-食物與飲料-2,supper,/ˋsʌpɚ/,晚餐,We had a light supper last night.,我們昨晚吃了簡單的晚餐。,,,,,,,,,,,,(n.),,,,,,,,,,,bdNa5raPcbE
國中,,,A1,,800-食物與飲料-2,beer,/bɪr/,啤酒,He ordered a glass of beer.,他點了一杯啤酒。,,,,,,,,,,,,(n.),,,,,,,,,,,bdNa5raPcbE
國中,,,A2,,800-食物與飲料-2,cola,/ˋkolə/,可樂,Can I have a cola with my meal?,我可以點一杯可樂配餐嗎？,,,,,,,,,,,,(n.),,,,,,,,,,,bdNa5raPcbE
國中,,,,,800-食物與飲料-2,liquid,/ˋlɪkwɪd/,液體,"Water is a liquid, not a solid.",水是液體，不是固體。,,,,,,,,,,,,(n.),,,,,,,,,,,bdNa5raPcbE
國中,,,,,800-食物與飲料-2,milk shake,,奶昔,I ordered a chocolate milk shake.,我點了一杯巧克力奶昔。,,,,,,,,,,,,(n.),,,,,,,,,,,bdNa5raPcbE
國中,,,,,800-食物與飲料-2,soda,/ˋsodə/,汽水,She ordered a soda with her meal.,她點了一杯汽水搭配她的餐點。,,,,,,,,,,,,(n.),,,,,,,,,,,bdNa5raPcbE
國中,,,A2,,800-食物與飲料-2,soft drink,,軟性飲料；汽水,Would you like a soft drink?,你想要軟性飲料嗎？,,,,,,,,,,,,(n.),,,,,,,,,,,bdNa5raPcbE
國中,,,A2,,800-食物與飲料-2,dessert,/dɪˋzɝt/,甜點,We had ice cream for dessert.,我們吃冰淇淋當甜點。,,,,,,,,,,,,(n.),,,,,,,,,,,bdNa5raPcbE
國中,,,,,800-食物與飲料-2,doughnut,/ˋdo͵nʌt/,甜甜圈,She bought a chocolate doughnut for breakfast.,她早餐買了一個巧克力甜甜圈。,,,,,,,,,,,,(n.),,,,,,,,,,,bdNa5raPcbE
國中,,,,,800-食物與飲料-2,moon cake,,月餅,Grandma makes the best moon cakes.,奶奶做的月餅最好吃。,,,,,,,,,,,,(n.),,,,,,,,,,,bdNa5raPcbE
國中,,,,,800-食物與飲料-2,ketchup,/ˋkɛtʃəp/,番茄醬,Can you pass me the ketchup?,你能把番茄醬遞給我嗎？,,,,,,,,,,,,(n.),,,,,,,,,,,bdNa5raPcbE
國中,,,A2,,800-食物與飲料-2,cream,/krim/,乳液,She applied cream to her dry skin.,她在乾燥的皮膚上塗了乳液。,,,,,,,,,,,,(n.),,,,,,,,,,,bdNa5raPcbE
國中,,,A2,,800-食物與飲料-2,jam,/dʒæm/,果醬,I like to spread jam on my toast.,我喜歡在吐司上抹果醬。,,,,,,,,,,,,(n.),,,,,,,,,,,bdNa5raPcbE
國中,,,A2,,800-食物與飲料-2,pepper,/ˋpɛpɚ/,胡椒粉,Add some pepper to the soup for flavor.,加一些胡椒粉到湯裡調味。,,,,,,,,,,,,(n.),,,,,,,,,,,bdNa5raPcbE
國中,,,,,800-食物與飲料-2,soy-sauce,,醬油,Can you pass me the soy-sauce?,你可以把醬油遞給我嗎？,,,,,,,,,,,,(n.),,,,,,,,,,,bdNa5raPcbE
國中,,,B2,,800-食物與飲料-2,vinegar,/ˋvɪnɪgɚ/,醋,Add some vinegar to the salad dressing.,在沙拉醬裡加點醋。,,,,,,,,,,,,(n.),,,,,,,,,,,bdNa5raPcbE
國中,,,B1,,800-食物與飲料-2,bitter,/ˋbɪtɚ/,痛苦的,The medicine tastes bitter.,這藥很苦。,,,,,,,,,,,,(adj.),,,,,,,,,,,bdNa5raPcbE
國中,,,B1,,800-食物與飲料-2,sour,/ˋsaʊr/,酸的,The milk tastes sour; it might be spoiled.,牛奶味道酸了，可能壞了。,,,,,,,,,,,,(adj.),,,,,,,,,,,bdNa5raPcbE
國中,,,B2,,800-食物與飲料-2,spread,[sprɛd],散布，傳播,She spreads butter on bread.,她在麵包上塗奶油。,,,,,,,,,,,,(vt.),,,,,,,,,,,bdNa5raPcbE
國中,,,B1,,800-食物與飲料-2,diet,/ˋdaɪət/,飲食,She is on a strict diet to lose weight.,她正在嚴格控制飲食以減肥。,,,,,,,,,,,,(n.),,,,,,,,,,,bdNa5raPcbE
國中,,,A2,,800-食物與飲料-2,slice,/slaɪs/,(薄)片,Would you like another slice of pizza? It's really delicious.,你想再來一片披薩嗎？它真的很好吃。,,,,,,,,,,,,(n./v.),,,,,,,,,,,bdNa5raPcbE
國中,,,A1,,800-人物 ,adult,/əˋdʌlt/,成人,Only adults are allowed to enter this area.,只有成人才能進入這個區域。,,,,,,,,,,,,(n.),,,,,,,,,,,vSo-iqlBENQ
國中,,,B1,,800-人物 ,angel,/ˋendʒ!/,天使,She looks like an angel.,她看起來像個天使。,,,,,,,,,,,,(n.),,,,,,,,,,,vSo-iqlBENQ
國中,,,B1,,800-人物 ,couple,/ˋkʌp!/,一對,The couple went on a romantic date.,這對夫婦去了一次浪漫的約會。,,,,,,,,,,,,(n.),,,,,,,,,,,vSo-iqlBENQ
國中,,,A2,,800-人物 ,customer,/ˋkʌstəmɚ/,顧客,The store offers discounts to regular customers.,商店為常客提供折扣。,,,,,,,,,,,,(n.),n.複數：customers,,,,,,,,,,vSo-iqlBENQ
國中,,,C1,,800-人物 ,genius,/ˋdʒinjəs/,天才,Einstein was considered a genius.,愛因斯坦被認為是天才。,,,,,,,,,,,,(n.),,,,,,,,,,,vSo-iqlBENQ
國中,,,B2,,800-人物 ,gentleman,/ˋdʒɛnt!mən/,紳士,The gentleman opened the door for the lady.,這位紳士為女士開了門。,,,,,,,,,,,,(n.),,,,,,,,,,,vSo-iqlBENQ
國中,,,A2,,800-人物 ,guest,/gɛst/,客人,We have a guest coming over for dinner tonight.,我們今晚有客人來吃晚餐。,,,,,,,,,,,,(n.),n.複數：guests,,,,,,,,,,vSo-iqlBENQ
國中,,,B1,,800-人物 ,hero,/ˋhɪro/,英雄,Superman is a famous hero.,超人是一位著名的英雄。,,,,,,,,,,,,(n.),,,,,,,,,,,vSo-iqlBENQ
國中,,,B2,,800-人物 ,host,/host/,主人,The host greeted the guests warmly.,主人熱情地迎接客人。,,,,,,,,,,,,(n.),,,,,,,,,,,vSo-iqlBENQ
國中,,,B1,,800-人物 ,lady,/ˋledɪ/,女士,The lady at the counter helped me find what I needed.,櫃檯的女士幫助我找到了我需要的東西。,,,,,,,,,,,,(n.),,,,,,,,,,,vSo-iqlBENQ
國中,,,B1,,800-人物 ,male,/mel/,男性,There were more male students than female ones.,男生比女生多。,,,,,,,,,,,,(n.),,,,,,,,,,,vSo-iqlBENQ
國中,,,B2,,800-人物 ,master,/ˋmæstɚ/,大師,Picasso is considered a master of modern art.,畢加索被認為是現代藝術的大師。,,,,,,,,,,,,(n.),,,,,,,,,,,vSo-iqlBENQ
國中,,,A2,,800-人物 ,partner,/ˋpɑrtnɚ/,夥伴,My partner and I worked on the project together.,我和我的夥伴一起完成了這個項目。,,,,,,,,,,,,(n.),,,,,,,,,,,vSo-iqlBENQ
國中,,,B1,,800-人物 ,prince,/prɪns/,王子,The prince married a commoner.,王子娶了一位平民。,,,,,,,,,,,,(n.),,,,,,,,,,,vSo-iqlBENQ
國中,,,B1,,800-人物 ,princess,/ˋprɪnsɪs/,公主,The princess lived in a beautiful castle.,公主住在一座美麗的城堡裡。,,,,,,,,,,,,(n.),,,,,,,,,,,vSo-iqlBENQ
國中,,,B1,,800-人物 ,youth,/juθ/,青春,Youth is a time of exploration and growth.,青春是探索和成長的時期。,,,,,,,,,,,,(n.),,,,,,,,,,,vSo-iqlBENQ
國中,,,A1,,800-身體部位,beard,/bɪrd/,鬍鬚,"He has a long, black beard.",他有一個又長又黑的鬍子。,,,,,,,,,,,,(n.),,,,,,,,,,,HSWH4INgDGI
國中,,,B1,,800-身體部位,chin,/tʃɪn/,下巴,He rubbed his chin while thinking.,他一邊思考一邊撫摸下巴。,,,,,,,,,,,,(n.),,,,,,,,,,,HSWH4INgDGI
國中,,,B1,,800-身體部位,tongue,/tʌŋ/,舌頭,The doctor checked her tongue during the exam.,醫生檢查了她在考試期間的舌頭。,,,,,,,,,,,,(n.),,,,,,,,,,,HSWH4INgDGI
國中,,,B1,,800-身體部位,ankle,/ˋæŋk!/,腳踝,She sprained her ankle.,她扭傷了腳踝。,,,,,,,,,,,,(n.),,,,,,,,,,,HSWH4INgDGI
國中,,,B1,,800-身體部位,bone,/bon/,骨頭,The dog buried a bone in the garden.,狗把一根骨頭埋在花園裡。,,,,,,,,,,,,(n.),,,,,,,,,,,HSWH4INgDGI
國中,,,B2,,800-身體部位,hip,/hɪp/,臀部,She broke her hip in the accident.,她在事故中摔斷了髖部。,,,,,,,,,,,,(n.),,,,,,,,,,,HSWH4INgDGI
國中,,,B1,,800-身體部位,skin,/skɪn/,皮膚,Protect your skin from the sun with sunscreen.,用防曬霜保護你的皮膚免受陽光傷害。,,,,,,,,,,,,(n.),n.複數：skins,,,,,,,,,,HSWH4INgDGI
國中,,,B1,,800-身體部位,thumb,/θʌm/,拇指,She sucked her thumb when she was a baby.,她小時候常吸拇指。,,,,,,,,,,,,(n.),,,,,,,,,,,HSWH4INgDGI
國中,,,B2,,800-身體部位,waist,/west/,腰,She has a slim waist.,她有纖細的腰。,,,,,,,,,,,,(n.),,,,,,,,,,,HSWH4INgDGI
國中,,,B2,,800-身體部位,wrist,/rɪst/,手腕,She wore a bracelet around her wrist.,她在手腕上戴了一條手鍊。,,,,,,,,,,,,(n.),,,,,,,,,,,HSWH4INgDGI
國中,,,B2,,800-健康,dizzy,/ˋdɪzɪ/,頭暈的,She felt dizzy after standing up too quickly.,她站起來太快感到頭暈。,,,,,,,,,,,,(adj.),,,,,,,,,,,8Iy5Ha-hEBA
國中,,,A2,,800-健康,ill,/ɪl/,生病的,She felt ill after eating the spoiled food.,吃了變質的食物後，她感到不舒服。,,,,,,,,,,,,(adj.),,,,,,,,,,,8Iy5Ha-hEBA
國中,,,B1,,800-健康,painful,/ˋpenfəl/,痛苦的,It was a painful experience for her.,對她來說，這是一次痛苦的經歷。,,,,,,,,,,,,(adj.),,,,,,,,,,,8Iy5Ha-hEBA
國中,,,A2,,800-健康,pale,/pel/,蒼白的,His face turned pale when he heard the news.,他聽到消息時臉色變得蒼白。,,,,,,,,,,,,(adj.),,,,,,,,,,,8Iy5Ha-hEBA
國中,,,B2,,800-健康,wound,/wund/,受傷,He had a deep wound on his arm.,他的手臂上有一道很深的傷口。,,,,,,,,,,,,(n.),,,,,,,,,,,8Iy5Ha-hEBA
國中,,,B1,,800-健康,cancer,/ˋkænsɚ/,癌症,Smoking can increase the risk of cancer.,吸煙會增加患癌症的風險。,,,,,,,,,,,,(n.),,,,,,,,,,,8Iy5Ha-hEBA
國中,,,B1,,800-健康,flu,/flu/,流行性感冒,He caught the flu last week.,他上周得了流感。,,,,,,,,,,,,(n.),,,,,,,,,,,8Iy5Ha-hEBA
國中,,,A2,,800-健康,stomachache,/ˋstʌmək͵ek/,胃痛,He had a stomachache after eating too much.,他因為吃得太多而胃痛。,,,,,,,,,,,,(n.),n.複數：stomachaches,,,,,,,,,,8Iy5Ha-hEBA
國中,,,A2,,800-健康,toothache,/ˋtuθ͵ek/,牙痛,I have a terrible toothache.,我牙痛得厲害。,,,,,,,,,,,,(n.),,,,,,,,,,,8Iy5Ha-hEBA
國中,,,B1,,800-健康,cough,/kɔf/,咳嗽,He started to cough during the meeting.,他在會議期間開始咳嗽。,,,,,,,,,,,,(v.),,,,,,,,,,,8Iy5Ha-hEBA
國中,,,A2,,800-健康,pain,/pen/,痛苦,He felt a sharp pain in his back.,他感到背部劇痛。,,,,,,,,,,,,(n.),,,,,,,,,,,8Iy5Ha-hEBA
國中,,,,,800-健康,sore throat,[ˌsɔr `θrot],喉嚨痛,I have a fever and a sore throat.,我發燒而且喉嚨痛。,,,,,,,,,,,,(phr.),,,,,,,,,,,8Iy5Ha-hEBA
國中,,,B2,,800-健康,cure,/kjʊr/,治療,There is no known cure for the disease.,這種疾病尚無已知的治療方法。,,,,,,,,,,,,(n.),,,,,,,,,,,8Iy5Ha-hEBA
國中,,,B1,,800-健康,recover,/rɪˋkʌvɚ/,康復,It took him a month to recover from the surgery.,他花了一個月才從手術中康復。,,,,,,,,,,,,(v.),,,,,,,,,,,8Iy5Ha-hEBA
國中,,,B1,,800-家庭,elder,/ˋɛldɚ/,年長的,The elder brother took care of the younger one.,哥哥照顧弟弟。,,,,,,,,,,,,(adj.),,,,,,,,,,,Q7q2RtSCZ3k
國中,,,A2,,800-家庭,granddaughter,/ˋgræn͵dɔtɚ/,孫女；外孫女,She is my grandma's favorite granddaughter.,她是我奶奶最喜歡的孫女。,,,,,,,,,,,,(n.),,,,,,,,,,,Q7q2RtSCZ3k
國中,,,A2,,800-家庭,grandson,/ˋgrænd͵sʌn/,孫子,She loves spending time with her grandson.,她喜歡和孫子一起度過時光。,,,,,,,,,,,,(n.),,,,,,,,,,,Q7q2RtSCZ3k
國中,,,B1,,800-家庭,nephew,/ˋnɛfju/,姪子，外甥,My nephew is visiting us this weekend.,我的姪子這個週末要來看我們。,,,,,,,,,,,,(n.),,,,,,,,,,,Q7q2RtSCZ3k
國中,,,B1,,800-家庭,niece,/nis/,姪女，甥女,My niece is coming to visit us tomorrow.,我的姪女明天要來看我們。,,,,,,,,,,,,(n.),,,,,,,,,,,Q7q2RtSCZ3k
國中,,,B1,,800-家庭,marry,/ˋmærɪ/,結婚,They plan to marry next year.,他們計劃明年結婚。,,,,,,,,,,,,(v.),,,,,,,,,,,Q7q2RtSCZ3k
國中,,,A2,,800-金錢,bill,/bɪl/,帳單；鈔票,"Can I pay the bill, please?",我可以付帳單嗎？,,,,,,,,,,,,(n.),,,,,,,,,,,vTGxL_nbFyw
國中,,,A2,,800-金錢,cash,/kæʃ/,現金,I paid in cash for the groceries.,我用現金支付了雜貨費。,,,,,,,,,,,,(n.),,,,,,,,,,,vTGxL_nbFyw
國中,,,B1,,800-金錢,coin,/kɔɪn/,硬幣,He found a coin on the ground.,他在地上找到了一枚硬幣。,,,,,,,,,,,,(n.),,,,,,,,,,,vTGxL_nbFyw
國中,,,A1,,800-金錢,credit card,/ˈkrɛdɪt ˌkɑrd/,信用卡,She paid for the meal with her credit card.,她用信用卡支付了這頓飯的費用。,,,,,,,,,,,,(n.),,,,,,,,,,,vTGxL_nbFyw
國中,,,B1,,800-金錢,charge,/tʃɑrdʒ/,收費,The restaurant charges extra for delivery.,餐廳外送加收額外費用。,,,,,,,,,,,,(v.),,,,,,,,,,,vTGxL_nbFyw
國中,,,A2,,800-金錢,earn,/ɝn/,獲得,He earns a lot of money from his job.,他從工作中賺了很多錢。,,,,,,,,,,,,(v.),,,,,,,,,,,vTGxL_nbFyw
國中,,,B2,,800-餐具,napkin,/ˋnæpkɪn/,餐巾,She placed a napkin on her lap before eating.,她在吃飯前把餐巾放在腿上。,,,,,,,,,,,,(n.),,,,,,,,,,,1E3yImGtOtk
國中,,,B1,,800-餐具,saucer,/ˋsɔsɚ/,茶碟；杯碟；托碟,Please put the teacup on its matching saucer.,請把茶杯放在它配套的茶碟上。,,,,,,,,,,,,(n.),,,,,,,,,,,1E3yImGtOtk
國中,,,C1,,800-餐具,straw,/strɔ/,稻草,The farmer used straw to feed the cows.,農夫用稻草餵牛。,,,,,,,,,,,,(n.),,,,,,,,,,,1E3yImGtOtk
國中,,,A1,,800-衣物與配件-1,blouse,/blaʊz/,(女式)襯衫,She wore a pretty silk blouse for her interview.,她穿了一件漂亮的絲質襯衫去面試。,,,,,,,,,,,,(n.),,,,,,,,,,,4v3wSjb9Tf8
國中,,,,,800-衣物與配件-1,pajamas,/pəˋdʒæməs/,睡衣,She wore her pajamas to bed.,她穿著睡衣上床。,,,,,,,,,,,,(n.),,,,,,,,,,,4v3wSjb9Tf8
國中,,,A2,,800-衣物與配件-1,raincoat,/rendʒ/,雨衣,Don't forget your raincoat; it's going to rain later.,別忘了你的雨衣；等一下會下雨。,,,,,,,,,,,,(n.),,,,,,,,,,,4v3wSjb9Tf8
國中,,,A2,,800-衣物與配件-1,suit,/sut/,適合,This dress suits you perfectly.,這件裙子非常適合你。,,,,,,,,,,,,(v.),,,,,,,,,,,4v3wSjb9Tf8
國中,,,A2,,800-衣物與配件-1,swimsuit,/swɪŋ/,泳衣,Don't forget to pack your swimsuit for the beach trip.,去海邊旅行別忘了帶泳衣。,,,,,,,,,,,,(n.),n.複數：swimsuits,,,,,,,,,,4v3wSjb9Tf8
國中,,,A1,,800-衣物與配件-1,trousers,/ˋtraʊzɚz/,褲子,I bought a new pair of trousers yesterday.,我昨天買了一條新褲子。,,,,,,,,,,,,(n.),,,,,,,,,,,4v3wSjb9Tf8
國中,,,B1,,800-衣物與配件-1,underwear,/ˋʌndɚ͵wɛr/,內衣褲,She bought new underwear for the trip.,她為旅行買了新內衣褲。,,,,,,,,,,,,(n.),,,,,,,,,,,4v3wSjb9Tf8
國中,,,C1,,800-衣物與配件-1,vest,/vɛst/,背心,He wore a vest under his jacket.,他在夾克裡面穿了一件背心。,,,,,,,,,,,,(n.),,,,,,,,,,,4v3wSjb9Tf8
國中,,,C2,,800-衣物與配件-1,contact lens,,隱形眼鏡,She wears contact lenses every day.,她每天都戴隱形眼鏡。,,,,,,,,,,,,(n.),,,,,,,,,,,4v3wSjb9Tf8
國中,,,A2,,800-衣物與配件-1,earrings,/ˋɪrɪŋz/,耳環,She got new earrings for her birthday.,她生日收到新耳環。,,,,,,,,,,,,(n.),,,,,,,,,,,4v3wSjb9Tf8
國中,,,B1,,800-衣物與配件-1,handkerchief,/ˋhæŋkɚ͵tʃɪf/,手帕,He pulled out a handkerchief to wipe his face.,他拿出一條手帕擦臉。,,,,,,,,,,,,(n.),,,,,,,,,,,4v3wSjb9Tf8
國中,,,A2,,800-衣物與配件-1,necklace,/ˋnɛklɪs/,項鍊,She received a beautiful necklace for her birthday.,她生日時收到了一條漂亮的項鍊。,,,,,,,,,,,,(n.),,,,,,,,,,,4v3wSjb9Tf8
國中,,,A2,,800-衣物與配件-1,purse,/pɝs/,錢包,She put her money in her purse.,她把錢放進了錢包。,,,,,,,,,,,,(n.),,,,,,,,,,,4v3wSjb9Tf8
國中,,,A2,,800-衣物與配件-1,scarf,/skɑrf/,圍巾,She wore a warm scarf to protect herself from the cold.,她圍上一條暖和的圍巾以防寒。,,,,,,,,,,,,(n.),,,,,,,,,,,4v3wSjb9Tf8
國中,,,,,800-衣物與配件-1,slippers,/ˋslɪpɚz/,拖鞋,I like to wear slippers at home.,我喜歡在家穿拖鞋。,,,,,,,,,,,,(n.),,,,,,,,,,,4v3wSjb9Tf8
國中,,,A2,,800-衣物與配件-1,sneakers,/ˋsnikɚz/,運動鞋,I bought a new pair of sneakers for running.,我買了一雙新的運動鞋來跑步。,,,,,,,,,,,,(n.),,,,,,,,,,,4v3wSjb9Tf8
國中,,,B1,,800-衣物與配件-1,hole,/hol/,破洞,There is a hole in my sock.,我的襪子上有個洞。,,,,,,,,,,,,(n.),,,,,,,,,,,4v3wSjb9Tf8
國中,,,B1,,800-衣物與配件-1,spot,[spɑt],污點,She cleaned the coffee spot on her dress.,她把洋裝上的咖啡汙點擦掉了。,,,,,,,,,,,,(n.),,,,,,,,,,,4v3wSjb9Tf8
國中,,,B1,,800-衣物與配件-1,cotton,/ˋkɑtn/,棉花,The shirt is made of cotton.,這件襯衫是由棉花製成的。,,,,,,,,,,,,(n.),,,,,,,,,,,4v3wSjb9Tf8
國中,,,B2,,800-衣物與配件-1,diamond,/ˋdaɪəmənd/,鑽石,The ring is set with a large diamond.,這枚戒指鑲嵌著一顆大鑽石。,,,,,,,,,,,,(n.),,,,,,,,,,,4v3wSjb9Tf8
國中,,,A2,,800-衣物與配件-2,gold,/gold/,黃金,The ring is made of pure gold.,這枚戒指是由純金製成的。,,,,,,,,,,,,(n.),,,,,,,,,,,wtSjQtedlD4
國中,,,A2,,800-衣物與配件-2,silver,/ˋsɪlvɚ/,銀,The ring is made of silver.,這枚戒指是銀製的。,,,,,,,,,,,,(n.),,,,,,,,,,,wtSjQtedlD4
國中,,,B1,,800-衣物與配件-2,iron,/ˋaɪɚn/,熨斗,She used an iron to smooth out the wrinkles.,她用熨斗把皺褶燙平。,,,,,,,,,,,,(n.),,,,,,,,,,,wtSjQtedlD4
國中,,,A1,,800-運動、興趣與愛好-1,ball,/bɔl/,球,He kicked the ball into the goal.,他把球踢進了球門。,,,,,,,,,,,,(n.),,,,,,,,,,,9S0CRzVzGDQ
國中,,,,,800-運動、興趣與愛好-1,dodge ball,,躲避球,We play dodge ball in PE class.,我們在體育課玩躲避球。,,,,,,,,,,,,(n.),,,,,,,,,,,9S0CRzVzGDQ
國中,,,A1,,800-運動、興趣與愛好-1,football,/ˋfʊt͵bɔl/,足球,He loves playing football with his friends.,他喜歡和他的朋友踢足球。,,,,,,,,,,,,(n.),,,,,,,,,,,9S0CRzVzGDQ
國中,,,,,800-運動、興趣與愛好-1,frisbee,/ˋfrɪzbi/,飛盤,Let's play frisbee at the beach.,我們去海邊玩飛盤吧。,,,,,,,,,,,,(n.),,,,,,,,,,,9S0CRzVzGDQ
國中,,,A2,,800-運動、興趣與愛好-1,golf,/gɑlf/,高爾夫球,He enjoys playing golf on weekends.,他喜歡在週末打高爾夫球。,,,,,,,,,,,,(n.),,,,,,,,,,,9S0CRzVzGDQ
國中,,,,,800-運動、興趣與愛好-1,softball,/ˋsɔft͵bɔl/,壘球,We have a softball game tomorrow.,我們明天有壘球比賽。,,,,,,,,,,,,(n.),,,,,,,,,,,9S0CRzVzGDQ
國中,,,A2,,800-運動、興趣與愛好-1,table tennis,,桌球；乒乓球,Do you want to play table tennis?,你想打桌球嗎？,,,,,,,,,,,,(n.),,,,,,,,,,,9S0CRzVzGDQ
國中,,,A2,,800-運動、興趣與愛好-1,volleyball,/ˋvɑlɪ͵bɔl/,排球,They played volleyball on the beach.,他們在海灘上打了排球。,,,,,,,,,,,,(n.),,,,,,,,,,,9S0CRzVzGDQ
國中,,,A2,,800-運動、興趣與愛好-1,barbecue,/ˋbɑrbɪkju/,火烤,They barbecued chicken for dinner.,他們晚餐烤了雞肉。,,,,,,,,,,,,(v.),,,,,,,,,,,9S0CRzVzGDQ
國中,,,,,800-運動、興趣與愛好-1,bowling,/ˋbolɪŋ/,保齡球,We went bowling last night.,我們昨晚去打保齡球了。,,,,,,,,,,,,(n.),,,,,,,,,,,9S0CRzVzGDQ
國中,,,,,800-運動、興趣與愛好-1,roller blade,,直排輪,I learned to ride roller blades yesterday.,我昨天學會溜直排輪。,,,,,,,,,,,,(n.),,,,,,,,,,,9S0CRzVzGDQ
國中,,,,,800-運動、興趣與愛好-1,roller skate (roller-skating),,溜冰鞋；滑輪；滑輪運動,I got new roller skates for Christmas.,我聖誕節收到新的溜冰鞋。,,,,,,,,,,,,(n.),,,,,,,,,,,9S0CRzVzGDQ
國中,,,A2,,800-運動、興趣與愛好-1,skate,/sket/,溜冰,They like to skate on the frozen lake.,他們喜歡在結冰的湖面上溜冰。,,,,,,,,,,,,(v.),,,,,,,,,,,9S0CRzVzGDQ
國中,,,,,800-運動、興趣與愛好-1,ski (skiing),/ski/,滑雪,We went skiing in the mountains last winter.,去年冬天我們去山裡滑雪。,,,,,,,,,,,,(v.),,,,,,,,,,,9S0CRzVzGDQ
國中,,,A1,,800-運動、興趣與愛好-1,travel,/ˋtræv!/,旅行,They love to travel around the world.,他們喜歡環遊世界。,,,,,,,,,,,,(v.),,,,,,,,,,,9S0CRzVzGDQ
國中,,,A2,,800-運動、興趣與愛好-1,cartoon,/kɑrˋtun/,卡通,The children watched their favorite cartoon.,孩子們觀看了他們最喜歡的卡通。,,,,,,,,,,,,(n.),,,,,,,,,,,9S0CRzVzGDQ
國中,,,A2,,800-運動、興趣與愛好-1,chess,/tʃɛs/,西洋棋,They played chess for hours.,他們下了幾個小時的西洋棋。,,,,,,,,,,,,(n.),,,,,,,,,,,9S0CRzVzGDQ
國中,,,,,800-運動、興趣與愛好-1,computer game,,電腦遊戲,He plays computer games every weekend.,他每個週末玩電腦遊戲。,,,,,,,,,,,,(n.),,,,,,,,,,,9S0CRzVzGDQ
國中,,,B1,,800-運動、興趣與愛好-1,drama,/ˋdrɑmə/,戲劇,She loves watching drama on TV.,她喜歡在電視上看戲劇。,,,,,,,,,,,,(n.),,,,,,,,,,,9S0CRzVzGDQ
國中,,,A1,,800-運動、興趣與愛好-1,film,/fɪlm/,電影,We watched a great film last night.,我們昨晚看了一部很棒的電影。,,,,,,,,,,,,(n.),,,,,,,,,,,9S0CRzVzGDQ
國中,,,B1,,800-運動、興趣與愛好-2,flute,/flut/,長笛,She plays the flute in the school band.,她在學校樂隊裡吹長笛。,,,,,,,,,,,,(n.),,,,,,,,,,,wT1LOE2CbU4
國中,,,A2,,800-運動、興趣與愛好-2,instrument,/ˋɪnstrəmənt/,樂器,"He plays the guitar, a musical instrument.",他彈吉他，一種樂器。,,,,,,,,,,,,(n.),,,,,,,,,,,wT1LOE2CbU4
國中,,,A2,,800-運動、興趣與愛好-2,jazz,/dʒæz/,爵士樂,He enjoys listening to jazz music.,他喜歡聽爵士樂。,,,,,,,,,,,,(n.),,,,,,,,,,,wT1LOE2CbU4
國中,,,B1,,800-運動、興趣與愛好-2,novel,/ˋnɑv!/,小說,She is reading a romantic novel.,她正在讀一本浪漫小說。,,,,,,,,,,,,(n.),,,,,,,,,,,wT1LOE2CbU4
國中,,,,,800-運動、興趣與愛好-2,pop music,,流行音樂,She loves listening to pop music.,她喜歡聽流行音樂。,,,,,,,,,,,,(n.),,,,,,,,,,,wT1LOE2CbU4
國中,,,A2,,800-運動、興趣與愛好-2,puzzle,/ˋpʌz!/,謎題,She solved the puzzle in ten minutes.,她在十分鐘內解開了謎題。,,,,,,,,,,,,(n.),,,,,,,,,,,wT1LOE2CbU4
國中,,,B1,,800-運動、興趣與愛好-2,tent,/tɛnt/,帳篷,We set up a tent in the camping area.,我們在露營區搭起了帳篷。,,,,,,,,,,,,(n.),,,,,,,,,,,wT1LOE2CbU4
國中,,,B1,,800-運動、興趣與愛好-2,trumpet,/ˋtrʌmpɪt/,喇叭,He plays the trumpet in the school band.,他在學校樂隊裡吹喇叭。,,,,,,,,,,,,(n.),,,,,,,,,,,wT1LOE2CbU4
國中,,,,,800-運動、興趣與愛好-2,loser,/ˋluzɚ/,失敗者,He felt like a loser after losing the game.,輸掉比賽後，他覺得自己像個失敗者。,,,,,,,,,,,,(n.),,,,,,,,,,,wT1LOE2CbU4
國中,,,A2,,800-運動、興趣與愛好-2,winner,/ˋwɪnɚ/,優勝者,The winner received a trophy.,優勝者獲得了一座獎盃。,,,,,,,,,,,,(n.),,,,,,,,,,,wT1LOE2CbU4
國中,,,A2,,800-房屋與公寓-1,building,/ˋbɪldɪŋ/,建築物,The building is very tall.,這棟建築物非常高。,,,,,,,,,,,,(n.),n.複數：buildings,,,,,,,,,,EsFpEPLDxOk
國中,,,B2,,800-房屋與公寓-1,basement,/ˋbesmənt/,地下室,We store old things in the basement.,我們把舊東西存放在地下室裡。,,,,,,,,,,,,(n.),,,,,,,,,,,EsFpEPLDxOk
國中,,,B2,,800-房屋與公寓-1,fence,/fɛns/,柵欄,The garden is surrounded by a wooden fence.,花園被木製柵欄圍繞著。,,,,,,,,,,,,(n.),,,,,,,,,,,EsFpEPLDxOk
國中,,,A2,,800-房屋與公寓-1,garage,/gəˋrɑʒ/,車庫,He parked his car in the garage.,他把車停在車庫裡。,,,,,,,,,,,,(n.),n.複數：garages,,,,,,,,,,EsFpEPLDxOk
國中,,,A2,,800-房屋與公寓-1,hall,/hɔl/,大廳,The wedding was held in the hall.,婚禮在大廳舉行。,,,,,,,,,,,,(n.),,,,,,,,,,,EsFpEPLDxOk
國中,,,A2,,800-房屋與公寓-1,ceiling,/ˋsilɪŋ/,天花板,The ceiling in the room is very high.,房間的天花板非常高。,,,,,,,,,,,,(n.),,,,,,,,,,,EsFpEPLDxOk
國中,,,A2,,800-房屋與公寓-1,downstairs,/͵daʊnˋstɛrz/,在樓下,The kitchen is downstairs.,廚房在樓下。,,,,,,,,,,,,(adv.),,,,,,,,,,,EsFpEPLDxOk
國中,,,A2,,800-房屋與公寓-1,roof,/ruf/,屋頂,The roof of the house needs repair.,這棟房子的屋頂需要修理。,,,,,,,,,,,,(n.),,,,,,,,,,,EsFpEPLDxOk
國中,,,A2,,800-房屋與公寓-1,upstairs,/ˋʌpˋstɛrz/,在樓上,Her room is upstairs.,她的房間在樓上。,,,,,,,,,,,,(adv.),,,,,,,,,,,EsFpEPLDxOk
國中,,,A2,,800-房屋與公寓-1,furniture,/ˋfɝnɪtʃɚ/,傢俱,The furniture in the living room is very comfortable.,客廳的傢俱非常舒適。,,,,,,,,,,,,(n.),,,,,,,,,,,EsFpEPLDxOk
國中,,,A2,,800-房屋與公寓-1,armchair,/ˋɑrm͵tʃɛr/,扶手椅,He sat comfortably in the armchair.,他舒適地坐在扶手椅上。,,,,,,,,,,,,(n.),,,,,,,,,,,EsFpEPLDxOk
國中,,,A1,,800-房屋與公寓-1,bookcase,/ˋbʊk͵kes/,書櫥,The bookcase is full of novels.,書櫥裡裝滿了小說。,,,,,,,,,,,,(n.),,,,,,,,,,,EsFpEPLDxOk
國中,,,A2,,800-房屋與公寓-1,closet,/ˋklɑzɪt/,櫥櫃,She keeps her clothes in the closet.,她把衣服放在衣櫥裡。,,,,,,,,,,,,(n.),,,,,,,,,,,EsFpEPLDxOk
國中,,,A2,,800-房屋與公寓-1,curtain,/ˋkɝtn/,窗簾,She closed the curtains to block out the light.,她拉上窗簾以遮擋光線。,,,,,,,,,,,,(n.),,,,,,,,,,,EsFpEPLDxOk
國中,,,B1,,800-房屋與公寓-1,faucet,/ˋfɔsɪt/,水龍頭,Please turn off the faucet after washing your hands.,洗完手後請關掉水龍頭。,,,,,,,,,,,,(n.),,,,,,,,,,,EsFpEPLDxOk
國中,,,A2,,800-房屋與公寓-1,mirror,/ˋmɪrɚ/,鏡子,She looked at herself in the mirror.,她看著鏡子裡的自己。,,,,,,,,,,,,(n.),,,,,,,,,,,EsFpEPLDxOk
國中,,,A2,,800-房屋與公寓-1,shelf,/ʃɛlf/,架子,The books are on the top shelf.,書在最上面的架子上。,,,,,,,,,,,,(n.),n.複數：shelves,,,,,,,,,,EsFpEPLDxOk
國中,,,A2,,800-房屋與公寓-1,sink,/sɪŋk/,水槽,The plates are in the sink.,盤子在水槽裡。,,,,,,,,,,,,(n.),,,,,,,,,,,EsFpEPLDxOk
國中,,,,,800-房屋與公寓-1,tub,/tʌb/,盆；桶；浴缸,"After a long day, she enjoyed a relaxing bath in the tub.",忙碌一天之後，她享受了一個在浴缸裡的放鬆沐浴。,,,,,,,,,,,,(n.),,,,,,,,,,,EsFpEPLDxOk
國中,,,A2,,800-房屋與公寓-1,carpet,/ˋkɑrpɪt/,地毯,The living room has a soft carpet.,客廳裡有一塊柔軟的地毯。,,,,,,,,,,,,(n.),,,,,,,,,,,wT1LOE2CbU4
國中,,,,,800-房屋與公寓-2,hanger,/ˋhæŋɚ/,衣架,I need a hanger to hang my coat.,我需要一個衣架來掛我的外套。,,,,,,,,,,,,(n.),,,,,,,,,,,XVTHpgRDRpY
國中,,,A2,,800-房屋與公寓-2,pillow,/ˋpɪlo/,枕頭,She rested her head on the pillow.,她把頭靠在枕頭上休息。,,,,,,,,,,,,(n.),,,,,,,,,,,XVTHpgRDRpY
國中,,,A2,,800-房屋與公寓-2,sheet,/ʃit/,床單,She changed the bedsheet yesterday.,她昨天換了床單。,,,,,,,,,,,,(n.),,,,,,,,,,,XVTHpgRDRpY
國中,,,A2,,800-房屋與公寓-2,toothbrush,/ˋtuθ͵brʌʃ/,牙刷,Don’t forget to bring your toothbrush.,別忘了帶牙刷。,,,,,,,,,,,,(n.),,,,,,,,,,,XVTHpgRDRpY
國中,,,A2,,800-房屋與公寓-2,soap,/sop/,肥皂,Use soap to wash your hands.,用肥皂洗手。,,,,,,,,,,,,(n.),,,,,,,,,,,XVTHpgRDRpY
國中,,,,,800-房屋與公寓-2,air conditioner,,冷氣機；空調,The air conditioner is too cold.,冷氣太冷了。,,,,,,,,,,,,(n.),,,,,,,,,,,XVTHpgRDRpY
國中,,,A2,,800-房屋與公寓-2,dresser,/ˋdrɛsɚ/,(附鏡子)衣櫃；梳妝台；穿衣者,She keeps her jewelry in a small box on top of her dresser.,她把珠寶放在梳妝台上的小盒子裡。,,,,,,,,,,,,(n.),,,,,,,,,,,XVTHpgRDRpY
國中,,,,,800-房屋與公寓-2,dryer,/ˋdraɪɚ/,烘乾機,She put the clothes in the dryer to speed up drying.,她把衣服放進烘乾機加速乾燥。,,,,,,,,,,,,(n.),,,,,,,,,,,XVTHpgRDRpY
國中,,,B2,,800-房屋與公寓-2,flashlight,/ˋflæʃ͵laɪt/,手電筒,She used a flashlight to find her way in the dark.,她用手電筒在黑暗中尋找路徑。,,,,,,,,,,,,(n.),,,,,,,,,,,XVTHpgRDRpY
國中,,,B1,,800-房屋與公寓-2,freezer,/ˋfrizɚ/,冷凍庫；冰箱的冷凍室,I put the ice cream in the freezer to keep it firm and prevent melting.,我把冰淇淋放進冷凍庫，讓它保持堅硬不融化。,,,,,,,,,,,,(n.),,,,,,,,,,,XVTHpgRDRpY
國中,,,B1,,800-房屋與公寓-2,heater,/ˋhitɚ/,熱水器,We turned on the heater because it was cold.,因為天氣冷，我們打開了暖氣。,,,,,,,,,,,,(n.),,,,,,,,,,,XVTHpgRDRpY
國中,,,,,800-房屋與公寓-2,microwave,/ˋmaɪkro͵wev/,微波爐,She heated the leftovers in the microwave.,她用微波爐加熱剩菜。,,,,,,,,,,,,(n.),,,,,,,,,,,XVTHpgRDRpY
國中,,,B1,,800-房屋與公寓-2,oven,/ˋʌvən/,烤箱,She baked a cake in the oven.,她用烤箱烤了一個蛋糕。,,,,,,,,,,,,(n.),,,,,,,,,,,XVTHpgRDRpY
國中,,,A2,,800-房屋與公寓-2,speaker,/ˋspikɚ/,喇叭、音響,I listen to music on the speaker in my room.,我在房間裡用喇叭聽音樂。,,,,,,,,,,,,(n.),,,,,,,,,,,XVTHpgRDRpY
國中,,,A2,,800-房屋與公寓-2,stove,/stov/,火爐,She cooked dinner on the stove.,她在爐灶上做晚餐。,,,,,,,,,,,,(n.),,,,,,,,,,,XVTHpgRDRpY
國中,,,A2,,800-房屋與公寓-2,printer,/ˋprɪntɚ/,印表機,The printer ran out of ink.,印表機沒墨水了。,,,,,,,,,,,,n.,,,,,,,,,,,XVTHpgRDRpY
國中,,,B2,,800-房屋與公寓-2,brick,/brɪk/,磚塊,The house is made of bricks.,這房子是用磚塊砌成的。,,,,,,,,,,,,(n.),,,,,,,,,,,XVTHpgRDRpY
國中,,,B1,,800-房屋與公寓-2,bucket,/ˋbʌkɪt/,桶子,The farmer carried water in a bucket.,農夫用水桶提水。,,,,,,,,,,,,(n.),,,,,,,,,,,XVTHpgRDRpY
國中,,,B2,,800-房屋與公寓-2,hammer,/ˋhæmɚ/,槌子,He used a hammer to fix the shelf.,他用槌子修理了架子。,,,,,,,,,,,,(n.),,,,,,,,,,,XVTHpgRDRpY
國中,,,B1,,800-房屋與公寓-2,housework,/ˋhaʊs͵wɝk/,家事,She does all the housework by herself.,她自己做所有的家務。,,,,,,,,,,,,(n.),,,,,,,,,,,XVTHpgRDRpY
國中,,,C1,,800-房屋與公寓-3,mat,/mæt/,墊子,Please wipe your feet on the mat before entering.,進門前請在墊子上擦腳。,,,,,,,,,,,,(n.),,,,,,,,,,,LvVmL_psCPE
國中,,,B2,,800-房屋與公寓-3,needle,/ˋnid!/,針,She used a needle to sew the button back on.,她用針把鈕扣縫回去。,,,,,,,,,,,,(n.),,,,,,,,,,,LvVmL_psCPE
國中,,,B1,,800-房屋與公寓-3,pan,/pæn/,平底鍋,She cooked the eggs in a frying pan.,她用平底鍋煎了蛋。,,,,,,,,,,,,(n.),n.複數：pans,,,,,,,,,,LvVmL_psCPE
國中,,,,,800-房屋與公寓-3,teapot,/ˋti͵pɑt/,茶壺,She poured tea from the teapot into the cups.,她從茶壺裡倒茶到杯子裡。,,,,,,,,,,,,(n.),,,,,,,,,,,LvVmL_psCPE
國中,,,A1,,800-房屋與公寓-3,toilet,/ˋtɔɪlɪt/,馬桶,The toilet is clogged; please fix it.,馬桶堵住了，請修一下。,,,,,,,,,,,,(n.),,,,,,,,,,,LvVmL_psCPE
國中,,,,,800-房屋與公寓-3,trash can,,垃圾桶,Please throw it in the trash can.,請把它丟進垃圾桶。,,,,,,,,,,,,(n.),,,,,,,,,,,LvVmL_psCPE
國中,,,,,800-房屋與公寓-3,wok,/wɑk/,炒菜鍋；中式炒鍋,Mom uses a wok to cook dinner.,媽媽用炒菜鍋做晚餐。,,,,,,,,,,,,(n.),,,,,,,,,,,LvVmL_psCPE
國中,,,B1,,800-房屋與公寓-3,tube,/tjub/,管子,The toothpaste comes in a small tube.,牙膏裝在一個小管子裡。,,,,,,,,,,,,(n.),,,,,,,,,,,LvVmL_psCPE
國中,,,B1,,800-房屋與公寓-3,decorate,/ˋdɛkə͵ret/,裝飾,We decorated the house for the party.,我們為了派對裝飾了房子。,,,,,,,,,,,,(v.),,,,,,,,,,,LvVmL_psCPE
國中,,,B1,,800-房屋與公寓-3,design,/dɪˋzaɪn/,設計,She designed a beautiful dress.,她設計了一件漂亮的禮服。,,,,,,,,,,,,(v.),,,,,,,,,,,LvVmL_psCPE
國中,,,A2,,800-房屋與公寓-3,repair,/rɪˋpɛr/,修理,He repaired the broken chair.,他修好了那把壞掉的椅子。,,,,,,,,,,,,(v.),,,,,,,,,,,LvVmL_psCPE
國中,,,B2,,800-房屋與公寓-3,sweep,/swip/,清掃,He swept the floor before guests arrived.,客人到來前他清掃了地板。,,,,,,,,,,,,(v.),v.過去式：swept；過去分詞：swept；現在分詞：sweeping,,,,,,,,,,LvVmL_psCPE
國中,,,A1,,800-房屋與公寓-3,wash,/wɑʃ/,洗滌,I need to wash my clothes.,我需要洗衣服。,,,,,,,,,,,,(v.),,,,,,,,,,,LvVmL_psCPE
國中,,,A1,,800-房屋與公寓-3,address,/əˋdrɛs/,地址,What is your home address?,你的家庭地址是什麼？,,,,,,,,,,,,(n.),,,,,,,,,,,LvVmL_psCPE
國中,,,A2,,800-學校-1,college,/ˋkɑlɪdʒ/,大學,He is studying at a famous college.,他在一所著名的大學學習。,,,,,,,,,,,,(n.),n.複數：colleges,,,,,,,,,,XveuHbyQeu8
國中,,,,,800-學校-1,kindergarten,/ˋkɪndɚ͵gɑrtn/,幼稚園,My son goes to kindergarten every day.,我兒子每天都去幼稚園。,,,,,,,,,,,,(n.),,,,,,,,,,,XveuHbyQeu8
國中,,,A1,,800-學校-1,university,/͵junəˋvɝsətɪ/,大學,She is studying at a famous university.,她正在一所著名的大學學習。,,,,,,,,,,,,(n.),,,,,,,,,,,XveuHbyQeu8
國中,,,B2,,800-學校-1,campus,/ˋkæmpəs/,校園,The university campus is very beautiful.,大學校園非常美麗。,,,,,,,,,,,,(n.),,,,,,,,,,,XveuHbyQeu8
國中,,,B1,,800-學校-1,guard,/gɑrd/,警衛,The guard stood at the entrance of the building.,警衛站在建築物的入口處。,,,,,,,,,,,,(n.),,,,,,,,,,,XveuHbyQeu8
國中,,,A1,,800-學校-1,board,/bord/,板子；委員會,The teacher wrote the homework on the smart board.,老師把作業寫在電子白板上。,,,,,,,,,,,,(n./v.),,,,,,,,,,,XveuHbyQeu8
國中,,,,,800-學校-1,crayon,/ˋkreən/,蠟筆,The child drew a picture with crayons.,孩子用蠟筆畫了一幅畫。,,,,,,,,,,,,(n.),,,,,,,,,,,XveuHbyQeu8
國中,,,A2,,800-學校-1,diary,/ˋdaɪərɪ/,日記,She writes in her diary every night.,她每天晚上寫日記。,,,,,,,,,,,,(n.),n.複數：diaries,,,,,,,,,,XveuHbyQeu8
國中,,,B1,,800-學校-1,ink,/ɪŋk/,墨水,The pen ran out of ink.,鋼筆沒墨水了。,,,,,,,,,,,,(n.),,,,,,,,,,,XveuHbyQeu8
國中,,,A2,,800-學校-1,magazine,/͵mægəˋzin/,雜誌,I read an interesting article in the magazine.,我在雜誌上讀到一篇有趣的文章。,,,,,,,,,,,,(n.),,,,,,,,,,,XveuHbyQeu8
國中,,,,,800-學校-1,pencil box (pencil case),,鉛筆盒,I forgot my pencil box at home.,我把鉛筆盒忘在家裡了。,,,,,,,,,,,,(n.),,,,,,,,,,,XveuHbyQeu8
國中,,,A2,,800-學校-1,sheet,/ʃit/,床單,She changed the bedsheet yesterday.,她昨天換了床單。,,,,,,,,,,,,(n.),,,,,,,,,,,XveuHbyQeu8
國中,,,A2,,800-學校-1,textbook,/ˋtɛkst͵bʊk/,教科書,The teacher asked us to bring our textbooks.,老師要求我們帶課本來。,,,,,,,,,,,,(n.),,,,,,,,,,,XveuHbyQeu8
國中,,,,,800-學校-1,backpack,[`bækˌpæk],當背包客，背著行李旅行,He backpacks across Europe.,他背著行李旅行穿越歐洲。,,,,,,,,,,,,(vi.),,,,,,,,,,,XveuHbyQeu8
國中,,,A2,,800-學校-1,geography,/ˋdʒɪˋɑgrəfɪ/,地理,She studies geography at university.,她在大學學習地理。,,,,,,,,,,,,(n.),,,,,,,,,,,XveuHbyQeu8
國中,,,A2,,800-學校-1,biology,/baɪˋɑlədʒɪ/,生物學,She studies biology at university.,她在大學學習生物學。,,,,,,,,,,,,(n.),,,,,,,,,,,XveuHbyQeu8
國中,,,A2,,800-學校-1,chemistry,/ˋkɛmɪstrɪ/,化學,Chemistry is one of my favorite subjects.,化學是我最喜歡的科目之一。,,,,,,,,,,,,n.,,,,,,,,,,,XveuHbyQeu8
國中,,,A2,,800-學校-1,physics,/ˋfɪzɪks/,物理,Physics is one of my favorite subjects.,物理是我最喜歡的科目之一。,,,,,,,,,,,,(n.),,,,,,,,,,,XveuHbyQeu8
國中,,,B1,,800-學校-1,law,/lɔ/,法律,Everyone must obey the law.,每個人必須遵守法律。,,,,,,,,,,,,(n.),n.複數：laws,,,,,,,,,,XveuHbyQeu8
國中,,,,,800-學校-1,social science,,社會科學,We have social science class on Mondays.,我們星期一有社會科學課。,,,,,,,,,,,,(n.),,,,,,,,,,,XveuHbyQeu8
國中,,,,,800-學校-2,cheerleader,/ˋtʃɪr͵lidɚ/,啦啦隊員；熱情支持者,My sister is a cheerleader this year.,我姊姊今年是啦啦隊員。,,,,,,,,,,,,(n.),,,,,,,,,,,hBx9h28WKxk
國中,,,,,800-學校-2,class leader,,班長,Our class leader is very responsible.,我們的班長非常負責任。,,,,,,,,,,,,(n.),,,,,,,,,,,hBx9h28WKxk
國中,,,A2,,800-學校-2,principal,/ˋprɪnsəp!/,原則,Honesty is a principal value in life.,誠實是人生的一個重要原則。,,,,,,,,,,,,(n.),,,,,,,,,,,hBx9h28WKxk
國中,,,B1,,800-學校-2,behave,/bɪˋhev/,表現,Please behave yourself in public.,請在公共場合注意自己的行為。,,,,,,,,,,,,(v.),,,,,,,,,,,hBx9h28WKxk
國中,,,B1,,800-學校-2,pronounce,/prəˋnaʊns/,發音,Can you pronounce this word correctly?,你能正確發音這個單詞嗎？,,,,,,,,,,,,(v.),,,,,,,,,,,hBx9h28WKxk
國中,,,B1,,800-學校-2,punish,/ˋpʌnɪʃ/,處罰,The teacher punished the student for cheating.,老師因作弊而懲罰了學生。,,,,,,,,,,,,(v.),,,,,,,,,,,hBx9h28WKxk
國中,,,B1,,800-學校-2,review,/rɪˋvju/,複習,She reviewed her notes before the exam.,她在考試前複習了筆記。,,,,,,,,,,,,(v.),,,,,,,,,,,hBx9h28WKxk
國中,,,B1,,800-學校-2,underline,/͵ʌndɚˋlaɪn/,強調,He underlined the important points in the text.,他在課文裡強調了重要的部分。,,,,,,,,,,,,(v.),,,,,,,,,,,hBx9h28WKxk
國中,,,B1,,800-學校-2,alphabet,/ˋælfə͵bɛt/,字母系統；字母表,Learning the alphabet is the first step to reading any language.,學習字母是閱讀任何語言的第一步。,,,,,,,,,,,,(n.),,,,,,,,,,,hBx9h28WKxk
國中,,,A1,,800-學校-2,conversation,/͵kɑnvɚˋseʃən/,對話,We had a long conversation about the future.,我們就未來進行了長時間的談話。,,,,,,,,,,,,(n.),,,,,,,,,,,hBx9h28WKxk
國中,,,A2,,800-學校-2,exam,/ɪgˋzæm/,考試,I studied hard for the exam.,我為考試努力學習。,,,,,,,,,,,,(n.),,,,,,,,,,,hBx9h28WKxk
國中,,,A2,,800-學校-2,final,/ˋfaɪn!/,最後的,This is the final exam of the semester.,這是這個學期的期末考試。,,,,,,,,,,,,(adj.),,,,,,,,,,,hBx9h28WKxk
國中,,,B1,,800-學校-2,poem,/ˋpoɪm/,詩,She wrote a beautiful poem about nature.,她寫了一首關於自然的美麗詩篇。,,,,,,,,,,,,(n.),,,,,,,,,,,hBx9h28WKxk
國中,,,A2,,800-學校-2,record,/ˋrɛkɚd/,記錄,She broke the world record in the marathon.,她打破了馬拉松的世界紀錄。,,,,,,,,,,,,(n.),,,,,,,,,,,hBx9h28WKxk
國中,,,B1,,800-學校-2,score,/skor/,得分,The team scored three goals in the match.,球隊在比賽中得了三分。,,,,,,,,,,,,(n.),,,,,,,,,,,hBx9h28WKxk
國中,,,A2,,800-學校-2,vocabulary,/vəˋkæbjə͵lɛrɪ/,字彙,Expanding your vocabulary helps with reading.,擴展你的字彙有助於閱讀。,,,,,,,,,,,,(n.),n.複數：vocabularies,,,,,,,,,,hBx9h28WKxk
國中,,,A2,,800-學校-2,semester,/səˋmɛstɚ/,學期,The semester ends in December.,學期在十二月結束。,,,,,,,,,,,,(n.),,,,,,,,,,,hBx9h28WKxk
國中,,,B1,,800-地點與位置-1,position,/pəˋzɪʃən/,位置,What is your position on this issue?,你對這個問題的立場是什麼？,,,,,,,,,,,,(n.),,,,,,,,,,,ehIqn2f1UCA
國中,,,C2,,800-地點與位置-1,backward,/ˋbækwɚd/,向後的；落後的,"He looked at the old, backward village, feeling a sense of nostalgia.",他看著那個老舊、落後的村莊，感到一絲懷舊。,,,,,,,,,,,,(adj.),,,,,,,,,,,ehIqn2f1UCA
國中,,,B1,,800-地點與位置-1,central,/ˋsɛntrəl/,中央的,The train station is in the central part of town.,火車站位於城鎮的中央部分。,,,,,,,,,,,,(adj.),,,,,,,,,,,ehIqn2f1UCA
國中,,,B1,,800-地點與位置-1,forward,/ˋfɔrwɚd/ ; /ˋfɔrwɚdz/,向前的；前進的,We need to take a forward step to solve this problem.,我們需要向前邁進一步來解決這個問題。,,,,,,,,,,,,(adj./n./v.),,,,,,,,,,,ehIqn2f1UCA
國中,,,,,800-地點與位置-1,buffet,/ˋbʌfɪt/,自助餐,We enjoyed a buffet dinner at the restaurant.,我們在餐廳享用了自助晚餐。,,,,,,,,,,,,(n.),,,,,,,,,,,ehIqn2f1UCA
國中,,,A2,,800-地點與位置-1,cafeteria,/͵kæfəˋtɪrɪə/,自助餐廳,We had lunch at the school cafeteria.,我們在學校的自助餐廳吃了午餐。,,,,,,,,,,,,(n.),,,,,,,,,,,ehIqn2f1UCA
國中,,,,,800-地點與位置-1,convenience store,"[kən`vinjəns ,stɔr]",便利商店,I bought a drink at the convenience store.,我在便利商店買了一瓶飲料。,,,,,,,,,,,,(n.),,,,,,,,,,,ehIqn2f1UCA
國中,,,,,800-地點與位置-1,culture center,,文化中心,There's an art show at the culture center.,文化中心有藝術展覽。,,,,,,,,,,,,(n.),,,,,,,,,,,ehIqn2f1UCA
國中,,,B1,,800-地點與位置-1,drugstore,/ˋdrʌg͵stor/,(兼售雜貨的)藥房,I need to go to the drugstore to buy some toothpaste and medicine.,我需要去藥房買些牙膏和藥。,,,,,,,,,,,,(n.),,,,,,,,,,,ehIqn2f1UCA
國中,,,,,800-地點與位置-1,fast food restaurant,,速食店,Let's eat at the fast food restaurant.,我們去速食店吃吧。,,,,,,,,,,,,(n.),,,,,,,,,,,ehIqn2f1UCA
國中,,,B1,,800-地點與位置-1,fire station,['faɪər ˌsteʃən],消防局,The fire station is next to the police station.,消防局在警察局旁邊。,,,,,,,,,,,,(n.),,,,,,,,,,,ehIqn2f1UCA
國中,,,,,800-地點與位置-1,flower shop,[`flaʊɚ `ʃɑp],花店,I bought these beautiful roses from that flower shop.,我從那家花店買了這些美麗的玫瑰。,,,,,,,,,,,,(n.),,,,,,,,,,,ehIqn2f1UCA
國中,,,B1,,800-地點與位置-1,mall,/mɔl/,商場,We went shopping at the mall yesterday.,我們昨天去商場購物。,,,,,,,,,,,,(n.),,,,,,,,,,,ehIqn2f1UCA
國中,,,,,800-地點與位置-1,men's room,,男廁,The men's room is on the left.,男廁在左邊。,,,,,,,,,,,,(n.),,,,,,,,,,,ehIqn2f1UCA
國中,,,,,800-地點與位置-1,women's room,,女廁,Where is the women's room?,女廁在哪裡？,,,,,,,,,,,,(n.),,,,,,,,,,,ehIqn2f1UCA
國中,,,A1,,800-地點與位置-1,movie theater,['muvi ˌθiətər],電影院,We went to the movie theater last Friday.,我們上週五去看電影了。,,,,,,,,,,,,(n.),,,,,,,,,,,ehIqn2f1UCA
國中,,,A2,,800-地點與位置-1,police station,/pəˈlis ˌsteɪʃən/,警察局,The thief was taken to the police station.,小偷被帶到了警察局。,,,,,,,,,,,,(n.),,,,,,,,,,,ehIqn2f1UCA
國中,,,,,800-地點與位置-1,stationery store,,文具店,Let's buy notebooks at the stationery store.,我們去文具店買筆記本吧。,,,,,,,,,,,,(n.),,,,,,,,,,,ehIqn2f1UCA
國中,,,B1,,800-地點與位置-1,waterfalls,,瀑布,We saw beautiful waterfalls on our trip.,我們旅行時看到美麗的瀑布。,,,,,,,,,,,,(n.),,,,,,,,,,,ehIqn2f1UCA
國中,,,A2,,800-地點與位置-1,downtown,/͵daʊnˋtaʊn/,商業區,We went downtown to do some shopping.,我們去市中心購物。,,,,,,,,,,,,(n.),,,,,,,,,,,ehIqn2f1UCA
國中,,,A1,,800-地點與位置-2,village,/ˋvɪlɪdʒ/,村莊,The village is peaceful and quiet.,這個村莊平靜又安寧。,,,,,,,,,,,,(n.),n.複數：villages,,,,,,,,,,hVAs_x3nCtY
國中,,,B1,,800-地點與位置-2,local,/ˋlok!/,本地的,Local businesses are important to the community.,本地企業對社區很重要。,,,,,,,,,,,,(adj.),,,,,,,,,,,hVAs_x3nCtY
國中,,,A2,,800-地點與位置-2,international,/͵ɪntɚˋnæʃən!/,國際的,The conference attracted international attention.,這次會議吸引了國際關注。,,,,,,,,,,,,(adj.),,,,,,,,,,,hVAs_x3nCtY
國中,,,A2,,800-交通工具,ambulance,/ˋæmbjələns/,救護車,The ambulance arrived quickly.,救護車很快就到了。,,,,,,,,,,,,(n.),,,,,,,,,,,J5xm6WcUN-0
國中,,,A2,,800-交通工具,helicopter,/ˋhɛlɪkɑptɚ/,直升機,The helicopter landed safely on the roof.,直升機安全降落在屋頂上。,,,,,,,,,,,,(n.),n.複數：helicopters,,,,,,,,,,J5xm6WcUN-0
國中,,,,,800-交通工具,jeep,/dʒip/,吉普車,We drove a jeep through the mountains.,我們開著吉普車穿越山脈。,,,,,,,,,,,,(n.),,,,,,,,,,,J5xm6WcUN-0
國中,,,C1,,800-交通工具,tank,/tæŋk/,坦克,The army used tanks in the battle.,軍隊在戰鬥中使用了坦克。,,,,,,,,,,,,(n.),,,,,,,,,,,J5xm6WcUN-0
國中,,,B1,,800-交通工具,airlines,,航空公司,Many airlines fly to Japan daily.,許多航空公司每天都有飛日本的班機。,,,,,,,,,,,,(n.),,,,,,,,,,,J5xm6WcUN-0
國中,,,A2,,800-交通工具,bus stop,/ˈbʌs ˌstɑp/,公車站,We waited at the bus stop for ten minutes.,我們在公車站等了十分鐘。,,,,,,,,,,,,(n.),,,,,,,,,,,J5xm6WcUN-0
國中,,,A2,,800-交通工具,parking lot,,停車場,The parking lot is always full.,停車場總是滿的。,,,,,,,,,,,,(n.),,,,,,,,,,,J5xm6WcUN-0
國中,,,,,800-交通工具,train station,,火車站,Let's meet at the train station.,我們在火車站見面吧。,,,,,,,,,,,,(n.),,,,,,,,,,,J5xm6WcUN-0
國中,,,,,800-交通工具,flat tire,,爆胎；漏氣的輪胎,My bike has a flat tire.,我的腳踏車爆胎了。,,,,,,,,,,,,(n.),,,,,,,,,,,J5xm6WcUN-0
國中,,,A2,,800-交通工具,highway,/ˋhaɪ͵we/,公路,We drove on the highway to get to the city.,我們沿著公路開車前往城市。,,,,,,,,,,,,(n.),,,,,,,,,,,J5xm6WcUN-0
國中,,,,,800-交通工具,MRT,/ˌɛmˌɑrˈtiː/,捷運,We took the MRT to get to the city center.,我們搭捷運去市中心。,,,,,,,,,,,,(n.),,,,,,,,,,,J5xm6WcUN-0
國中,,,,,800-交通工具,overpass,/͵ovɚˋpæs/,天橋；高架橋,Use the overpass to cross the street.,用天橋過馬路。,,,,,,,,,,,,(n.),,,,,,,,,,,J5xm6WcUN-0
國中,,,A2,,800-交通工具,passenger,/ˋpæsndʒɚ/,乘客,The bus was full of passengers.,公共汽車上滿是乘客。,,,,,,,,,,,,(n.),,,,,,,,,,,J5xm6WcUN-0
國中,,,A2,,800-交通工具,path,/pæθ/,小徑,We followed the path through the forest.,我們沿著小徑穿過森林。,,,,,,,,,,,,(n.),,,,,,,,,,,J5xm6WcUN-0
國中,,,A2,,800-交通工具,platform,/ˋplæt͵fɔrm/,月臺,The train will arrive at platform 3.,火車將抵達3號月台。,,,,,,,,,,,,(n.),,,,,,,,,,,J5xm6WcUN-0
國中,,,A2,,800-交通工具,railroad,/ˋrel͵rod/,鐵路,The railroad connects two major cities.,這條鐵路連接了兩個主要城市。,,,,,,,,,,,,(n.),,,,,,,,,,,J5xm6WcUN-0
國中,,,A2,,800-交通工具,railway,/ˋrel͵we/,鐵路；鐵道,The railway connects the two cities.,鐵路連接這兩個城市。,,,,,,,,,,,,(n.),,,,,,,,,,,J5xm6WcUN-0
國中,,,A1,,800-交通工具,subway,/ˋsʌb͵we/,地鐵,We took the subway to get to the city center.,我們搭地鐵去市中心。,,,,,,,,,,,,(n.),,,,,,,,,,,J5xm6WcUN-0
國中,,,,,800-交通工具,underpass,/ˋʌndɚ͵pæs/,地下道；下穿通道,We crossed the busy road using the underpass to avoid traffic.,我們使用地下道穿過繁忙的馬路以避開車流。,,,,,,,,,,,,(n.),,,,,,,,,,,J5xm6WcUN-0
國中,,,A2,,800-交通工具,wheel,/hwil/,車輪,The car’s wheel got stuck in the mud.,車輪卡在泥裡了。,,,,,,,,,,,,(n.),,,,,,,,,,,J5xm6WcUN-0
國中,,,A2,,800-尺寸與度量,kilometer,/ˋkɪlə͵mitɚ/,公里,The distance from here to the city center is ten kilometers.,這裡到市中心的距離是十公里。,,,,,,,,,,,,(n.),,,,,,,,,,,KpGd-Y7yfcY
國中,,,,,800-尺寸與度量,liter,/ˋlitɚ/,升(容量單位),This bottle holds one liter of water.,這個瓶子能裝一升水。,,,,,,,,,,,,(n.),,,,,,,,,,,KpGd-Y7yfcY
國中,,,,,800-尺寸與度量,meter,/ˋmitɚ/,公尺,The park is about 500 meters away.,公園大約有500公尺遠。,,,,,,,,,,,,(n.),n.複數：meters,,,,,,,,,,KpGd-Y7yfcY
國中,,,C1,,800-尺寸與度量,rectangle,/rɛkˋtæŋg!/,長方形,The table is shaped like a rectangle.,這張桌子是長方形的。,,,,,,,,,,,,(n.),,,,,,,,,,,KpGd-Y7yfcY
國中,,,B2,,800-尺寸與度量,triangle,/ˋtraɪ͵æŋg!/,三角形,A triangle has three sides.,三角形有三條邊。,,,,,,,,,,,,(n.),,,,,,,,,,,KpGd-Y7yfcY
國中,,,B2,,800-尺寸與度量,distant,/ˋdɪstənt/,遠的,The mountains look distant from here.,從這裡看，那些山看起來很遠。,,,,,,,,,,,,(adj.),,,,,,,,,,,KpGd-Y7yfcY
國中,,,A2,,800-尺寸與度量,extra,/ˋɛkstrə/,额外的,You need to pay extra for the delivery service.,你需要為送貨服務支付額外費用。,,,,,,,,,,,,(adj.),,,,,,,,,,,KpGd-Y7yfcY
國中,,,B1,,800-尺寸與度量,maximum,/ˋmæksəməm/,最多的,The maximum number of people allowed is 50.,允許的最大人數是50人。,,,,,,,,,,,,(adj.),,,,,,,,,,,KpGd-Y7yfcY
國中,,,A2,,800-尺寸與度量,minus,/ˋmaɪnəs/,減,Five minus three equals two.,五減三等於二。,,,,,,,,,,,,(prep.),,,,,,,,,,,KpGd-Y7yfcY
國中,,,B1,,800-尺寸與度量,narrow,/ˋnæro/,狹窄的,The road became very narrow as we drove up the mountai(n.),我們開車上山時，路變得非常窄。,,,,,,,,,,,,(adj.),,,,,,,,,,,KpGd-Y7yfcY
國中,,,A2,,800-尺寸與度量,plus,/plʌs/,加,Two plus two equals four.,二加二等於四。,,,,,,,,,,,,(prep.),,,,,,,,,,,KpGd-Y7yfcY
國中,,,B1,,800-尺寸與度量,tiny,/ˋtaɪnɪ/,極小的,The baby bird is tiny and cute.,小鳥寶寶又小又可愛。,,,,,,,,,,,,(adj.),,,,,,,,,,,KpGd-Y7yfcY
國中,,,B2,,800-尺寸與度量,loaf,/lof/,一條(麵包),I bought a loaf of bread from the bakery.,我從麵包店買了一條麵包。,,,,,,,,,,,,(n.),,,,,,,,,,,KpGd-Y7yfcY
國中,,,B1,,800-尺寸與度量,distance,/ˋdɪstəns/,距離,The distance from here to the beach is five miles.,從這裡到海灘的距離是五英里。,,,,,,,,,,,,(n.),,,,,,,,,,,KpGd-Y7yfcY
國中,,,B1,,800-尺寸與度量,weight,/wet/,重量,The weight of the package is five kilograms.,包裹的重量是五公斤。,,,,,,,,,,,,(n.),,,,,,,,,,,KpGd-Y7yfcY
國中,,,B1,,800-尺寸與度量,amount,[ə`maᴜnt],量,We need a large amount of water.,我們需要大量的水。,,,,,,,,,,,,(n.),,,,,,,,,,,KpGd-Y7yfcY
國中,,,B2,,800-尺寸與度量,measure,/ˋmɛʒɚ/,測量,We need to measure the length of the room.,我們需要測量房間的長度。,,,,,,,,,,,,(v.),,,,,,,,,,,KpGd-Y7yfcY
國中,,,,,800-國家與地區,Asia,/ˋeʃə/,亞洲,Taiwan is located in Asia.,台灣位於亞洲。,,,,,,,,,,,,(n.),,,,,,,,,,,oSfSgXPu1po
國中,,,B2,,800-國家與地區,nation,/ˋneʃən/,國家,Every nation has its own culture-and-traditions.,每個國家都有自己的文化和傳統。,,,,,,,,,,,,(n.),,,,,,,,,,,oSfSgXPu1po
國中,,,A1,,800-國家與地區,world,/wɝld/,世界,The world is full of amazing places to explore.,世界上充滿了值得探索的奇妙地方。,,,,,,,,,,,,(n.),n.複數：worlds,,,,,,,,,,oSfSgXPu1po
國中,,,,,800-國家與地區,Japan,[dʒə`pæn],日本,Japan has beautiful temples.,日本有美麗的寺廟。,,,,,,,,,,,,(n.),,,,,,,,,,,oSfSgXPu1po
國中,,,,,800-國家與地區,Korea,/koˋriə/,韓國,My family traveled to Korea last summer.,我們家去年夏天去韓國旅行。,,,,,,,,,,,,(n.),,,,,,,,,,,oSfSgXPu1po
國中,,,A2,,800-職業-1,artist,/ˋɑrtɪst/,藝術家,The artist painted a beautiful landscape.,這位藝術家畫了一幅美麗的風景畫。,,,,,,,,,,,,(n.),,,,,,,,,,,UyIpIWN2_OE
國中,,,A2,,800-職業-1,assistant,/əˋsɪstənt/,助手,The professor’s assistant helped with the research.,教授的助手協助進行了研究。,,,,,,,,,,,,(n.),,,,,,,,,,,UyIpIWN2_OE
國中,,,,,800-職業-1,baby sitter,/ˋbebɪsɪtɚ/,保母,We hired a babysitter for the evening.,我們為晚上雇了一位保母。,,,,,,,,,,,,(n.),,,,,,,,,,,UyIpIWN2_OE
國中,,,B1,,800-職業-1,barber,/ˋbɑrbɚ/,理髮師,He went to the barber to get a haircut.,他去理髮師那裡剪了頭髮。,,,,,,,,,,,,(n.),,,,,,,,,,,UyIpIWN2_OE
國中,,,,,800-職業-1,cowboy,/ˋkaʊbɔɪ/,牛仔,The cowboy rode his horse across the field.,牛仔騎著馬穿過田野。,,,,,,,,,,,,(n.),,,,,,,,,,,UyIpIWN2_OE
國中,,,B2,,800-職業-1,diplomat,/ˋdɪpləmæt/,外交官,The diplomat met with the president to discuss trade.,外交官與總統會面討論貿易問題。,,,,,,,,,,,,(n.),,,,,,,,,,,UyIpIWN2_OE
國中,,,A2,,800-職業-1,guide,/gaɪd/,引導,The tour guide showed us around the city.,導遊帶我們參觀了城市。,,,,,,,,,,,,(v.),,,,,,,,,,,UyIpIWN2_OE
國中,,,,,800-職業-1,hair dresser,,理髮師,My mom is a professional hair dresser.,我媽媽是專業的理髮師。,,,,,,,,,,,,(n.),,,,,,,,,,,UyIpIWN2_OE
國中,,,,,800-職業-1,hunter,/ˋhʌntɚ/,獵人,The hunter carried a bow-and-arrow.,獵人帶著弓箭。,,,,,,,,,,,,(n.),,,,,,,,,,,UyIpIWN2_OE
國中,,,B1,,800-職業-1,journalist,/ˋdʒɝnəlɪst/,新聞記者,The journalist interviewed the president.,記者採訪了總統。,,,,,,,,,,,,(n.),,,,,,,,,,,UyIpIWN2_OE
國中,,,B1,,800-職業-1,judge,/dʒʌdʒ/,判斷,You shouldn’t judge people by their appearance.,不應該以貌取人。,,,,,,,,,,,,(v.),,,,,,,,,,,UyIpIWN2_OE
國中,,,,,800-職業-1,magician,/məˋdʒɪʃən/,魔術師,The magician amazed the audience with his tricks.,魔術師用他的把戲驚艷了觀眾。,,,,,,,,,,,,(n.),,,,,,,,,,,UyIpIWN2_OE
國中,,,A2,,800-職業-1,manager,/ˋmænɪdʒɚ/,經理,The manager organized a meeting with the team.,經理組織了一次團隊會議。,,,,,,,,,,,,(n.),,,,,,,,,,,UyIpIWN2_OE
國中,,,A2,,800-職業-1,mechanic,/məˋkænɪk/,技工,The mechanic fixed my car in no time.,技工很快修好了我的車。,,,,,,,,,,,,(n.),,,,,,,,,,,UyIpIWN2_OE
國中,,,A2,,800-職業-1,model,/ˋmɑd!/,模特兒,She works as a fashion model.,她是一名時尚模特兒。,,,,,,,,,,,,(n.),,,,,,,,,,,UyIpIWN2_OE
國中,,,B1,,800-職業-1,musician,/mjuˋzɪʃən/,音樂家,He is a talented musician who plays multiple instruments.,他是一位能演奏多種樂器的天才音樂家。,,,,,,,,,,,,(n.),,,,,,,,,,,UyIpIWN2_OE
國中,,,B1,,800-職業-1,owner,/ˋonɚ/,物主,The owner of the restaurant greeted us warmly.,餐廳的老闆熱情地迎接我們。,,,,,,,,,,,,(n.),,,,,,,,,,,UyIpIWN2_OE
國中,,,A2,,800-職業-1,painter,/ˋpentɚ/,畫家,The painter created a beautiful portrait.,畫家創作了一幅美麗的肖像畫。,,,,,,,,,,,,(n.),,,,,,,,,,,UyIpIWN2_OE
國中,,,A2,,800-職業-1,president,/ˋprɛzədənt/,總統；校長,The president gave a speech at the ceremony.,校長在典禮上發表了演講。,,,,,,,,,,,,(n.),,,,,,,,,,,UyIpIWN2_OE
國中,,,B1,,800-職業-1,priest,/prist/,神父,The priest blessed the congregation.,神父祝福了會眾。,,,,,,,,,,,,(n.),,,,,,,,,,,UyIpIWN2_OE
國中,,,B1,,800-職業-2,sailor,/ˋselɚ/,水手,The sailor guided the ship through the storm.,水手指引船隻穿過暴風雨。,,,,,,,,,,,,(n.),,,,,,,,,,,dauRJHyt-ZY
國中,,,B1,,800-職業-2,scientist,/ˋsaɪəntɪst/,科學家,The scientist conducted an experiment in the lab.,科學家在實驗室進行了一項實驗。,,,,,,,,,,,,(n.),,,,,,,,,,,dauRJHyt-ZY
國中,,,B2,,800-職業-2,servant,/ˋsɝvənt/,僕人,The servant cleaned the house every morning.,僕人每天早上打掃房子。,,,,,,,,,,,,(n.),,,,,,,,,,,dauRJHyt-ZY
國中,,,,,800-職業-2,vendor.,/ˋvɛndɚ/,攤販,The street vendor sells fresh fruits.,街頭攤販賣新鮮水果。,,,,,,,,,,,,(n.),,,,,,,,,,,dauRJHyt-ZY
國中,,,A2,,800-職業-2,company,/ˋkʌmpənɪ/,公司,She works for a large company.,她在一間大公司工作。,,,,,,,,,,,,(n.),n.複數：companies,,,,,,,,,,dauRJHyt-ZY
國中,,,B1,,800-職業-2,employ,/ɪmˋplɔɪ/,雇用,The company decided to employ more workers.,公司決定雇用更多工人。,,,,,,,,,,,,(v.),,,,,,,,,,,dauRJHyt-ZY
國中,,,B1,,800-職業-2,hire,/haɪr/,雇用,The company decided to hire new employees.,公司決定雇用新員工。,,,,,,,,,,,,(v.),,,,,,,,,,,dauRJHyt-ZY
國中,,,A2,,800-天氣與自然現象,foggy,/ˋfɑgɪ/,濃霧的,"It was a foggy morning, so we stayed indoors.",這是個濃霧的早晨，所以我們待在室內。,,,,,,,,,,,,(adj.),,,,,,,,,,,Ad9H7PkW-dk
國中,,,B1,,800-天氣與自然現象,freezing,/ˋfrizɪŋ/,結冰；冷凍；極冷的,It's freezing cold outside today.,今天外面冷得要命。,,,,,,,,,,,,(n./adj.),,,,,,,,,,,Ad9H7PkW-dk
國中,,,B1,,800-天氣與自然現象,humid,/ˋhjumɪd/,潮溼的,The weather is very humid today.,今天的天氣非常潮濕。,,,,,,,,,,,,(adj.),,,,,,,,,,,Ad9H7PkW-dk
國中,,,B2,,800-天氣與自然現象,stormy,/ˋstɔrmɪ/,暴風雨的；激烈的,We decided to stay home because of the stormy weather.,因為暴風雨的天氣，我們決定待在家裡。,,,,,,,,,,,,(adj.),,,,,,,,,,,Ad9H7PkW-dk
國中,,,A2,,800-天氣與自然現象,fog,/fɑg/,霧,The fog made it difficult to see the road.,霧讓我們很難看清道路。,,,,,,,,,,,,(n.),,,,,,,,,,,Ad9H7PkW-dk
國中,,,B1,,800-天氣與自然現象,lightning,/ˋlaɪtnɪŋ/,閃電,The lightning lit up the sky.,閃電照亮了天空。,,,,,,,,,,,,(n.),,,,,,,,,,,Ad9H7PkW-dk
國中,,,,,800-天氣與自然現象,snowman,/ˋsno͵mæn/,雪人,We built a snowman in the yard.,我們在院子裡堆了雪人。,,,,,,,,,,,,(n.),,,,,,,,,,,Ad9H7PkW-dk
國中,,,A2,,800-天氣與自然現象,storm,/stɔrm/,暴風雨,A storm is coming; stay indoors.,暴風雨即將來臨；待在室內。,,,,,,,,,,,,(n.),,,,,,,,,,,Ad9H7PkW-dk
國中,,,B1,,800-天氣與自然現象,thunder,/ˋθʌndɚ/,雷,The thunder scared the children.,雷聲嚇到了孩子們。,,,,,,,,,,,,(n.),,,,,,,,,,,Ad9H7PkW-dk
國中,,,A2,,800-天氣與自然現象,air,/ɛr/,空氣,Fresh air is good for your health.,新鮮空氣對你的健康有益。,,,,,,,,,,,,(n.),n.複數：airs,,,,,,,,,,Ad9H7PkW-dk
國中,,,B1,,800-天氣與自然現象,natural,/ˋnætʃərəl/,自然的,It’s important to use natural ingredients in cooking.,在烹飪中使用天然成分很重要。,,,,,,,,,,,,(adj.),,,,,,,,,,,Ad9H7PkW-dk
國中,,,B1,,800-天氣與自然現象,climate,/ˋklaɪmɪt/,氣候,The climate in this region is mild.,這個地區的氣候溫和。,,,,,,,,,,,,(n.),n.複數：climates,,,,,,,,,,Ad9H7PkW-dk
國中,,,A2,,800-天氣與自然現象,degree,/dɪˋgri/,程度,The temperature dropped to ten degrees below zero.,溫度降至零下十度。,,,,,,,,,,,,(n.),,,,,,,,,,,Ad9H7PkW-dk
國中,,,A2,,800-天氣與自然現象,temperature,/ˋtɛmprətʃɚ/,溫度,The temperature dropped below zero last night.,昨晚溫度降至零度以下。,,,,,,,,,,,,(n.),,,,,,,,,,,Ad9H7PkW-dk
國中,,,B1,,800-地理用語,coast,/kost/,海岸,We spent our vacation on the coast.,我們在海岸度過了假期。,,,,,,,,,,,,(n.),,,,,,,,,,,ku7ZDEEY82Y
國中,,,A2,,800-地理用語,desert,/dɪˋzɝt/,沙漠,The Sahara Desert is the largest hot desert.,撒哈拉沙漠是最大的熱帶沙漠。,,,,,,,,,,,,(n.),,,,,,,,,,,ku7ZDEEY82Y
國中,,,B1,,800-地理用語,environment,/ɪnˋvaɪrənmənt/,自然環境,Protecting the environment is everyone’s responsibility.,保護環境是每個人的責任。,,,,,,,,,,,,(n.),,,,,,,,,,,ku7ZDEEY82Y
國中,,,A2,,800-地理用語,forest,/ˋfɔrɪst/,森林,We went hiking in the forest last weekend.,上週末我們去森林裡徒步旅行。,,,,,,,,,,,,(n.),n.複數：forests,,,,,,,,,,ku7ZDEEY82Y
國中,,,A2,,800-地理用語,ocean,/ˋoʃən/,海洋,The ocean is vast-and-beautiful.,海洋廣闊而美麗。,,,,,,,,,,,,(n.),n.複數：oceans,,,,,,,,,,ku7ZDEEY82Y
國中,,,B1,,800-地理用語,plain,/plen/,平原,The buffalo roamed across the plain.,水牛在平原上漫步。,,,,,,,,,,,,(n.),,,,,,,,,,,ku7ZDEEY82Y
國中,,,B1,,800-地理用語,stream,/strim/,小河,The children played by the stream.,孩子們在小溪邊玩耍。,,,,,,,,,,,,(n.),,,,,,,,,,,ku7ZDEEY82Y
國中,,,B1,,800-地理用語,valley,/ˋvælɪ/,山谷,The valley is surrounded by tall mountains.,山谷被高山環繞。,,,,,,,,,,,,(n.),,,,,,,,,,,ku7ZDEEY82Y
國中,,,,,800-地理用語,woods,/wʊdz/,森林；樹林,We went hiking in the woods.,我們去森林裡健行。,,,,,,,,,,,,(n.),,,,,,,,,,,ku7ZDEEY82Y
國中,,,A2,,800-介系詞,against,/əˋgɛnst/,靠著,The ladder is leaning against the wall.,梯子靠在牆上。,,,,,,,,,,,,(prep.),,,,,,,,,,,WFj7361dx5E
國中,,,A2,,800-介系詞,among,/əˋmʌŋ/,在…之間,She is among the best students in the class.,她是班上最好的學生之一。,,,,,,,,,,,,(prep.),,,,,,,,,,,WFj7361dx5E
國中,,,B1,,800-介系詞,beyond,/bɪˋjɑnd/,超出,The problem is beyond my understanding.,這個問題超出了我的理解範圍。,,,,,,,,,,,,(prep.),,,,,,,,,,,WFj7361dx5E
國中,,,,,800-介系詞,in back of,,在...後面,The gym is in back of the library.,體育館在圖書館後面。,,,,,,,,,,,,(prep.),,,,,,,,,,,WFj7361dx5E
國中,,,,,800-介系詞,in front of,[ɪn `frʌnt ʌv],在...前面,There is a big tree in front of my house.,我家門前有棵大樹。,,,,,,,,,,,,(phr.),,,,,,,,,,,WFj7361dx5E
國中,,,A2,,800-介系詞,out of,,從...出來；由於；缺少,We ran out of milk this morning.,我們今天早上牛奶喝完了。,,,,,,,,,,,,(prep.),,,,,,,,,,,WFj7361dx5E
國中,,,,,800-介系詞,next to,[`nɛkst tu],在...旁邊,The bank is right next to the post office.,銀行就在郵局的旁邊。,,,,,,,,,,,,(prep.),,,,,,,,,,,WFj7361dx5E
國中,,,A2,,800-介系詞,till,/tɪl/,直到,We worked till late at night.,我們工作到深夜。,,,,,,,,,,,,(conj.),,,,,,,,,,,WFj7361dx5E
國中,,,B1,,800-介系詞,toward,/təˋwɔrd/,朝,We walked toward the beach.,我們朝海灘走去。,,,,,,,,,,,,(prep.),,,,,,,,,,,WFj7361dx5E
國中,,,B2,,800-介系詞,upon,/ʌpˋsɛt/,在…之上,"Upon arrival, we were greeted with warm tea.",一抵達，我們就受到熱茶的歡迎。,,,,,,,,,,,,(prep.),,,,,,,,,,,WFj7361dx5E
國中,,,B1,,800-介系詞,upper,/ˋʌpɚ/,上面的,The upper shelf is too high for me to reach.,上層架子太高了，我夠不到。,,,,,,,,,,,,(adj.),,,,,,,,,,,WFj7361dx5E
國中,,,A1,,800-介系詞,up,/ʌp/,向上,Look up at the stars in the sky.,抬頭看看天上的星星。,,,,,,,,,,,,(adv.),,,,,,,,,,,WFj7361dx5E
國中,,,B1,,800-連接詞,besides,/bɪˋsaɪdz/,此外,"Besides English, she also speaks French.",除了英語，她還會說法語。,,,,,,,,,,,,(adv.),,,,,,,,,,,9eUEWUEerFI
國中,,,B1,,800-連接詞,therefore,/ˋðɛr͵for/,因此,"It’s raining; therefore, we stayed indoors.",下雨了，因此我們待在室內。,,,,,,,,,,,,(adv.),,,,,,,,,,,9eUEWUEerFI
國中,,,A2,,800-介系詞,against,/əˋgɛnst/,靠著,The ladder is leaning against the wall.,梯子靠在牆上。,,,,,,,,,,,,(prep.),,,,,,,,,,,WFj7361dx5E
國中,,,A2,,800-介系詞,among,/əˋmʌŋ/,在…之間,She is among the best students in the class.,她是班上最好的學生之一。,,,,,,,,,,,,(prep.),,,,,,,,,,,WFj7361dx5E
國中,,,B1,,800-介系詞,beyond,/bɪˋjɑnd/,超出,The problem is beyond my understanding.,這個問題超出了我的理解範圍。,,,,,,,,,,,,(prep.),,,,,,,,,,,WFj7361dx5E
國中,,,,,800-介系詞,in back of,,在...後面,The gym is in back of the library.,體育館在圖書館後面。,,,,,,,,,,,,(prep.),,,,,,,,,,,WFj7361dx5E
國中,,,,,800-介系詞,in front of,[ɪn `frʌnt ʌv],在...前面,There is a big tree in front of my house.,我家門前有棵大樹。,,,,,,,,,,,,(phr.),,,,,,,,,,,WFj7361dx5E
國中,,,A2,,800-介系詞,out of,,從...出來；由於；缺少,We ran out of milk this morning.,我們今天早上牛奶喝完了。,,,,,,,,,,,,(prep.),,,,,,,,,,,WFj7361dx5E
國中,,,,,800-介系詞,next to,[`nɛkst tu],在...旁邊,The bank is right next to the post office.,銀行就在郵局的旁邊。,,,,,,,,,,,,(prep.),,,,,,,,,,,WFj7361dx5E
國中,,,A2,,800-介系詞,till,/tɪl/,直到,We worked till late at night.,我們工作到深夜。,,,,,,,,,,,,(conj.),,,,,,,,,,,WFj7361dx5E
國中,,,B1,,800-介系詞,toward,/təˋwɔrd/,朝,We walked toward the beach.,我們朝海灘走去。,,,,,,,,,,,,(prep.),,,,,,,,,,,WFj7361dx5E
國中,,,B2,,800-介系詞,upon,/ʌpˋsɛt/,在…之上,"Upon arrival, we were greeted with warm tea.",一抵達，我們就受到熱茶的歡迎。,,,,,,,,,,,,(prep.),,,,,,,,,,,WFj7361dx5E
國中,,,B1,,800-介系詞,upper,/ˋʌpɚ/,上面的,The upper shelf is too high for me to reach.,上層架子太高了，我夠不到。,,,,,,,,,,,,(adj.),,,,,,,,,,,WFj7361dx5E
國中,,,A1,,800-介系詞,up,/ʌp/,向上,Look up at the stars in the sky.,抬頭看看天上的星星。,,,,,,,,,,,,(adv.),,,,,,,,,,,WFj7361dx5E
國中,,,B1,,800-連接詞,besides,/bɪˋsaɪdz/,此外,"Besides English, she also speaks French.",除了英語，她還會說法語。,,,,,,,,,,,,(adv.),,,,,,,,,,,9eUEWUEerFI
國中,,,B1,,800-連接詞,therefore,/ˋðɛr͵for/,因此,"It’s raining; therefore, we stayed indoors.",下雨了，因此我們待在室內。,,,,,,,,,,,,(adv.),,,,,,,,,,,9eUEWUEerFI
國中,,,A2,,800-其他名詞-1,accident,/ˋæksədənt/,意外,There was a car accident on the highway.,高速公路上發生了一起車禍。,,,,,,,,,,,,(n.),,,,,,,,,,,oUOP5xHDFGU
國中,,,A2,,800-其他名詞-1,activity,/ækˋtɪvətɪ/,活動,We have many activities planned for the weekend.,我們為週末計劃了很多活動。,,,,,,,,,,,,(n.),,,,,,,,,,,oUOP5xHDFGU
國中,,,A2,,800-其他名詞-1,advertisement,/͵ædvɚˋtaɪzmənt/,廣告,The advertisement caught my attention.,這則廣告引起了我的注意。,,,,,,,,,,,,(n.),,,,,,,,,,,oUOP5xHDFGU
國中,,,A2,,800-其他名詞-1,advice,/ədˋvaɪs/,勸告,His advice was very helpful.,他的建議很有幫助。,,,,,,,,,,,,(n.),,,,,,,,,,,oUOP5xHDFGU
國中,,,B1,,800-其他名詞-1,aim,/em/,目標,Her aim is to become a doctor.,她的目標是成為一名醫生。,,,,,,,,,,,,(n.),,,,,,,,,,,oUOP5xHDFGU
國中,,,A2,,800-其他名詞-1,alarm,/əˋlɑrm/,警報器,The alarm went off in the middle of the night.,警報器在半夜響了起來。,,,,,,,,,,,,(n.),,,,,,,,,,,oUOP5xHDFGU
國中,,,A2,,800-其他名詞-1,album,/ˋælbəm/,相簿,This photo album holds many memories.,這本相冊保存了許多回憶。,,,,,,,,,,,,(n.),,,,,,,,,,,oUOP5xHDFGU
國中,,,B2,,800-其他名詞-1,anger,/ˋæŋgɚ/,憤怒,His anger was obvious.,他的憤怒顯而易見。,,,,,,,,,,,,(n.),,,,,,,,,,,oUOP5xHDFGU
國中,,,B1,,800-其他名詞-1,army,/ˋɑrmɪ/,軍隊,He joined the army last year.,他去年參軍了。,,,,,,,,,,,,(n.),,,,,,,,,,,oUOP5xHDFGU
國中,,,,,800-其他名詞-1,Asian,/ˋeʃən/,亞洲人；亞洲的,There are many Asian restaurants here.,這裡有很多亞洲餐廳。,,,,,,,,,,,,(n./adj.),,,,,,,,,,,oUOP5xHDFGU
國中,,,B1,,800-其他名詞-1,attention,/əˋtɛnʃən/,注意力,Pay attention to what I’m saying.,注意聽我說的話。,,,,,,,,,,,,(n.),,,,,,,,,,,oUOP5xHDFGU
國中,,,A2,,800-其他名詞-1,balloon,/bəˋlun/,氣球,The child held a red balloon.,孩子拿著一個紅色的氣球。,,,,,,,,,,,,(n.),,,,,,,,,,,oUOP5xHDFGU
國中,,,B2,,800-其他名詞-1,base,/bes/,基礎,The base of the building is very strong.,建築物的基礎非常堅固。,,,,,,,,,,,,(n.),,,,,,,,,,,oUOP5xHDFGU
國中,,,B1,,800-其他名詞-1,beauty,/ˋbjutɪ/,美貌,Her beauty is admired by everyone.,她的美貌受到所有人的欽佩。,,,,,,,,,,,,(n.),,,,,,,,,,,oUOP5xHDFGU
國中,,,A2,,800-其他名詞-1,beginner,/bɪˋgɪnɚ/,初學者,She is a beginner in playing the piano.,她是彈鋼琴的初學者。,,,,,,,,,,,,(n.),,,,,,,,,,,oUOP5xHDFGU
國中,,,A2,,800-其他名詞-1,beginning,/bɪˋgɪnɪŋ/,開始,"At the beginning of the year, I set some goals.",在年初，我設定了幾個目標。,,,,,,,,,,,,(n.),,,,,,,,,,,oUOP5xHDFGU
國中,,,A2,,800-其他名詞-1,blood,/blʌd/,血,Blood is red.,血是紅色的。,,,,,,,,,,,,(n.),,,,,,,,,,,oUOP5xHDFGU
國中,,,B1,,800-其他名詞-1,bomb,/bɑm/,炸彈,The bomb exploded in the middle of the night.,炸彈在半夜爆炸了。,,,,,,,,,,,,(n.),,,,,,,,,,,oUOP5xHDFGU
國中,,,B1,,800-其他名詞-1,branch,/bræntʃ/,分店,The company has branches all over the world.,這家公司在世界各地都有分店。,,,,,,,,,,,,(n.),,,,,,,,,,,oUOP5xHDFGU
國中,,,C2,,800-其他名詞-1,bundle,/ˋbʌnd!/,(一)包，束,She carried a bundle of clothes.,她抱著一捆衣服。,,,,,,,,,,,,(n.),,,,,,,,,,,oUOP5xHDFGU
國中,,,B1,,800-其他名詞-2,cable,/ˋkeb!/,電纜,The cable connects the two buildings.,電纜連接著兩棟建築物。,,,,,,,,,,,,(n.),,,,,,,,,,,7lFQ1s3gy6k
國中,,,B1,,800-其他名詞-2,cage,/kedʒ/,鳥籠,The bird was kept in a small cage.,那隻鳥被關在一個小籠子裡。,,,,,,,,,,,,(n.),,,,,,,,,,,7lFQ1s3gy6k
國中,,,B1,,800-其他名詞-2,captain,/ˋkæptɪn/,隊長,The captain led the team to victory.,隊長帶領球隊取得了勝利。,,,,,,,,,,,,(n.),,,,,,,,,,,7lFQ1s3gy6k
國中,,,B2,,800-其他名詞-2,cause,/kɔz/,原因、起因,The doctor is trying to find the cause of her headache.,醫生正在找出她頭痛的原因。,,,,,,,,,,,,(n.),,,,,,,,,,,7lFQ1s3gy6k
國中,,,A2,,800-其他名詞-2,century,/ˋsɛntʃʊrɪ/,世紀,The 21st century began in the year 2001.,21世紀始於2001年。,,,,,,,,,,,,(n.),n.複數：centuries,,,,,,,,,,7lFQ1s3gy6k
國中,,,A2,,800-其他名詞-2,channel,/ˋtʃæn!/,電視臺,What channel are you watching?,你在看哪個頻道？,,,,,,,,,,,,(n.),,,,,,,,,,,7lFQ1s3gy6k
國中,,,B1,,800-其他名詞-2,character,/ˋkærɪktɚ/,性格,He has a strong character.,他性格堅強。,,,,,,,,,,,,(n.),,,,,,,,,,,7lFQ1s3gy6k
國中,,,B2,,800-其他名詞-2,chart,/tʃɑrt/,圖表,The chart shows the sales growth over the year.,圖表顯示了全年的銷售增長情況。,,,,,,,,,,,,(n.),n.複數：charts,,,,,,,,,,7lFQ1s3gy6k
國中,,,B1,,800-其他名詞-2,childhood,[`tʃaɪldˌhᴜd],童年，孩童時期,My childhood was very happy.,我的童年很快樂。,,,,,,,,,,,,(n.),,,,,,,,,,,7lFQ1s3gy6k
國中,,,A2,,800-其他名詞-2,coach,/kotʃ/,教練,The coach gave the team some advice.,教練給了球隊一些建議。,,,,,,,,,,,,(n.),,,,,,,,,,,7lFQ1s3gy6k
國中,,,B2,,800-其他名詞-2,command,/kəˋmænd/,命令,"He gave a clear command; therefore, everyone understood their tasks perfectly.",他下達了清晰的命令；因此，每個人都完美地理解了他們的任務。,,,,,,,,,,,,(n.),,,,,,,,,,,7lFQ1s3gy6k
國中,,,A2,,800-其他名詞-2,congratulation,/kən͵grætʃəˋleʃən/,道賀,Congratulations on your success!,恭喜你的成功！,,,,,,,,,,,,(n.),,,,,,,,,,,7lFQ1s3gy6k
國中,,,B1,,800-其他名詞-2,contract,/kənˋtrækt/,合約,They signed a new contract with the company.,他們與公司簽署了一份新合同。,,,,,,,,,,,,(n.),,,,,,,,,,,7lFQ1s3gy6k
國中,,,B2,,800-其他名詞-2,courage,/͵kɝɪdʒ/,勇氣,It takes courage to face your fears.,面對恐懼需要勇氣。,,,,,,,,,,,,(n.),,,,,,,,,,,7lFQ1s3gy6k
國中,,,B1,,800-其他名詞-2,court,/kort/,法院；球場,The trial will take place in court next week.,審判將於下周在法院進行。,,,,,,,,,,,,(n.),,,,,,,,,,,7lFQ1s3gy6k
國中,,,B1,,800-其他名詞-2,crime,/kraɪm/,罪,Crime rates have decreased in recent years.,近年來犯罪率有所下降。,,,,,,,,,,,,(n.),,,,,,,,,,,7lFQ1s3gy6k
國中,,,A2,,800-其他名詞-2,crowd,/kraʊd/,人群,A large crowd gathered at the concert.,一大群人聚集在音樂會上。,,,,,,,,,,,,(n.),,,,,,,,,,,7lFQ1s3gy6k
國中,,,B2,,800-其他名詞-2,curve,/kɝv/,曲線,The road follows a gentle curve.,這條路沿著一條平緩的曲線延伸。,,,,,,,,,,,,(n.),,,,,,,,,,,7lFQ1s3gy6k
國中,,,B1,,800-其他名詞-2,damage,/ˋdæmɪdʒ/,損害,The storm caused a lot of damage to the house.,風暴對房子造成了很大的損害。,,,,,,,,,,,,(n.),,,,,,,,,,,7lFQ1s3gy6k
國中,,,A2,,800-其他名詞-2,danger,/ˋdendʒɚ/,危險,Be careful! There is danger ahead.,小心！前面有危險。,,,,,,,,,,,,(n.),n.複數：dangers,,,,,,,,,,7lFQ1s3gy6k
國中,,,B2,,800-其他名詞-3,debate,/dɪˋbet/,辯論,The students had a lively debate about the topic.,學生們就這個話題進行了熱烈的辯論。,,,,,,,,,,,,(n.),,,,,,,,,,,vEWLwfnBqQY
國中,,,B1,,800-其他名詞-3,decision,/dɪˋsɪʒən/,決定,Making a decision can be difficult sometimes.,做決定有時候很困難。,,,,,,,,,,,,(n.),,,,,,,,,,,vEWLwfnBqQY
國中,,,A2,,800-其他名詞-3,department,/dɪˋpɑrtmənt/,部門,She works in the marketing department.,她在行銷部門工作。,,,,,,,,,,,,(n.),,,,,,,,,,,vEWLwfnBqQY
國中,,,B2,,800-其他名詞-3,desire,/dɪˋzaɪr/,慾望,His desire to succeed motivated him.,他渴望成功的動力激勵了他。,,,,,,,,,,,,(n.),,,,,,,,,,,vEWLwfnBqQY
國中,,,A2,,800-其他名詞-3,difference,/ˋdɪfərəns/,差異,There is a big difference between the two options.,兩個選項之間有很大的差異。,,,,,,,,,,,,(n.),,,,,,,,,,,vEWLwfnBqQY
國中,,,B1,,800-其他名詞-3,difficulty,/ˋdɪfə͵kʌltɪ/,困難,He faced many difficulties during the project.,他在這個項目中遇到了許多困難。,,,,,,,,,,,,(n.),,,,,,,,,,,vEWLwfnBqQY
國中,,,A2,,800-其他名詞-3,direction,/dəˋrɛkʃən/,方向,Which direction should we go?,我們應該往哪個方向走？,,,,,,,,,,,,(n.),,,,,,,,,,,vEWLwfnBqQY
國中,,,B1,,800-其他名詞-3,discussion,/dɪˋskʌʃən/,討論,The discussion was very productive.,這次討論非常有成效。,,,,,,,,,,,,(n.),,,,,,,,,,,vEWLwfnBqQY
國中,,,B1,,800-其他名詞-3,duty,/ˋdjutɪ/,義務,It’s your duty to finish the project on time.,按時完成項目是你的責任。,,,,,,,,,,,,(n.),,,,,,,,,,,vEWLwfnBqQY
國中,,,B1,,800-其他名詞-3,edge,/ɛdʒ/,邊緣,Be careful not to fall off the edge of the cliff.,小心不要從懸崖邊緣掉下去。,,,,,,,,,,,,(n.),,,,,,,,,,,vEWLwfnBqQY
國中,,,B1,,800-其他名詞-3,education,/͵ɛdʒʊˋkeʃən/,教育,Education is important for personal growth.,教育對個人成長很重要。,,,,,,,,,,,,(n.),,,,,,,,,,,vEWLwfnBqQY
國中,,,B1,,800-其他名詞-3,effort,/ˋɛfɚt/,努力,It took a lot of effort to finish the project.,完成這個項目需要很多努力。,,,,,,,,,,,,(n.),n.複數：efforts,,,,,,,,,,vEWLwfnBqQY
國中,,,B2,,800-其他名詞-3,emotion,/ɪˋmoʃən/,情緒,Her speech evoked strong emotions in the audience.,她的演講激起了觀眾的強烈情緒。,,,,,,,,,,,,(n.),,,,,,,,,,,vEWLwfnBqQY
國中,,,B1,,800-其他名詞-3,enemy,/ˋɛnəmɪ/,敵人,"In war, soldiers fight against their enemies.",在戰爭中，士兵們與敵人作戰。,,,,,,,,,,,,(n.),,,,,,,,,,,vEWLwfnBqQY
國中,,,B1,,800-其他名詞-3,energy,/ˋɛnɚdʒɪ/,精力,He has a lot of energy to complete the task.,他有足夠的精力完成這項任務。,,,,,,,,,,,,(n.),,,,,,,,,,,vEWLwfnBqQY
國中,,,A2,,800-其他名詞-3,engine,/ˋɛndʒən/,引擎,The car’s engine broke down on the highway.,汽車的引擎在高速公路上壞了。,,,,,,,,,,,,(n.),,,,,,,,,,,vEWLwfnBqQY
國中,,,A2,,800-其他名詞-3,entrance,/ˋɛntrəns/,入口,The entrance to the museum is on the left.,博物館的入口在左邊。,,,,,,,,,,,,(n.),,,,,,,,,,,vEWLwfnBqQY
國中,,,B1,,800-其他名詞-3,event,/ɪˋvɛnt/,事件,The wedding was a big event for the family.,婚禮對這個家庭來說是一個大事件。,,,,,,,,,,,,(n.),,,,,,,,,,,vEWLwfnBqQY
國中,,,A2,,800-其他名詞-3,exit,/ˋɛksɪt/,出口,The exit is located at the back of the building.,出口位於建築物的後面。,,,,,,,,,,,,(n.),,,,,,,,,,,vEWLwfnBqQY
國中,,,B1,,800-其他名詞-3,fault,/fɔlt/,缺點,It’s not your fault; don’t worry.,這不是你的錯，別擔心。,,,,,,,,,,,,(n.),,,,,,,,,,,vEWLwfnBqQY
國中,,,B1,,800-其他名詞-4,fear,/fɪr/,害怕,Fear can hold you back from trying new things.,恐懼可能會讓你不敢嘗試新事物。,,,,,,,,,,,,(n.),,,,,,,,,,,q3uIo8F4oSY
國中,,,B1,,800-其他名詞-4,fee,/fi/,費用,There is a small fee for entering the museum.,進入博物館需要支付少量費用。,,,,,,,,,,,,(n.),,,,,,,,,,,q3uIo8F4oSY
國中,,,B1,,800-其他名詞-4,feeling,/ˋfilɪŋ/,感覺,He expressed his feelings through art.,他通過藝術表達了自己的情感。,,,,,,,,,,,,(n.),,,,,,,,,,,q3uIo8F4oSY
國中,,,B1,,800-其他名詞-4,flag,/flæg/,旗幟,The national flag was raised during the ceremony.,在儀式期間升起了國旗。,,,,,,,,,,,,(n.),,,,,,,,,,,q3uIo8F4oSY
國中,,,A2,,800-其他名詞-4,flight,/flaɪt/,飛機航次,Our flight was delayed due to bad weather.,我們的航班因天氣惡劣而延誤。,,,,,,,,,,,,(n.),,,,,,,,,,,q3uIo8F4oSY
國中,,,B2,,800-其他名詞-4,freedom,/ˋfridəm/,自由,Freedom of speech is important in a democracy.,言論自由在民主國家中很重要。,,,,,,,,,,,,(n.),,,,,,,,,,,q3uIo8F4oSY
國中,,,B1,,800-其他名詞-4,friendship,[`frɛn(d)ʃɪp],友情,Their friendship started in school.,他們的友情從學校開始。,,,,,,,,,,,,(n.),,,,,,,,,,,q3uIo8F4oSY
國中,,,C1,,800-其他名詞-4,gesture,/ˋdʒɛstʃɚ/,姿勢，手勢,A simple gesture can express a lot.,一個簡單的手勢可以表達很多意思。,,,,,,,,,,,,(n.),,,,,,,,,,,q3uIo8F4oSY
國中,,,A2,,800-其他名詞-4,goal,/gol/,目標,His goal is to become a doctor.,他的目標是成為一名醫生。,,,,,,,,,,,,(n.),,,,,,,,,,,q3uIo8F4oSY
國中,,,C2,,800-其他名詞-4,goodness,/ˋgʊdnɪs/,善良,Her goodness touched everyone around her.,她的善良感動了身邊的每一個人。,,,,,,,,,,,,(n.),,,,,,,,,,,q3uIo8F4oSY
國中,,,B1,,800-其他名詞-4,government,/ˋgʌvɚnmənt/,政府,The government announced new policies today.,政府今天宣布了新政策。,,,,,,,,,,,,(n.),,,,,,,,,,,q3uIo8F4oSY
國中,,,B1,,800-其他名詞-4,gun,/gʌn/,槍,The police officer carried a gun for protection.,警官帶著一把槍用於防護。,,,,,,,,,,,,(n.),,,,,,,,,,,q3uIo8F4oSY
國中,,,B1,,800-其他名詞-4,haircut,/hɔl/,理髮,I need to get a haircut before the school picture day.,在學校拍團體照之前，我需要去理髮。,,,,,,,,,,,,(n.),,,,,,,,,,,q3uIo8F4oSY
國中,,,B2,,800-其他名詞-4,honesty,/ˋɑnɪstɪ/,誠實,Honesty is the best policy.,誠實是最好的策略。,,,,,,,,,,,,(n.),,,,,,,,,,,q3uIo8F4oSY
國中,,,B1,,800-其他名詞-4,human,/ˋhjumən/,人,Humans are capable of great achievements.,人類有能力取得偉大的成就。,,,,,,,,,,,,(n.),,,,,,,,,,,q3uIo8F4oSY
國中,,,,,800-其他名詞-4,humor,/ˋhjumɚ/,幽默,His sense of humor makes him popular.,他的幽默感使他很受歡迎。,,,,,,,,,,,,(n.),,,,,,,,,,,q3uIo8F4oSY
國中,,,B1,,800-其他名詞-4,hunger,/ˋhʌŋgɚ/,飢餓,Hunger can make people weak.,飢餓會讓人變得虛弱。,,,,,,,,,,,,(n.),,,,,,,,,,,q3uIo8F4oSY
國中,,,B1,,800-其他名詞-4,importance,/ɪmˋpɔrtns/,重要性,The importance of education cannot be overstated.,教育的重要性怎麼強調都不為過。,,,,,,,,,,,,(n.),,,,,,,,,,,q3uIo8F4oSY
國中,,,B2,,800-其他名詞-4,income,/ˋɪn͵kʌm/,收入,His monthly income is enough to cover his expenses.,他的月收入足以支付開銷。,,,,,,,,,,,,(n.),,,,,,,,,,,q3uIo8F4oSY
國中,,,B2,,800-其他名詞-4,influence,/ˋɪnflʊəns/,影響,Her words had a great influence on me.,她的話對我有很大的影響。,,,,,,,,,,,,(n.),,,,,,,,,,,q3uIo8F4oSY
國中,,,A2,,800-其他名詞-5,information,/͵ɪnfɚˋmeʃən/,資訊,You can find more information on the website.,你可以在網站上找到更多資訊。,,,,,,,,,,,,(n.),,,,,,,,,,,OO4mDlAq5II
國中,,,A2,,800-其他名詞-5,invitation,/͵ɪnvəˋteʃən/,邀請,I received an invitation to the wedding.,我收到了一張婚禮邀請函。,,,,,,,,,,,,(n.),,,,,,,,,,,OO4mDlAq5II
國中,,,,,800-其他名詞-5,Japanese,[ˌdʒæpə`niz],日本、日本人、日語,The Japanese are famous for their politeness.,日本人以有禮貌聞名。,,,,,,,,,,,,(n.),,,,,,,,,,,OO4mDlAq5II
國中,,,B2,,800-其他名詞-5,kingdom,/ˋkɪŋdəm/,王國,The lion is known as the king of the animal kingdom.,獅子被稱為動物王國之王。,,,,,,,,,,,,(n.),n.複數：kingdoms,,,,,,,,,,OO4mDlAq5II
國中,,,,,800-其他名詞-5,Korean,/koˋriən/,韓國人；韓語；韓國的,She is learning Korean at school.,她在學校學韓語。,,,,,,,,,,,,(n./adj.),,,,,,,,,,,OO4mDlAq5II
國中,,,B1,,800-其他名詞-5,lack,/læk/,缺乏,Ｍany people suffer from a lack of sleep.,許多人飽受睡眠不足之苦。,,,,,,,,,,,,(n.),,,,,,,,,,,OO4mDlAq5II
國中,,,B1,,800-其他名詞-5,leaf,/lif/,葉子,The tree lost all its leaves in the winter.,樹在冬天掉光了所有的葉子。,,,,,,,,,,,,(n.),,,,,,,,,,,OO4mDlAq5II
國中,,,B2,,800-其他名詞-5,lid,/lɪd/,蓋子,Make sure to close the lid tightly.,確保蓋子蓋緊。,,,,,,,,,,,,(n.),n.複數：lids,,,,,,,,,,OO4mDlAq5II
國中,,,B1,,800-其他名詞-5,link,/lɪŋk/,關聯,There is a strong link between exercise-and-health.,運動與健康之間有著強烈的關聯。,,,,,,,,,,,,(n.),,,,,,,,,,,OO4mDlAq5II
國中,,,,,800-其他名詞-5,locker,/ˋlɑkɚ/,寄物櫃,I put my bag in the locker at the gym.,我把包放在健身房的寄物櫃裡。,,,,,,,,,,,,(n.),,,,,,,,,,,OO4mDlAq5II
國中,,,B2,,800-其他名詞-5,manner,/ˋmænɚ/,態度,His polite manner impressed everyone.,他有禮貌的態度給每個人留下了深刻印象。,,,,,,,,,,,,(n.),,,,,,,,,,,OO4mDlAq5II
國中,,,B2,,800-其他名詞-5,mass,/mæs/,塊,The dough was formed into a large mass.,麵團被揉成一大塊。,,,,,,,,,,,,(n.),,,,,,,,,,,OO4mDlAq5II
國中,,,B1,,800-其他名詞-5,meaning,/ˋminɪŋ/,意思,The meaning of life is a philosophical question.,生命的意義是一個哲學問題。,,,,,,,,,,,,(n.),,,,,,,,,,,OO4mDlAq5II
國中,,,A1,,800-其他名詞-5,message,/ˋmɛsɪdʒ/,信息,I sent him a message earlier.,我早些時候給他發了一條信息。,,,,,,,,,,,,(n.),,,,,,,,,,,OO4mDlAq5II
國中,,,B1,,800-其他名詞-5,metal,/ˋmɛt!/,金屬,The sculpture is made of metal.,這個雕塑是由金屬製成的。,,,,,,,,,,,,(n.),,,,,,,,,,,OO4mDlAq5II
國中,,,B1,,800-其他名詞-5,method,/ˋmɛθəd/,方法,This teaching method is very effective.,這種教學方法非常有效。,,,,,,,,,,,,(n.),,,,,,,,,,,OO4mDlAq5II
國中,,,C2,,800-其他名詞-5,motion,/ˋmoʃən/,動作,The baby fell asleep with a gentle motion.,寶寶在輕柔的動作中睡著了。,,,,,,,,,,,,(n.),,,,,,,,,,,OO4mDlAq5II
國中,,,B2,,800-其他名詞-5,movement,/ˋmuvmənt/,動作,The movement of the dancers was graceful.,舞者的動作優雅。,,,,,,,,,,,,(n.),,,,,,,,,,,OO4mDlAq5II
國中,,,C2,,800-其他名詞-5,nest,/nɛst/,鳥巢,The bird built a nest in the tree.,鳥兒在樹上築了巢。,,,,,,,,,,,,(n.),,,,,,,,,,,OO4mDlAq5II
國中,,,B1,,800-其他名詞-5,object,/ˋɑbdʒɪkt/,物體,The object on the table is a book.,桌子上的物體是一本書。,,,,,,,,,,,,(n.),,,,,,,,,,,OO4mDlAq5II
國中,,,B1,,800-其他名詞-6,operation,[ˏɑpə`reʃən],運轉，操作,The operation of the machine is easy.,這台機器的運轉很簡單。,,,,,,,,,,,,(n.),,,,,,,,,,,oI7Rxoaa5Fg
國中,,,B1,,800-其他名詞-6,opinion,/əˋpɪnjən/,意見,"In my opinion, this is the best option.",在我看來，這是最好的選擇。,,,,,,,,,,,,(n.),n.複數：opinions,,,,,,,,,,oI7Rxoaa5Fg
國中,,,B1,,800-其他名詞-6,pattern,/ˋpætɚn/,模式,The wallpaper has a floral pattern.,這張壁紙有花卉圖案。,,,,,,,,,,,,(n.),,,,,,,,,,,oI7Rxoaa5Fg
國中,,,B1,,800-其他名詞-6,peace,/pis/,和平,Everyone desires peace in the world.,每個人都渴望世界和平。,,,,,,,,,,,,(n.),,,,,,,,,,,oI7Rxoaa5Fg
國中,,,B1,,800-其他名詞-6,period,/ˋpɪrɪəd/,一段時間,The meeting lasted for a long period.,會議持續了很長一段時間。,,,,,,,,,,,,(n.),,,,,,,,,,,oI7Rxoaa5Fg
國中,,,B1,,800-其他名詞-6,pile,/paɪl/,堆,There was a pile of books on the table.,桌子上有一堆書。,,,,,,,,,,,,(n.),,,,,,,,,,,oI7Rxoaa5Fg
國中,,,B2,,800-其他名詞-6,poison,/ˋpɔɪzn/,毒藥,Some mushrooms contain poison.,有些蘑菇含有毒藥。,,,,,,,,,,,,(n.),,,,,,,,,,,oI7Rxoaa5Fg
國中,,,B1,,800-其他名詞-6,pollution,/pəˋluʃən/,汙染,Air pollution is a serious problem in big cities.,空氣污染是大城市的一個嚴重問題。,,,,,,,,,,,,(n.),,,,,,,,,,,oI7Rxoaa5Fg
國中,,,B1,,800-其他名詞-6,population,/͵pɑpjəˋleʃən/,人口,The population of the city is growing rapidly.,這個城市的人口正在迅速增長。,,,,,,,,,,,,(n.),,,,,,,,,,,oI7Rxoaa5Fg
國中,,,B1,,800-其他名詞-6,powder,/ˋpaʊdɚ/,粉末,She sprinkled some powder on her face.,她在臉上撒了一些粉末。,,,,,,,,,,,,(n.),,,,,,,,,,,oI7Rxoaa5Fg
國中,,,B2,,800-其他名詞-6,pressure,/ˋprɛʃɚ/,壓力,She feels a lot of pressure at work.,她在工作中感到很大的壓力。,,,,,,,,,,,,(n.),,,,,,,,,,,oI7Rxoaa5Fg
國中,,,B2,,800-其他名詞-6,production,/prəˋdʌkʃən/,製造,The production of cars has increased this year.,今年汽車的產量增加了。,,,,,,,,,,,,(n.),,,,,,,,,,,oI7Rxoaa5Fg
國中,,,B1,,800-其他名詞-6,progress,/prəˋgrɛs/,進步,She has made great progress in her studies.,她在學業上取得了很大的進步。,,,,,,,,,,,,(n.),,,,,,,,,,,oI7Rxoaa5Fg
國中,,,A2,,800-其他名詞-6,project,/prəˋdʒɛkt/,方案,The team is working on a new project.,團隊正在進行一個新項目。,,,,,,,,,,,,(n.),,,,,,,,,,,oI7Rxoaa5Fg
國中,,,B1,,800-其他名詞-6,purpose,/ˋpɝpəs/,目的,What is the purpose of this meeting?,這次會議的目的是什麼？,,,,,,,,,,,,(n.),,,,,,,,,,,oI7Rxoaa5Fg
國中,,,B1,,800-其他名詞-6,result,/rɪˋzʌlt/,結果,The result of the experiment was surprising.,實驗結果令人驚訝。,,,,,,,,,,,,(n.),,,,,,,,,,,oI7Rxoaa5Fg
國中,,,B1,,800-其他名詞-6,role,/rol/,角色,She played an important role in the project.,她在這個項目中扮演了重要角色。,,,,,,,,,,,,(n.),,,,,,,,,,,oI7Rxoaa5Fg
國中,,,B2,,800-其他名詞-6,safety,/ˋseftɪ/,安全,Safety is the most important thing when driving.,駕駛時最重要的是安全。,,,,,,,,,,,,(n.),n.複數：safeties,,,,,,,,,,oI7Rxoaa5Fg
國中,,,B2,,800-其他名詞-6,sample,/ˋsæmp!/,樣品,Can I try a sample of the cake?,我可以試一下這塊蛋糕的樣品嗎？,,,,,,,,,,,,(n.),,,,,,,,,,,oI7Rxoaa5Fg
國中,,,B1,,800-其他名詞-6,sand,/sænd/,沙,The beach is covered with soft sand.,海灘上覆蓋著柔軟的沙子。,,,,,,,,,,,,(n.),,,,,,,,,,,oI7Rxoaa5Fg
國中,,,B1,,800-其他名詞-7,scene,/sin/,風景,The sunset created a beautiful scene.,日落創造了一幅美麗的景象。,,,,,,,,,,,,(n.),,,,,,,,,,,28VgQNzsaMM
國中,,,B1,,800-其他名詞-7,scenery,/ˋsinərɪ/,景色,The mountain scenery was breathtaking.,山區的景色令人驚嘆。,,,,,,,,,,,,(n.),,,,,,,,,,,28VgQNzsaMM
國中,,,B1,,800-其他名詞-7,secret,/ˋsikrɪt/,祕密,She told me her secret.,她告訴了我她的秘密。,,,,,,,,,,,,(n.),,,,,,,,,,,28VgQNzsaMM
國中,,,B1,,800-其他名詞-7,section,/ˋsɛkʃən/,部分,This section of the book is very interesting.,書的這一章非常有趣。,,,,,,,,,,,,(n.),,,,,,,,,,,28VgQNzsaMM
國中,,,B1,,800-其他名詞-7,sense,/sɛns/,感覺官能,Dogs have a strong sense of smell.,狗有強烈的嗅覺。,,,,,,,,,,,,(n.),,,,,,,,,,,28VgQNzsaMM
國中,,,B1,,800-其他名詞-7,shore,/ʃɔr/,岸,We walked along the shore of the lake.,我們沿著湖岸散步。,,,,,,,,,,,,(n.),,,,,,,,,,,28VgQNzsaMM
國中,,,B1,,800-其他名詞-7,silence,/ˋsaɪləns/,沉默,There was a moment of silence in the room.,房間裡有一陣沉默。,,,,,,,,,,,,(n.),,,,,,,,,,,28VgQNzsaMM
國中,,,B1,,800-其他名詞-7,skill,/ˋskɪl/,技巧,Playing the piano requires great skill.,彈鋼琴需要很高的技巧。,,,,,,,,,,,,(n.),,,,,,,,,,,28VgQNzsaMM
國中,,,B1,,800-其他名詞-7,society,/səˋsaɪətɪ/,社會,Society benefits from education.,教育對社會有益。,,,,,,,,,,,,(n.),,,,,,,,,,,28VgQNzsaMM
國中,,,A2,,800-其他名詞-7,soul,/sol/,靈魂,Music touches the soul.,音樂觸動靈魂。,,,,,,,,,,,,(n.),,,,,,,,,,,28VgQNzsaMM
國中,,,B1,,800-其他名詞-7,speech,/spitʃ/,演講,His speech was well-received by the audience.,他的演講受到觀眾的歡迎。,,,,,,,,,,,,(n.),,,,,,,,,,,28VgQNzsaMM
國中,,,B1,,800-其他名詞-7,speed,/spid/,速度,The car was traveling at high speed.,這輛車以高速行駛。,,,,,,,,,,,,(n.),,,,,,,,,,,28VgQNzsaMM
國中,,,B2,,800-其他名詞-7,spirit,/ˋspɪrɪt/,精神,Team spirit is important in sports.,團隊精神在運動中很重要。,,,,,,,,,,,,(n.),,,,,,,,,,,28VgQNzsaMM
國中,,,B1,,800-其他名詞-7,state,/stet/,狀態,My mother was in a calm and relaxed state of mind after work.,媽媽下班後心情平靜、放鬆。,,,,,,,,,,,,(n.),,,,,,,,,,,28VgQNzsaMM
國中,,,B2,,800-其他名詞-7,steam,/stim/,蒸汽,The steam from the boiling water filled the room.,沸騰的水蒸氣充滿了房間。,,,,,,,,,,,,(n.),,,,,,,,,,,28VgQNzsaMM
國中,,,B1,,800-其他名詞-7,step,/stɛp/,步驟、步伐,The first step is to fill out the form.,第一步是填好表格。,,,,,,,,,,,,(n.),,,,,,,,,,,28VgQNzsaMM
國中,,,B1,,800-其他名詞-7,stone,/ston/,石頭,The child threw a stone into the river.,孩子把一塊石頭扔進河裡。,,,,,,,,,,,,(n.),,,,,,,,,,,28VgQNzsaMM
國中,,,B1,,800-其他名詞-7,style,/staɪl/,風格,Her style of writing is unique.,她的寫作風格獨特。,,,,,,,,,,,,(n.),,,,,,,,,,,28VgQNzsaMM
國中,,,B1,,800-其他名詞-7,success,/səkˋsɛs/,成功,Her success inspired many people.,她的成功激勵了許多人。,,,,,,,,,,,,(n.),n.複數：successes,,,,,,,,,,28VgQNzsaMM
國中,,,B2,,800-其他名詞-7,symbol,/ˋsɪmb!/,象徵,The dove is a symbol of peace.,鴿子是和平的象徵。,,,,,,,,,,,,(n.),,,,,,,,,,,28VgQNzsaMM
國中,,,B1,,800-其他名詞-8,system,/ˋsɪstəm/,系統,The computer system crashed unexpectedly.,電腦系統意外當機了。,,,,,,,,,,,,(n.),,,,,,,,,,,uKwaxpIHhLo
國中,,,,,800-其他名詞-8,Taiwanese,[ˌtaɪwə`niz],台灣、台灣人,I met a Taiwanese on my trip to Japan.,我在日本旅行時遇到一位台灣人。,,,,,,,,,,,,(n.),,,,,,,,,,,uKwaxpIHhLo
國中,,,B1,,800-其他名詞-8,talent,/ˋtælənt/,才能,He has a great talent for music.,他在音樂方面有很高的天賦。,,,,,,,,,,,,(n.),,,,,,,,,,,uKwaxpIHhLo
國中,,,B1,,800-其他名詞-8,tear,/tɛr/,眼淚,A tear rolled down her cheek.,一滴眼淚沿著她的臉頰滑落。,,,,,,,,,,,,(n.),,,,,,,,,,,uKwaxpIHhLo
國中,,,A2,,800-其他名詞-8,term,/tɝm/,任期,The president served two terms in office.,總統連任了兩屆。,,,,,,,,,,,,(n.),,,,,,,,,,,uKwaxpIHhLo
國中,,,B1,,800-其他名詞-8,thief,/θif/,小偷,The thief stole a wallet from the store.,小偷從商店裡偷了一個錢包。,,,,,,,,,,,,(n.),,,,,,,,,,,uKwaxpIHhLo
國中,,,B1,,800-其他名詞-8,thought,/θɔt/,想法,His thought process is very logical.,他的思維過程非常有邏輯。,,,,,,,,,,,,(n.),,,,,,,,,,,uKwaxpIHhLo
國中,,,B1,,800-其他名詞-8,title,/ˋtaɪt!/,標題,What’s the title of this book?,這本書的標題是什麼？,,,,,,,,,,,,(n.),,,,,,,,,,,uKwaxpIHhLo
國中,,,B1,,800-其他名詞-8,tower,/ˋtaʊɚ/,塔,The Eiffel Tower is in Paris.,埃菲爾鐵塔在巴黎。,,,,,,,,,,,,(n.),,,,,,,,,,,uKwaxpIHhLo
國中,,,B1,,800-其他名詞-8,trade,/tred/,貿易,International trade is important for the economy.,國際貿易對經濟很重要。,,,,,,,,,,,,(n.),,,,,,,,,,,uKwaxpIHhLo
國中,,,B2,,800-其他名詞-8,tradition,/trəˋdɪʃən/,傳統,Family traditions are passed down through generations.,家庭傳統代代相傳。,,,,,,,,,,,,(n.),n.複數：traditions,,,,,,,,,,uKwaxpIHhLo
國中,,,B2,,800-其他名詞-8,treasure,/ˋtrɛʒɚ/,寶藏,The pirate buried his treasure on the island.,海盜把他的寶藏埋在島上。,,,,,,,,,,,,(n.),,,,,,,,,,,uKwaxpIHhLo
國中,,,B1,,800-其他名詞-8,truth,/truθ/,事實,Tell me the truth about what happened.,告訴我發生了什麼事的真相。,,,,,,,,,,,,(n.),,,,,,,,,,,uKwaxpIHhLo
國中,,,B1,,800-其他名詞-8,tunnel,/ˋtʌn!/,隧道,The train passed through the tunnel.,火車穿過了隧道。,,,,,,,,,,,,(n.),,,,,,,,,,,uKwaxpIHhLo
國中,,,B1,,800-其他名詞-8,universe,/ˋjunə͵vɝs/,宇宙,The universe is vast-and-mysterious.,宇宙廣闊而神秘。,,,,,,,,,,,,(n.),,,,,,,,,,,uKwaxpIHhLo
國中,,,B1,,800-其他名詞-8,value,/ˋvælju/,價值,The value of this antique is increasing.,這件古董的價值正在增加。,,,,,,,,,,,,(n.),,,,,,,,,,,uKwaxpIHhLo
國中,,,B2,,800-其他名詞-8,victory,/ˋvɪktərɪ/,勝利,The team celebrated their victory.,團隊慶祝了他們的勝利。,,,,,,,,,,,,(n.),,,,,,,,,,,uKwaxpIHhLo
國中,,,A2,,800-其他名詞-8,war,/wɔr/,戰爭,The war caused a lot of destruction.,戰爭造成了很多破壞。,,,,,,,,,,,,(n.),,,,,,,,,,,uKwaxpIHhLo
國中,,,B1,,800-其他名詞-8,wedding,/ˋwɛdɪŋ/,結婚儀式,Their wedding was held in a beautiful garden.,他們的婚禮在一個美麗的花園舉行。,,,,,,,,,,,,(n.),,,,,,,,,,,uKwaxpIHhLo
國中,,,A2,,800-其他名詞-8,wood,/wʊd/,木頭,The table is made of wood.,這張桌子是木頭做的。,,,,,,,,,,,,(n.),,,,,,,,,,,uKwaxpIHhLo
國中,,,A2,,800-其他名詞-9,memory,/ˋmɛmərɪ/,記憶,The trip brought back fond memories.,這次旅行喚起了美好的回憶。,,,,,,,,,,,,(n.),,,,,,,,,,,13f3pAjKDEk
國中,,,C1,,800-其他名詞-9,principle,[ˋprɪnsəpḷ],原則，原理,Honesty is an important principle.,誠實是一個重要的原則。,,,,,,,,,,,,(n.),,,,,,,,,,,13f3pAjKDEk
國中,,,B1,,800-其他名詞-9,net,/nɛt/,網,My cat loves to play with a small fishing net I bought for her toys.,我的貓喜歡玩我為牠的玩具買的小漁網。,,,,,,,,,,,,(n.),,,,,,,,,,,13f3pAjKDEk
國中,,,A2,,800-其他動詞-1,complete,/kəmˋplit/,完成,Please complete your homework before dinner.,請在晚餐前完成你的家庭作業。,,,,,,,,,,,,(v.),,,,,,,,,,,x7uID-G2fZc
國中,,,B1,,800-其他動詞-1,succeed,/səkˋsid/,成功,"If you work hard, you will succeed.",如果你努力工作，你就會成功。,,,,,,,,,,,,(v.),,,,,,,,,,,x7uID-G2fZc
國中,,,B2,,800-其他動詞-1,survive,/sɚˋvaɪv/,生存,Many animals struggle to survive in the wild.,許多動物在野外掙扎求生。,,,,,,,,,,,,(v.),,,,,,,,,,,x7uID-G2fZc
國中,,,B2,,800-其他動詞-1,affect,/əˋfɛkt/,影響,The weather can affect your mood.,天氣會影響你的情緒。,,,,,,,,,,,,(v.),,,,,,,,,,,x7uID-G2fZc
國中,,,B1,,800-其他動詞-1,blame,/blem/,責怪,Don’t blame me for your mistakes.,不要因為你的錯誤而責怪我。,,,,,,,,,,,,(v.),,,,,,,,,,,x7uID-G2fZc
國中,,,A2,,800-其他動詞-1,bother,/ˋbɑðɚ/,使煩惱,Don’t bother me while I’m studying.,我在學習時不要打擾我。,,,,,,,,,,,,(v.),,,,,,,,,,,x7uID-G2fZc
國中,,,B2,,800-其他動詞-1,confuse,/kənˋfjuz/,使迷惑,The instructions confused me.,這些指示讓我感到困惑。,,,,,,,,,,,,(v.),,,,,,,,,,,x7uID-G2fZc
國中,,,B1,,800-其他動詞-1,consider,/kənˋsɪdɚ/,考慮,You should consider all the options.,你應該考慮所有的選擇。,,,,,,,,,,,,(v.),,,,,,,,,,,x7uID-G2fZc
國中,,,B1,,800-其他動詞-1,develop,/dɪˋvɛləp/,發展,The city has developed rapidly over the past decade.,這座城市在過去十年中發展迅速。,,,,,,,,,,,,(v.),,,,,,,,,,,x7uID-G2fZc
國中,,,B1,,800-其他動詞-1,divide,/dəˋvaɪd/,分割,We divided the cake into eight pieces.,我們把蛋糕分成了八塊。,,,,,,,,,,,,(v.),,,,,,,,,,,x7uID-G2fZc
國中,,,B1,,800-其他動詞-1,doubt,/daʊt/,懷疑,I doubt that he will come on time.,我懷疑他會準時來。,,,,,,,,,,,,(v.),,,,,,,,,,,x7uID-G2fZc
國中,,,B2,,800-其他動詞-1,ease,/iz/,放鬆,Take a deep breath to ease your stress.,深呼吸一下，放鬆你的壓力。,,,,,,,,,,,,(v.),,,,,,,,,,,x7uID-G2fZc
國中,,,C2,,800-其他動詞-1,embarrass,/ɪmˋbærəs/,使尷尬,He embarrassed himself by tripping in front of everyone.,他在大家面前絆倒，讓自己很尷尬。,,,,,,,,,,,,(v.),,,,,,,,,,,x7uID-G2fZc
國中,,,B1,,800-其他動詞-1,forgive,/fɚˋgɪv/,原諒,I hope you can forgive me for my mistake.,我希望你能原諒我的錯誤。,,,,,,,,,,,,(v.),,,,,,,,,,,x7uID-G2fZc
國中,,,B2,,800-其他動詞-1,frighten,/ˋfraɪtn/,使害怕,The loud noise frightened the baby.,大聲的噪音嚇到了嬰兒。,,,,,,,,,,,,(v.),,,,,,,,,,,x7uID-G2fZc
國中,,,B2,,800-其他動詞-1,gather,/ˋgæðɚ/,集合,We gathered at the park for a picnic.,我們聚集在公園裡野餐。,,,,,,,,,,,,(v.),,,,,,,,,,,x7uID-G2fZc
國中,,,B1,,800-其他動詞-1,imagine,/ɪˋmædʒɪn/,想像,Imagine yourself on a beautiful beach.,想像自己在一處美麗的海灘上。,,,,,,,,,,,,(v.),,,,,,,,,,,x7uID-G2fZc
國中,,,B2,,800-其他動詞-1,inspire,/ɪnˋspaɪr/,激勵,Her story inspired many people to follow their dreams.,她的故事激勵了許多人追尋夢想。,,,,,,,,,,,,(v.),,,,,,,,,,,x7uID-G2fZc
國中,,,B1,,800-其他動詞-1,realize,/ˋrɪə͵laɪz/,瞭解,I realized that I had forgotten my keys.,我意識到我忘記帶鑰匙了。,,,,,,,,,,,,(v.),,,,,,,,,,,x7uID-G2fZc
國中,,,B1,,800-其他動詞-1,regret,/rɪˋgrɛt/,後悔；遺憾,I regret not studying harder for the exam.,我後悔當初沒有更認真地為考試讀書。,,,,,,,,,,,,(v.),,,,,,,,,,,x7uID-G2fZc
國中,,,B1,,800-其他動詞-2,remind,/rɪˋmaɪnd/,提醒,She reminded me to bring my umbrella.,她提醒我要帶傘。,,,,,,,,,,,,(v.),,,,,,,,,,,r_E3tkZVWKA
國中,,,,,800-其他動詞-2,bless,[blɛs],祝福,The priest will bless the new building tomorrow.,神父明天將祝福新建築。,,,,,,,,,,,,(vt.),,,,,,,,,,,r_E3tkZVWKA
國中,,,,,800-其他動詞-2,bathe,/beð/,沐浴,The baby needs to be bathed.,嬰兒需要洗澡。,,,,,,,,,,,,(v.),,,,,,,,,,,r_E3tkZVWKA
國中,,,B1,,800-其他動詞-2,beat,/bit/,拍打,The rain beat against the window.,雨點拍打著窗戶。,,,,,,,,,,,,(v.),,,,,,,,,,,r_E3tkZVWKA
國中,,,B2,,800-其他動詞-2,chase,/tʃes/,追趕,The dog chased the cat around the yard.,狗在院子裡追趕貓。,,,,,,,,,,,,(v.),,,,,,,,,,,r_E3tkZVWKA
國中,,,B1,,800-其他動詞-2,control,/kənˋtrol/,控制,You need to control your emotions.,你需要控制你的情緒。,,,,,,,,,,,,(v.),,,,,,,,,,,r_E3tkZVWKA
國中,,,B1,,800-其他動詞-2,comment,/ˋkɑmɛnt/,評論；發表意見,The teacher commented on my essay.,老師對我的作文發表了評論。,,,,,,,,,,,,(v.),,,,,,,,,,,r_E3tkZVWKA
國中,,,B1,,800-其他動詞-2,dial,/ˋdaɪəl/,撥電話,She dialed the number-and-waited for someone to answer.,她撥了號碼並等待有人接聽。,,,,,,,,,,,,(v.),,,,,,,,,,,r_E3tkZVWKA
國中,,,B1,,800-其他動詞-2,deliver,/dɪˋlɪvɚ/,投遞,The mailman delivered the package this morning.,郵差今天早上送來了包裹。,,,,,,,,,,,,(v.),,,,,,,,,,,r_E3tkZVWKA
國中,,,B2,,800-其他動詞-2,elect,/ɪˋlɛkt/,選出,They elected a new president last year.,他們去年選出了新總統。,,,,,,,,,,,,(v.),,,,,,,,,,,r_E3tkZVWKA
國中,,,B1,,800-其他動詞-2,exist,/ɪgˋzɪst/,存在,Dinosaurs no longer exist today.,恐龍今天已不復存在。,,,,,,,,,,,,(v.),,,,,,,,,,,r_E3tkZVWKA
國中,,,B1,,800-其他動詞-2,greet,/grit/,問候,She greeted her friend with a warm hug.,她用熱情的擁抱向朋友問好。,,,,,,,,,,,,(v.),,,,,,,,,,,r_E3tkZVWKA
國中,,,A2,,800-其他動詞-2,guide,/gaɪd/,引導,The tour guide showed us around the city.,導遊帶我們參觀了城市。,,,,,,,,,,,,(v.),,,,,,,,,,,r_E3tkZVWKA
國中,,,C1,,800-其他動詞-2,hop,/hɑp/,單腳跳；跳躍,The rabbit hopped across the garden.,兔子跳過花園。,,,,,,,,,,,,(v.),,,,,,,,,,,r_E3tkZVWKA
國中,,,B2,,800-其他動詞-2,lay,/le/,放置,Please lay the book on the table.,請把書放在桌子上。,,,,,,,,,,,,(v.),,,,,,,,,,,r_E3tkZVWKA
國中,,,B2,,800-其他動詞-2,lick,/lɪk/,舔,The dog licked my hand.,狗舔了我的手。,,,,,,,,,,,,(v.),,,,,,,,,,,r_E3tkZVWKA
國中,,,A2,,800-其他動詞-2,lift,/lɪft/,抬起,He lifted the box onto the shelf.,他把箱子抬上了架子。,,,,,,,,,,,,(v.),,,,,,,,,,,r_E3tkZVWKA
國中,,,B1,,800-其他動詞-2,lock,/lɑk/,鎖上,Remember to lock the door when you leave.,當你離開時記得鎖門。,,,,,,,,,,,,(v.),,,,,,,,,,,r_E3tkZVWKA
國中,,,A2,,800-其他動詞-2,mix,/mɪks/,混合,Mix the flour-and-water together.,把麵粉和水混合在一起。,,,,,,,,,,,,(v.),,,,,,,,,,,r_E3tkZVWKA
國中,,,B2,,800-其他動詞-2,nod,/nɑd/,點頭,She nodded in agreement.,她點頭表示同意。,,,,,,,,,,,,(v.),,,,,,,,,,,r_E3tkZVWKA
國中,,,A2,,800-其他動詞-3,offer,/ˋɔfɚ/,提出,She offered to help me with my homework.,她主動提出要幫我做作業。,,,,,,,,,,,,(v.),,,,,,,,,,,_O1VQ_DANG8
國中,,,B1,,800-其他動詞-3,pause,/pɔz/,停頓,There was a brief pause before he continued speaking.,在他繼續講話之前有一個短暫的停頓。,,,,,,,,,,,,(n.),,,,,,,,,,,_O1VQ_DANG8
國中,,,A2,,800-其他動詞-3,print,/prɪnt/,印刷,"They printed 1,000 copies of the book.","他們印刷了1,000本這本書。",,,,,,,,,,,,(v.),,,,,,,,,,,_O1VQ_DANG8
國中,,,B1,,800-其他動詞-3,pump,/pʌmp/,打氣；抽水,He pumped air into the bicycle tire.,他為自行車輪胎打氣。,,,,,,,,,,,,(v.),,,,,,,,,,,_O1VQ_DANG8
國中,,,B1,,800-其他動詞-3,produce,/prəˋdjus/,製造,Farmers produce crops to feed the population.,農民生產作物來養活人口。,,,,,,,,,,,,(v.),,,,,,,,,,,_O1VQ_DANG8
國中,,,B1,,800-其他動詞-3,protect,/prəˋtɛkt/,保護,We should protect the environment.,我們應該保護環境。,,,,,,,,,,,,(v.),v.過去式：protected；過去分詞：protected；現在分詞：protecting,,,,,,,,,,_O1VQ_DANG8
國中,,,B1,,800-其他動詞-3,recycle,/riˋsaɪk!/,回收,We should recycle paper to save trees.,我們應該回收紙張以保護樹木。,,,,,,,,,,,,(v.),v.過去式：recycled；過去分詞：recycled；現在分詞：recycling,,,,,,,,,,_O1VQ_DANG8
國中,,,B1,,800-其他動詞-3,revise,/rɪˋvaɪz/,改變,They revised the plan to make it more efficient.,他們修改了計劃以使其更有效率。,,,,,,,,,,,,(v.),,,,,,,,,,,_O1VQ_DANG8
國中,,,B2,,800-其他動詞-3,rub,/rʌb/,摩擦,He rubbed his hands together to warm them up.,他搓了搓雙手以取暖。,,,,,,,,,,,,(v.),,,,,,,,,,,_O1VQ_DANG8
國中,,,B2,,800-其他動詞-3,rush,/rʌʃ/,衝進,He rushed into the room to grab his bag.,他衝進房間拿他的包。,,,,,,,,,,,,(v.),,,,,,,,,,,_O1VQ_DANG8
國中,,,B1,,800-其他動詞-3,rob,/rɑb/,搶劫,The bank was robbed last night.,銀行昨晚被搶劫了。,,,,,,,,,,,,(v.),,,,,,,,,,,_O1VQ_DANG8
國中,,,B1,,800-其他動詞-3,shoot,/ʃut/,射擊,He likes to shoot hoops in his free time.,他喜歡在空閒時間投籃。,,,,,,,,,,,,(v.),,,,,,,,,,,_O1VQ_DANG8
國中,,,A2,,800-其他動詞-3,shut,/ʃʌt/,關閉,Please shut the door behind you.,請關上你身後的門。,,,,,,,,,,,,(v.),,,,,,,,,,,_O1VQ_DANG8
國中,,,A2,,800-其他動詞-3,steal,/stil/,偷竊,It’s wrong to steal from others.,偷別人的東西是不對的。,,,,,,,,,,,,(v.),v.過去式：stole；過去分詞：stolen；現在分詞：stealing,,,,,,,,,,_O1VQ_DANG8
國中,,,B1,,800-其他動詞-3,strike,/straɪk/,打擊；撞擊,The ball struck the window and broke it.,球擊中了窗戶並打破了它。,,,,,,,,,,,,(v.),,,,,,,,,,,_O1VQ_DANG8
國中,,,B2,,800-其他動詞-3,trace,/tres/,追蹤；描繪,The police traced the suspect's movements.,警方追蹤了嫌疑人的行蹤。,,,,,,,,,,,,(v.),,,,,,,,,,,_O1VQ_DANG8
國中,,,B2,,800-其他動詞-3,trap,/træp/,設陷阱；困住,The mouse was trapped in the cage.,老鼠被困在籠子裡。,,,,,,,,,,,,(v.),,,,,,,,,,,_O1VQ_DANG8
國中,,,B1,,800-其他動詞-3,vote,/vot/,投票,Everyone should vote in the election.,每個人都應該在選舉中投票。,,,,,,,,,,,,(v.),,,,,,,,,,,_O1VQ_DANG8
國中,,,B1,,800-其他動詞-3,hug,/hʌg/,擁抱,She hugs her dog every morning.,她每天早上擁抱她的狗。,,,,,,,,,,,,(v.),,,,,,,,,,,_O1VQ_DANG8
國中,,,B2,,800-其他動詞-3,yell,[jɛl],大吼，喊叫,"Don’t yell at me, please!",請不要對我大吼！,,,,,,,,,,,,(vi./vt.),,,,,,,,,,,_O1VQ_DANG8
國中,,,B1,,800-其他動詞-4,accept,/əkˋsɛpt/,接受,I can't accept your gift.,我不能接受你的禮物。,,,,,,,,,,,,(v.),,,,,,,,,,,inZ5_rclrhA
國中,,,A2,,800-其他動詞-4,add,/æd/,增加,Please add some sugar to the tea.,請在茶裡加一些糖。,,,,,,,,,,,,(v.),,,,,,,,,,,inZ5_rclrhA
國中,,,B1,,800-其他動詞-4,admire,/ədˋmaɪr/,欽佩,I admire her for her courage.,我欽佩她的勇氣。,,,,,,,,,,,,(v.),,,,,,,,,,,inZ5_rclrhA
國中,,,B1,,800-其他動詞-4,advise,/ədˋvaɪz/,勸告,I advise you to study harder.,我勸你更努力學習。,,,,,,,,,,,,(v.),,,,,,,,,,,inZ5_rclrhA
國中,,,B1,,800-其他動詞-4,apologize,/əˋpɑlə͵dʒaɪz/,道歉,I apologize for being late.,我為遲到道歉。,,,,,,,,,,,,(v.),,,,,,,,,,,inZ5_rclrhA
國中,,,B2,,800-其他動詞-4,appreciate,/əˋpriʃɪ͵et/,欣賞,I really appreciate your help.,我非常感謝你的幫助。,,,,,,,,,,,,(v.),,,,,,,,,,,inZ5_rclrhA
國中,,,B1,,800-其他動詞-4,argue,/ˋɑrgjʊ/,爭論,They often argue about politics.,他們經常就政治問題爭論。,,,,,,,,,,,,(v.),,,,,,,,,,,inZ5_rclrhA
國中,,,B1,,800-其他動詞-4,arrange,/əˋrendʒ/,安排,I will arrange everything for the trip.,我會為這次旅行安排好一切。,,,,,,,,,,,,(v.),,,,,,,,,,,inZ5_rclrhA
國中,,,B2,,800-其他動詞-4,assume,/əˋsjum/,假設,Let’s assume that it will rain tomorrow.,讓我們假設明天會下雨。,,,,,,,,,,,,(v.),,,,,,,,,,,inZ5_rclrhA
國中,,,B1,,800-其他動詞-4,avoid,/əˋvɔɪd/,避免,You should avoid eating too much sugar.,你應該避免吃太多糖。,,,,,,,,,,,,(v.),,,,,,,,,,,inZ5_rclrhA
國中,,,B2,,800-其他動詞-4,broadcast,/ˋbrɔd͵kæst/,廣播,The news will be broadcast live tonight.,新聞將於今晚現場直播。,,,,,,,,,,,,(v.),,,,,,,,,,,inZ5_rclrhA
國中,,,B2,,800-其他動詞-4,burst,/bɝst/,爆裂,The balloon burst when it hit the ground.,氣球掉到地上時爆裂了。,,,,,,,,,,,,(v.),,,,,,,,,,,inZ5_rclrhA
國中,,,B1,,800-其他動詞-4,calm,/kɑm/,使平靜,She tried to calm the crying baby.,她試圖讓哭泣的嬰兒平靜下來。,,,,,,,,,,,,(v.),,,,,,,,,,,inZ5_rclrhA
國中,,,B1,,800-其他動詞-4,cancel,/ˋkæns!/,取消,They had to cancel the meeting due to bad weather.,因為天氣不好，他們不得不取消會議。,,,,,,,,,,,,(v.),,,,,,,,,,,inZ5_rclrhA
國中,,,B1,,800-其他動詞-4,compare,/kəmˋpɛr/,比較,You can compare the two products before buying.,在購買之前，你可以比較這兩種產品。,,,,,,,,,,,,(v.),,,,,,,,,,,inZ5_rclrhA
國中,,,B1,,800-其他動詞-4,complain,/kəmˋplen/,抱怨,He complained about the bad service.,他抱怨服務不好。,,,,,,,,,,,,(v.),,,,,,,,,,,inZ5_rclrhA
國中,,,B2,,800-其他動詞-4,concern,/kənˋsɝn/,關心；涉及,This issue concerns all of us.,這個問題關係到我們所有人。,,,,,,,,,,,,(v.),,,,,,,,,,,inZ5_rclrhA
國中,,,B1,,800-其他動詞-4,continue,/kənˋtɪnjʊ/,使繼續,Let’s continue the discussion tomorrow.,讓我們明天繼續討論。,,,,,,,,,,,,(v.),,,,,,,,,,,inZ5_rclrhA
國中,,,B1,,800-其他動詞-4,create,/krɪˋet/,創造,The artist created a beautiful painting.,藝術家創作了一幅美麗的畫作。,,,,,,,,,,,,(v.),v.過去式：created；過去分詞：created；現在分詞：creating,,,,,,,,,,inZ5_rclrhA
國中,,,B1,,800-其他動詞-5,decrease,/ˋdikris/,減少,The population of the town has decreased.,這個城鎮的人口已經減少。,,,,,,,,,,,,(v.),,,,,,,,,,,yISNnUQSeH4
國中,,,B1,,800-其他動詞-5,depend,/dɪˋpɛnd/,依賴,You can depend on me to help you.,你可以依靠我來幫助你。,,,,,,,,,,,,(v.),,,,,,,,,,,yISNnUQSeH4
國中,,,A2,,800-其他動詞-5,describe,/dɪˋskraɪb/,描述,Can you describe what happened?,你能描述一下發生了什麼嗎？,,,,,,,,,,,,(v.),,,,,,,,,,,yISNnUQSeH4
國中,,,C1,,800-其他動詞-5,detect,/dɪˋtɛkt/,查出,The detective detected the thief’s footprints.,偵探查出了小偷的腳印。,,,,,,,,,,,,(v.),,,,,,,,,,,yISNnUQSeH4
國中,,,B1,,800-其他動詞-5,direct,/dəˋrɛkt/,指導；指揮,The teacher directed the students to their seats.,老師指引學生們到他們的座位。,,,,,,,,,,,,(v.),,,,,,,,,,,yISNnUQSeH4
國中,,,B1,,800-其他動詞-5,disappear,/͵dɪsəˋpɪr/,消失,The sun disappeared behind the clouds.,太陽消失在雲層後面。,,,,,,,,,,,,(v.),,,,,,,,,,,yISNnUQSeH4
國中,,,B1,,800-其他動詞-5,discover,/dɪsˋkʌvɚ/,發現,Columbus discovered America in 1492.,哥倫布於1492年發現了美洲。,,,,,,,,,,,,(v.),,,,,,,,,,,yISNnUQSeH4
國中,,,A2,,800-其他動詞-5,discuss,/dɪˋskʌs/,討論,We discussed the problem for hours.,我們花了數小時討論這個問題。,,,,,,,,,,,,(v.),,,,,,,,,,,yISNnUQSeH4
國中,,,B2,,800-其他動詞-5,emphasize,/ˋɛmfə͵saɪz/,強調,The teacher emphasized the importance of studying.,老師強調了學習的重要性。,,,,,,,,,,,,(v.),,,,,,,,,,,yISNnUQSeH4
國中,,,B2,,800-其他動詞-5,envy,/ˋɛnvɪ/,忌妒,He envies his friend’s success.,他嫉妒他朋友的成功。,,,,,,,,,,,,(v.),,,,,,,,,,,yISNnUQSeH4
國中,,,,,800-其他動詞-5,excite,/ɪkˋsaɪt/,使…興奮,The news excited everyone in the room.,這消息讓房間裡的每個人都感到興奮。,,,,,,,,,,,,(v.),,,,,,,,,,,yISNnUQSeH4
國中,,,B2,,800-其他動詞-5,express,/ɪkˋsprɛs/,表達,She expressed her gratitude to everyone.,她向所有人表達了感謝。,,,,,,,,,,,,(v.),,,,,,,,,,,yISNnUQSeH4
國中,,,A2,,800-其他動詞-5,fit,/fɪt/,適合,These shoes fit perfectly.,這些鞋子非常合腳。,,,,,,,,,,,,(v.),,,,,,,,,,,yISNnUQSeH4
國中,,,C1,,800-其他動詞-5,focus,/ˋfokəs/,集中（注意力）,Please focus on your work.,請專注於你的工作。,,,,,,,,,,,,(v.),,,,,,,,,,,yISNnUQSeH4
國中,,,A2,,800-其他動詞-5,form,/form/,形成,The clouds formed a beautiful pattern in the sky.,雲朵在天空中形成了美麗的圖案。,,,,,,,,,,,,(v.),,,,,,,,,,,yISNnUQSeH4
國中,,,B1,,800-其他動詞-5,gain,/gen/,獲得,She gained a lot of knowledge from the course.,她從這門課程中獲得了許多知識。,,,,,,,,,,,,(v.),,,,,,,,,,,yISNnUQSeH4
國中,,,B1,,800-其他動詞-5,handle,/ˋhænd!/,處理,She handled the situation with care.,她謹慎地處理了這個情況。,,,,,,,,,,,,(v.),,,,,,,,,,,yISNnUQSeH4
國中,,,A2,,800-其他動詞-5,include,/ɪnˋklud/,包括,The package includes a free gift.,這個包裹包括一份免費禮物。,,,,,,,,,,,,(v.),,,,,,,,,,,yISNnUQSeH4
國中,,,B2,,800-其他動詞-5,ignore,/ɪgˋnor/,忽視,Don’t ignore your responsibilities.,不要忽視你的責任。,,,,,,,,,,,,(v.),,,,,,,,,,,yISNnUQSeH4
國中,,,B1,,800-其他動詞-5,increase,/ɪnˋkris/,增加,The population of the city has increased rapidly.,這座城市的人口迅速增加。,,,,,,,,,,,,(v.),,,,,,,,,,,yISNnUQSeH4
國中,,,B2,,800-其他動詞-6,indicate,/ˋɪndə͵ket/,指示,The sign indicates that the road is closed.,標誌顯示道路封閉。,,,,,,,,,,,,(v.),,,,,,,,,,,9rySpOx0EuE
國中,,,B1,,800-其他動詞-6,insist,/ɪnˋsɪst/,堅持,He insisted on going to the party.,他堅持要去參加派對。,,,,,,,,,,,,(v.),,,,,,,,,,,9rySpOx0EuE
國中,,,B1,,800-其他動詞-6,interrupt,/͵ɪntəˋrʌpt/,打擾,Please don’t interrupt me while I’m working.,我工作時請不要打擾我。,,,,,,,,,,,,(v.),,,,,,,,,,,9rySpOx0EuE
國中,,,B1,,800-其他動詞-6,introduce,/͵ɪntrəˋdjus/,介紹,Let me introduce you to my friend.,讓我把你介紹給我的朋友。,,,,,,,,,,,,(v.),,,,,,,,,,,9rySpOx0EuE
國中,,,B1,,800-其他動詞-6,invent,/ɪnˋvɛnt/,發明,Thomas Edison invented the light bulb.,愛迪生發明了電燈泡。,,,,,,,,,,,,(v.),,,,,,,,,,,9rySpOx0EuE
國中,,,B1,,800-其他動詞-6,judge,/dʒʌdʒ/,判斷,You shouldn’t judge people by their appearance.,不應該以貌取人。,,,,,,,,,,,,(v.),,,,,,,,,,,9rySpOx0EuE
國中,,,B1,,800-其他動詞-6,limit,/ˋlɪmɪt/,限制,We need to limit our spending this month.,我們這個月需要限制開支。,,,,,,,,,,,,(v.),,,,,,,,,,,9rySpOx0EuE
國中,,,A2,,800-其他動詞-6,match,/mætʃ/,配對；相稱,This shirt matches your pants perfectly.,這件襯衫和你的褲子非常相配。,,,,,,,,,,,,(v.),,,,,,,,,,,9rySpOx0EuE
國中,,,B2,,800-其他動詞-6,obey,/əˋbe/,聽從,Children should obey their parents.,孩子們應該聽從父母的話。,,,,,,,,,,,,(v.),,,,,,,,,,,9rySpOx0EuE
國中,,,C1,,800-其他動詞-6,omit,/oˋmɪt/,省略,You can omit the details if they’re not important.,如果細節不重要，你可以省略它們。,,,,,,,,,,,,(v.),,,,,,,,,,,9rySpOx0EuE
國中,,,A2,,800-其他動詞-6,pardon,/ˋpɑrdn/,原諒；赦免,Please pardon me for being late.,請原諒我遲到了。,,,,,,,,,,,,(v.),,,,,,,,,,,9rySpOx0EuE
國中,,,B2,,800-其他動詞-6,pollute,/pəˋlut/,汙染,Factories pollute the air with smoke.,工廠排放煙霧汙染空氣。,,,,,,,,,,,,(v.),,,,,,,,,,,9rySpOx0EuE
國中,,,B2,,800-其他動詞-6,praise,/prez/,讚美；稱讚,The teacher praised the student for his excellent work.,老師稱讚學生出色的表現。,,,,,,,,,,,,(v.),,,,,,,,,,,9rySpOx0EuE
國中,,,B1,,800-其他動詞-6,promise,/ˋprɑmɪs/,承諾；答應,I promise to help you with your homework.,我答應幫你做家庭作業。,,,,,,,,,,,,(v.),,,,,,,,,,,9rySpOx0EuE
國中,,,B1,,800-其他動詞-6,provide,/prəˋvaɪd/,提供,The school provides free lunch for students.,學校為學生提供免費午餐。,,,,,,,,,,,,(v.),,,,,,,,,,,9rySpOx0EuE
國中,,,B1,,800-其他動詞-6,quit,/kwɪt/,停止,He decided to quit smoking for his health.,為了健康，他決定戒菸。,,,,,,,,,,,,(v.),,,,,,,,,,,9rySpOx0EuE
國中,,,A2,,800-其他動詞-6,receive,/rɪˋsiv/,收到,I received a letter from my friend yesterday.,我昨天收到了朋友的信。,,,,,,,,,,,,(v.),,,,,,,,,,,9rySpOx0EuE
國中,,,B1,,800-其他動詞-6,refuse,/rɪˋfjuz/,拒絕,He refused to answer the question.,他拒絕回答這個問題。,,,,,,,,,,,,(v.),,,,,,,,,,,9rySpOx0EuE
國中,,,B2,,800-其他動詞-6,reject,/rɪˋdʒɛkt/,拒絕,The company rejected his application.,公司拒絕了他的申請。,,,,,,,,,,,,(v.),,,,,,,,,,,9rySpOx0EuE
國中,,,A2,,800-其他動詞-6,rent,/rɛnt/,租借,We rented a car for our vacation.,我們租了一輛車度假。,,,,,,,,,,,,(v.),,,,,,,,,,,9rySpOx0EuE
國中,,,B1,,800-其他動詞-7,respect,/rɪˋspɛkt/,尊重；尊敬,We should respect our elders.,我們應該尊重長輩。,,,,,,,,,,,,(v.),,,,,,,,,,,HDlb1naW6mU
國中,,,A2,,800-其他動詞-7,return,/rɪˋtɝn/,歸來,He will return home tomorrow.,他明天會回家。,,,,,,,,,,,,(v.),,,,,,,,,,,HDlb1naW6mU
國中,,,B1,,800-其他動詞-7,ruin,/ˋrʊɪn/,毀壞,The storm ruined the crops.,暴風雨毀壞了莊稼。,,,,,,,,,,,,(v.),,,,,,,,,,,HDlb1naW6mU
國中,,,B1,,800-其他動詞-7,solve,/sɑlv/,解決,They worked together to solve the problem.,他們一起合作解決問題。,,,,,,,,,,,,(v.),,,,,,,,,,,HDlb1naW6mU
國中,,,B2,,800-其他動詞-7,satisfy,/ˋsætɪs͵faɪ/,滿意,The meal satisfied my hunger.,這頓飯滿足了我的飢餓感。,,,,,,,,,,,,(v.),,,,,,,,,,,HDlb1naW6mU
國中,,,B1,,800-其他動詞-7,search,/sɝtʃ/,搜索,They searched the house for the missing keys.,他們搜查了房子以尋找丟失的鑰匙。,,,,,,,,,,,,(v.),,,,,,,,,,,HDlb1naW6mU
國中,,,B1,,800-其他動詞-7,seem,/sim/,似乎,It seems like it might rain later.,似乎待會可能會下雨。,,,,,,,,,,,,(v.),,,,,,,,,,,HDlb1naW6mU
國中,,,B1,,800-其他動詞-7,select,/səˋlɛkt/,挑選,She selected a red dress for the party.,她為派對挑選了一件紅色的裙子。,,,,,,,,,,,,(v.),,,,,,,,,,,HDlb1naW6mU
國中,,,A2,,800-其他動詞-7,serve,/sɝv/,服務,The waiter served us dinner quickly.,服務員很快為我們上了晚餐。,,,,,,,,,,,,(v.),,,,,,,,,,,HDlb1naW6mU
國中,,,B1,,800-其他動詞-7,suggest,/səˋdʒɛst/,建議,I suggest we leave early to avoid traffic.,我建議我們早點出發以避免交通擁堵。,,,,,,,,,,,,(v.),,,,,,,,,,,HDlb1naW6mU
國中,,,B1,,800-其他動詞-7,support,/səˋport/,支持,I support your decision to study abroad.,我支持你出國留學的決定。,,,,,,,,,,,,(v.),,,,,,,,,,,HDlb1naW6mU
國中,,,B1,,800-其他動詞-7,trust,/trʌst/,相信,You can trust me; I won’t tell anyone.,你可以相信我，我不會告訴任何人。,,,,,,,,,,,,(v.),,,,,,,,,,,HDlb1naW6mU
國中,,,B1,,800-其他動詞-7,waste,/west/,浪費,Don’t waste food; it’s precious.,不要浪費食物，它很珍貴。,,,,,,,,,,,,(v.),,,,,,,,,,,HDlb1naW6mU
國中,,,B1,,800-其他形容詞-1,absent,/ˋæbsnt/,缺席的,John was absent from the meeting yesterday.,約翰昨天缺席了會議。,,,,,,,,,,,,(adj.),,,,,,,,,,,zSA0SD8ln6Q
國中,,,B1,,800-其他形容詞-1,alike,/əˋlaɪk/,相似的；相像的,The two sisters look very alike.,這兩姐妹看起來非常相像。,,,,,,,,,,,,(adj.),,,,,,,,,,,zSA0SD8ln6Q
國中,,,B1,,800-其他形容詞-1,alive,/əˋlaɪv/,活的,Is the fish still alive?,這條魚還活著嗎？,,,,,,,,,,,,(adj.),,,,,,,,,,,zSA0SD8ln6Q
國中,,,A2,,800-其他形容詞-1,alone,/əˋlon/,單獨的；獨自的,She lives alone in a small apartment.,她獨自住在一間小公寓裡。,,,,,,,,,,,,(adj.),,,,,,,,,,,zSA0SD8ln6Q
國中,,,B1,,800-其他形容詞-1,ancient,/ˋenʃənt/,古代的,The ancient ruins are fascinating.,這些古代遺跡令人著迷。,,,,,,,,,,,,(adj.),,,,,,,,,,,zSA0SD8ln6Q
國中,,,B1,,800-其他形容詞-1,asleep,/əˋslip/,睡著的,The baby fell asleep quickly.,嬰兒很快就睡著了。,,,,,,,,,,,,(adj.),,,,,,,,,,,zSA0SD8ln6Q
國中,,,A2,,800-其他形容詞-1,available,/əˋveləb!/,可獲得的,Tickets are available at the box office.,票可以在售票處買到。,,,,,,,,,,,,(adj.),,,,,,,,,,,zSA0SD8ln6Q
國中,,,B1,,800-其他形容詞-1,basic,/ˋbesɪk/,基礎的,These are the basic rules of the game.,這些是遊戲的基本規則。,,,,,,,,,,,,(adj.),,,,,,,,,,,zSA0SD8ln6Q
國中,,,B1,,800-其他形容詞-1,broad,/brɔd/,寬闊的,The river is very broad at this point.,這條河在這裡非常寬闊。,,,,,,,,,,,,(adj.),,,,,,,,,,,zSA0SD8ln6Q
國中,,,C2,,800-其他形容詞-1,classical,/ˋklæsɪk!/,古典的(音樂/文學等),My grandmother loves listening to classical music on the radio.,我奶奶喜歡在收音機裡聽古典音樂。,,,,,,,,,,,,(adj.),,,,,,,,,,,zSA0SD8ln6Q
國中,,,,,800-其他形容詞-1,colorful,/ˋkʌlɚfəl/,多采多姿的,The garden is full of colorful flowers.,花園裡充滿了五彩繽紛的花朵。,,,,,,,,,,,,(adj.),,,,,,,,,,,zSA0SD8ln6Q
國中,,,A2,,800-其他形容詞-1,complete,/kəmˋplit/,完整的,The project is now complete.,這個項目現在已經完成了。,,,,,,,,,,,,(adj.),,,,,,,,,,,zSA0SD8ln6Q
國中,,,A2,,800-其他形容詞-1,crowded,[`kraʊdɪd],擠滿的；擁擠的,"The crowded market, bustling with vendors, offered a vibrant cultural experience.",擁擠的市場，攤販熙攘，提供了充滿活力的文化體驗。,QbsJsWvk35g,,,,,,,,,,,(adj.),,,,,,,,,,,zSA0SD8ln6Q
國中,,,A2,,800-其他形容詞-1,double,/ˋdʌb!/,雙倍的；雙重的,I ordered a double cheese burger.,我點了一個雙層起司漢堡。,,,,,,,,,,,,(adj.),,,,,,,,,,,zSA0SD8ln6Q
國中,,,A2,,800-其他形容詞-1,electric,/ɪˋlɛktrɪk/,電的,The electric fan keeps the room cool.,電風扇讓房間保持涼爽。,,,,,,,,,,,,(adj.),,,,,,,,,,,zSA0SD8ln6Q
國中,,,B1,,800-其他形容詞-1,equal,/ˋikwəl/,相等的,All people are equal under the law.,法律面前人人平等。,,,,,,,,,,,,(adj.),,,,,,,,,,,zSA0SD8ln6Q
國中,,,B1,,800-其他形容詞-1,fancy,/ˋfænsɪ/,精緻的；花俏的,She wore a fancy dress to the party.,她穿著一件華麗的洋裝去參加派對。,,,,,,,,,,,,(adj.),,,,,,,,,,,zSA0SD8ln6Q
國中,,,A2,,800-其他形容詞-1,fantastic,/fænˋtæstɪk/,極好的,The movie was absolutely fantastic!,這部電影簡直棒極了！,,,,,,,,,,,,(adj.),,,,,,,,,,,zSA0SD8ln6Q
國中,,,A2,,800-其他形容詞-1,fair,/fɛr/,公平的,It’s important to be fair to everyone.,對每個人公平是很重要的。,,,,,,,,,,,,(adj.),,,,,,,,,,,zSA0SD8ln6Q
國中,,,B1,,800-其他形容詞-1,fashionable,/ˋfæʃənəb!/,時髦的；流行的,That style of clothes became fashionable again last year.,那種款式的衣服去年又重新流行起來了。,,,,,,,,,,,,(adj.),,,,,,,,,,,zSA0SD8ln6Q
國中,,,B2,,800-其他形容詞-2,formal,/ˋfɔrm!/,正式的,We need to dress formally for the event.,我們需要為這次活動穿正式服裝。,,,,,,,,,,,,(adj.),,,,,,,,,,,64RsUsFgTdk
國中,,,B1,,800-其他形容詞-2,former,/ˋfɔrmɚ/,前者的,"Of the two options, I prefer the former.",在兩個選項中，我更喜歡前者。,,,,,,,,,,,,(adj.),,,,,,,,,,,64RsUsFgTdk
國中,,,B1,,800-其他形容詞-2,general,/ˋdʒɛnərəl/,一般的,This is a general rule that applies to everyone.,這是一條適用於所有人的普遍規則。,,,,,,,,,,,,(adj.),,,,,,,,,,,64RsUsFgTdk
國中,,,,,800-其他形容詞-2,homesick,/ˋhom͵sɪk/,想家的；思鄉的,"After two weeks abroad, she started to feel really homesick.",在國外待了兩週後，她開始感到非常想家。,,,,,,,,,,,,(adj.),,,,,,,,,,,64RsUsFgTdk
國中,,,A2,,800-其他形容詞-2,horrible,/ˋhɔrəb!/,恐怖的,The movie was horrible-and-scary.,這部電影既恐怖又嚇人。,,,,,,,,,,,,(adj.),,,,,,,,,,,64RsUsFgTdk
國中,,,B1,,800-其他形容詞-2,impossible,/ɪmˋpɑsəb!/,不可能的,It’s impossible to finish the task in one day.,在一天內完成這項任務是不可能的。,,,,,,,,,,,,(adj.),,,,,,,,,,,64RsUsFgTdk
國中,,,B1,,800-其他形容詞-2,independent,/͵ɪndɪˋpɛndənt/,獨立的,She is an independent woman who supports herself.,她是一個自力更生的獨立女性。,,,,,,,,,,,,(adj.),,,,,,,,,,,64RsUsFgTdk
國中,,,B2,,800-其他形容詞-2,instant,/ˋɪnstənt/,立即的,Instant coffee is very convenient.,即溶咖啡非常方便。,,,,,,,,,,,,(adj.),,,,,,,,,,,64RsUsFgTdk
國中,,,A2,,800-其他形容詞-2,latest,/ˋletɪst/,最新的,Have you heard about the latest news?,你聽說過最新的消息嗎？,,,,,,,,,,,,(adj.),,,,,,,,,,,64RsUsFgTdk
國中,,,B2,,800-其他形容詞-2,latter,/lɔ/,後者的；後面的,"Between chocolate-and-vanilla, I prefer the latter.",在巧克力和香草之間，我偏愛後者。,,,,,,,,,,,,(adj.),,,,,,,,,,,64RsUsFgTdk
國中,,,B1,,800-其他形容詞-2,likely,/ˋlaɪklɪ/,可能的,It is likely to rain tomorrow.,明天很可能會下雨。,,,,,,,,,,,,(adj.),,,,,,,,,,,64RsUsFgTdk
國中,,,B2,,800-其他形容詞-2,major,/ˋmedʒɚ/,主要的,The major issue needs to be addressed immediately.,主要問題需要立即解決。,,,,,,,,,,,,(adj.),,,,,,,,,,,64RsUsFgTdk
國中,,,B1,,800-其他形容詞-2,marvelous,/ˋmɑrvələs/,非凡的,The view from the mountain top was absolutely marvelous.,山頂的景色絕對非凡。,,,,,,,,,,,,(adj.),,,,,,,,,,,64RsUsFgTdk
國中,,,B2,,800-其他形容詞-2,minor,/ˋmaɪnɚ/,次要的,It was only a minor issue-and-easy to fix.,這只是一個小問題，很容易解決。,,,,,,,,,,,,(adj.),,,,,,,,,,,64RsUsFgTdk
國中,,,B1,,800-其他形容詞-2,necessary,/ˋnɛsə͵sɛrɪ/,必要的,It’s necessary to drink water every day.,每天喝水是必要的。,,,,,,,,,,,,(adj.),,,,,,,,,,,64RsUsFgTdk
國中,,,A2,,800-其他形容詞-2,negative,/ˋnɛgətɪv/,負面的,His negative attitude affected the team’s morale.,他的負面態度影響了團隊的士氣。,,,,,,,,,,,,(adj.),,,,,,,,,,,64RsUsFgTdk
國中,,,B1,,800-其他形容詞-2,ordinary,/ˋɔrdn͵ɛrɪ/,普通的,This is an ordinary day; nothing special happened.,這是普通的一天，沒有什麼特別的事發生。,,,,,,,,,,,,(adj.),,,,,,,,,,,64RsUsFgTdk
國中,,,B2,,800-其他形容詞-2,overseas,/ˋovɚˋsiz/,海外的；國外的,He has many overseas clients.,他有許多海外客戶。,,,,,,,,,,,,(adj.),,,,,,,,,,,64RsUsFgTdk
國中,,,B1,,800-其他形容詞-2,peaceful,/ˋpisfəl/,和平的,The countryside is very peaceful.,鄉村非常平靜。,,,,,,,,,,,,(adj.),,,,,,,,,,,64RsUsFgTdk
國中,,,A2,,800-其他形容詞-2,perfect,/ˋpɝfɪkt/,完美的,The weather was perfect for a picnic.,天氣非常適合野餐。,,,,,,,,,,,,(adj.),,,,,,,,,,,64RsUsFgTdk
國中,,,B1,,800-其他形容詞-3,personal,/ˋpɝsn!/,個人的,This is my personal opinion.,這是我的個人意見。,,,,,,,,,,,,(adj.),,,,,,,,,,,wRX-TQY517A
國中,,,A2,,800-其他形容詞-3,pleasant,/ˋplɛzənt/,舒適的,The weather was pleasant today.,今天的天氣很舒適。,,,,,,,,,,,,(adj.),,,,,,,,,,,wRX-TQY517A
國中,,,B1,,800-其他形容詞-3,positive,/ˋpɑzətɪv/,肯定的,She has a positive attitude towards life.,她對生活持積極態度。,,,,,,,,,,,,(adj.),,,,,,,,,,,wRX-TQY517A
國中,,,B2,,800-其他形容詞-3,precious,/ˋprɛʃəs/,珍貴的,This necklace is very precious to her.,這條項鍊對她來說非常珍貴。,,,,,,,,,,,,(adj.),,,,,,,,,,,wRX-TQY517A
國中,,,B1,,800-其他形容詞-3,primary,/ˋpraɪ͵mɛrɪ/,主要的,Primary education is important for children.,初等教育對孩子們很重要。,,,,,,,,,,,,(adj.),,,,,,,,,,,wRX-TQY517A
國中,,,B1,,800-其他形容詞-3,private,/ˋpraɪvɪt/,私人的,This is a private conversation.,這是私人談話。,,,,,,,,,,,,(adj.),,,,,,,,,,,wRX-TQY517A
國中,,,B1,,800-其他形容詞-3,rare,/rɛr/,稀少的,This species of bird is very rare.,這種鳥類非常稀少。,,,,,,,,,,,,(adj.),,,,,,,,,,,wRX-TQY517A
國中,,,A2,,800-其他形容詞-3,regular,/ˋrɛgjəlɚ/,規律的,He exercises on a regular basis.,他定期鍛煉身體。,,,,,,,,,,,,(adj.),,,,,,,,,,,wRX-TQY517A
國中,,,B1,,800-其他形容詞-3,responsible,/rɪˋspɑnsəb!/,有責任的,He is responsible for managing the team.,他負責管理團隊。,,,,,,,,,,,,(adj.),,,,,,,,,,,wRX-TQY517A
國中,,,B1,,800-其他形容詞-3,secondary,/ˋsikrɪt/,次要的；中等的,"While education is important, good health should never be considered secondary.",雖然教育很重要，但健康的身體絕不應被視為次要的。,,,,,,,,,,,,(adj.),,,,,,,,,,,wRX-TQY517A
國中,,,B1,,800-其他形容詞-3,silent,/ˋsaɪlənt/,沉默的,She remained silent during the meeting.,她在會議期間保持沉默。,,,,,,,,,,,,(adj.),,,,,,,,,,,wRX-TQY517A
國中,,,B1,,800-其他形容詞-3,similar,/ˋsɪməlɚ/,相似的,These two pictures are very similar.,這兩張照片非常相似。,,,,,,,,,,,,(adj.),,,,,,,,,,,wRX-TQY517A
國中,,,A2,,800-其他形容詞-3,single,/ˋsɪŋg!/,單一的,She is still single-and-looking for love.,她仍然單身並在尋找愛情。,,,,,,,,,,,,(adj.),,,,,,,,,,,wRX-TQY517A
國中,,,,,800-其他形容詞-3,skillful,/ˋskɪlfəl/,熟練的,She is a skillful painter.,她是一位熟練的畫家。,,,,,,,,,,,,(adj.),,,,,,,,,,,wRX-TQY517A
國中,,,B1,,800-其他形容詞-3,sleepy,/ˋslipɪ/,想睡的,I feel sleepy after lunch.,午餐後我感到昏昏欲睡。,,,,,,,,,,,,(adj.),,,,,,,,,,,wRX-TQY517A
國中,,,A2,,800-其他形容詞-3,such,/sʌtʃ/,如此的,Such a beautiful day!,多麼美好的一天啊！,,,,,,,,,,,,det.,,,,,,,,,,,wRX-TQY517A
國中,,,B2,,800-其他形容詞-3,sudden,/ˋsʌdn/,突然的,There was a sudden change in the weather.,天氣突然改變了。,,,,,,,,,,,,(adj.),,,,,,,,,,,wRX-TQY517A
國中,,,,,800-其他形容詞-3,super,/ˋsupɚ/,極好的,This movie is super entertaining.,這部電影極其有趣。,,,,,,,,,,,,(adj.),,,,,,,,,,,wRX-TQY517A
國中,,,B1,,800-其他形容詞-3,terrific,/təˋrɪfɪk/,很棒的,The movie was absolutely terrific!,這部電影真是太棒了！,,,,,,,,,,,,(adj.),,,,,,,,,,,wRX-TQY517A
國中,,,B1,,800-其他形容詞-3,traditional,/trəˋdɪʃən!/,傳統的,We celebrated the festival in a traditional way.,我們以傳統方式慶祝了這個節日。,,,,,,,,,,,,(adj.),,,,,,,,,,,wRX-TQY517A
國中,,,B2,,800-其他形容詞-4,unique,/juˋnik/,獨一無二的,Each snowflake is unique.,每片雪花都是獨一無二的。,,,,,,,,,,,,(adj.),,,,,,,,,,,hrJBiRj3P6Y
國中,,,A2,,800-其他形容詞-4,usual,/ˋjuʒʊəl/,通常的,It’s usual for him to be late.,他遲到是常事。,,,,,,,,,,,,(adj.),,,,,,,,,,,hrJBiRj3P6Y
國中,,,B1,,800-其他形容詞-4,valuable,/ˋvæljʊəb!/,有價值的,This painting is very valuable.,這幅畫非常有價值。,,,,,,,,,,,,(adj.),,,,,,,,,,,hrJBiRj3P6Y
國中,,,B1,,800-其他形容詞-4,social,/ˋsoʃəl/,社會的,Social media has changed the way we communicate.,社交媒體改變了我們的溝通方式。,,,,,,,,,,,,(adj.),,,,,,,,,,,hrJBiRj3P6Y
國中,,,A2,,800-其他形容詞-4,whole,/hol/,全體的,The whole family came to the reunion.,全家人參加了團聚。,,,,,,,,,,,,(adj.),,,,,,,,,,,hrJBiRj3P6Y
國中,,,A2,,800-其他形容詞-4,wild,/waɪld/,野生的,Lions are wild animals.,獅子是野生動物。,,,,,,,,,,,,(adj.),,,,,,,,,,,hrJBiRj3P6Y
國中,,,B1,,800-其他形容詞-4,certain,/ˋsɝtən/,確實的,I am certain that he will come.,我確定他會來。,,,,,,,,,,,,(adj.),,,,,,,,,,,hrJBiRj3P6Y
國中,,,B1,,800-其他副詞,altogether,/͵ɔltəˋgɛðɚ/,總共,There are altogether ten people in the room.,房間裡總共有十個人。,,,,,,,,,,,,(adv.),,,,,,,,,,,x_0STXukjYY
國中,,,A2,,800-其他副詞,especially,/əˋspɛʃəlɪ/,特別地,"I love fruits, especially apples.",我喜歡水果，特別是蘋果。,,,,,,,,,,,,(adv.),,,,,,,,,,,x_0STXukjYY
國中,,,B1,,800-其他副詞,hardly,/ˋhɑrdlɪ/,幾乎不,I hardly have any time to relax.,我幾乎沒有時間放鬆。,,,,,,,,,,,,(adv.),,,,,,,,,,,x_0STXukjYY
國中,,,A2,,800-其他副詞,nearly,/ˋnɪrlɪ/,幾乎,I’ve nearly finished reading the book.,我幾乎已經讀完這本書了。,,,,,,,,,,,,(adv.),,,,,,,,,,,x_0STXukjYY
國中,,,B1,,800-其他副詞,rather,/ˋræðɚ/,稍微,I would rather stay at home than go out.,我寧願待在家裡也不願外出。,,,,,,,,,,,,(adv.),,,,,,,,,,,x_0STXukjYY
國中,,,B1,,800-其他副詞,aloud,/əˋlaʊd/,大聲地,"Read the poem aloud, please.",請大聲朗讀這首詩。,,,,,,,,,,,,(adv.),,,,,,,,,,,x_0STXukjYY
國中,,,A2,,800-其他副詞,everywhere,/ˋɛvrɪ͵hwɛr/,到處；各處,I looked everywhere for my keys.,我到處找我的鑰匙。,,,,,,,,,,,,(adv.),,,,,,,,,,,x_0STXukjYY
國中,,,A2,,800-其他副詞,anywhere,/ˋɛnɪ͵hwɛr/,任何地方,You can sit anywhere you like.,你可以坐在任何你想坐的地方。,,,,,,,,,,,,(adv.),,,,,,,,,,,x_0STXukjYY
國中,,,B2,,800-其他副詞,neither,/ˋniðɚ/,既不…也不,Neither of us wanted to go out in the rain.,我們兩個都不想冒雨外出。,,,,,,,,,,,,(adv.),,,,,,,,,,,x_0STXukjYY
國中,,,B2,,800-其他副詞,nor,/nɔr/,也不,"She doesn’t like coffee, nor does she like tea.",她不喜歡咖啡，也不喜歡茶。,,,,,,,,,,,,(adv.),,,,,,,,,,,x_0STXukjYY
